[
  {
    "client_msg_id": "21657984-93e6-4fd4-ac03-22a16a257c31",
    "type": "message",
    "text": "<@UDUMMY> Siyuan Chen is referring to the way, e.g., the `fmap` function is specialized for different instances of a type-class. When you use it, you effectively ask the compiler to find the “right” instance of `fmap` —this translates to an implicit dictionary of the member of the type-class being threaded through, so that you have access to the right functions.",
    "user": "U01GH44F3GC",
    "ts": "1616072728.083300",
    "team": "T06V8J4SU",
    "user_team": "T06V8J4SU",
    "source_team": "T06V8J4SU",
    "user_profile": {
      "avatar_hash": "fa06fa2baaf2",
      "image_72": "https:////avatars.slack-edge.com//2020-12-07//1540536372007_fa06fa2baaf25c93bf33_72.jpg",
      "first_name": "D.",
      "real_name": "D. Ben Knoble",
      "display_name": "benknoble",
      "team": "T06V8J4SU",
      "name": "ben.knoble",
      "is_restricted": false,
      "is_ultra_restricted": false
    },
    "blocks": [
      {
        "type": "rich_text",
        "block_id": "ufjx",
        "elements": [
          {
            "type": "rich_text_section",
            "elements": [
              {
                "type": "user",
                "user_id": "UDUMMY"
              },
              {
                "type": "text",
                "text": " Siyuan Chen is referring to the way, e.g., the "
              },
              {
                "type": "text",
                "text": "fmap",
                "style": {
                  "code": true
                }
              },
              {
                "type": "text",
                "text": " function is specialized for different instances of a type-class. When you use it, you effectively ask the compiler to find the “right” instance of "
              },
              {
                "type": "text",
                "text": "fmap",
                "style": {
                  "code": true
                }
              },
              {
                "type": "text",
                "text": " —this translates to an implicit dictionary of the member of the type-class being threaded through, so that you have access to the right functions."
              }
            ]
          }
        ]
      }
    ],
    "thread_ts": "1615905654.003000",
    "parent_user_id": "UDUMMY"
  }
]
