[
  {
    "client_msg_id": "8f205bc2-4b37-4812-9a1f-3082b82bf6f9",
    "type": "message",
    "text": "Hello racketeers, rosette question here: I’m hoping to include a short example demonstrating rosette’s automatic proving in a report. I’ve contrasted Coq’s interactivity with Dafny’s auto-active reasoning through the following proofs:\n\n• `forall P: Prop, P -&gt; P` and `In 5 [1;2;3;4;5]` in Coq\n• the above, plus the primality of 0,1,2, and 6 in Dafny\nCan anyone suggest a short Rosette program that proves the above (preferably entirely automatically)? If not, are there similarly short examples that I could include for Rosette that demonstrate how automatic it is?\n\n(Disclaimer: I’ve never written a rosette program.)",
    "user": "U01GH44F3GC",
    "ts": "1618333141.476200",
    "team": "T06V8J4SU",
    "user_team": "T06V8J4SU",
    "source_team": "T06V8J4SU",
    "user_profile": {
      "avatar_hash": "fa06fa2baaf2",
      "image_72": "https://avatars.slack-edge.com/2020-12-07/1540536372007_fa06fa2baaf25c93bf33_72.jpg",
      "first_name": "D.",
      "real_name": "D. Ben Knoble",
      "display_name": "benknoble",
      "team": "T06V8J4SU",
      "name": "ben.knoble",
      "is_restricted": false,
      "is_ultra_restricted": false
    },
    "blocks": [
      {
        "type": "rich_text",
        "block_id": "cJBb",
        "elements": [
          {
            "type": "rich_text_section",
            "elements": [
              {
                "type": "text",
                "text": "Hello racketeers, rosette question here: I’m hoping to include a short example demonstrating rosette’s automatic proving in a report. I’ve contrasted Coq’s interactivity with Dafny’s auto-active reasoning through the following proofs:\n\n"
              }
            ]
          },
          {
            "type": "rich_text_list",
            "elements": [
              {
                "type": "rich_text_section",
                "elements": [
                  {
                    "type": "text",
                    "text": "forall P: Prop, P -> P",
                    "style": {
                      "code": true
                    }
                  },
                  {
                    "type": "text",
                    "text": " and "
                  },
                  {
                    "type": "text",
                    "text": "In 5 [1;2;3;4;5]",
                    "style": {
                      "code": true
                    }
                  },
                  {
                    "type": "text",
                    "text": " in Coq"
                  }
                ]
              },
              {
                "type": "rich_text_section",
                "elements": [
                  {
                    "type": "text",
                    "text": "the above, plus the primality of 0,1,2, and 6 in Dafny"
                  }
                ]
              }
            ],
            "style": "bullet",
            "indent": 0
          },
          {
            "type": "rich_text_section",
            "elements": [
              {
                "type": "text",
                "text": "\nCan anyone suggest a short Rosette program that proves the above (preferably entirely automatically)? If not, are there similarly short examples that I could include for Rosette that demonstrate how automatic it is?\n\n(Disclaimer: I’ve never written a rosette program.)"
              }
            ]
          }
        ]
      }
    ]
  },
  {
    "client_msg_id": "01509BE3-1D23-46A5-A759-8B8C7CB56FB4",
    "type": "message",
    "text": "Yah, I’ll still add them, but thanks!",
    "user": "U01GH44F3GC",
    "ts": "1618333632.479300",
    "team": "T06V8J4SU",
    "user_team": "T06V8J4SU",
    "source_team": "T06V8J4SU",
    "user_profile": {
      "avatar_hash": "fa06fa2baaf2",
      "image_72": "https://avatars.slack-edge.com/2020-12-07/1540536372007_fa06fa2baaf25c93bf33_72.jpg",
      "first_name": "D.",
      "real_name": "D. Ben Knoble",
      "display_name": "benknoble",
      "team": "T06V8J4SU",
      "name": "ben.knoble",
      "is_restricted": false,
      "is_ultra_restricted": false
    },
    "blocks": [
      {
        "type": "rich_text",
        "block_id": "+/R",
        "elements": [
          {
            "type": "rich_text_section",
            "elements": [
              {
                "type": "text",
                "text": "Yah, I’ll still add them, but thanks!"
              }
            ]
          }
        ]
      }
    ]
  },
  {
    "client_msg_id": "ab40165c-2c11-4e2c-adae-ff94ed027d38",
    "type": "message",
    "text": "Silly question, but is that program supposed to give `(unsat)`  when I run it? I couldn’t find a clear explanation of what that means as an ouput.",
    "user": "U01GH44F3GC",
    "ts": "1618337332.480200",
    "team": "T06V8J4SU",
    "user_team": "T06V8J4SU",
    "source_team": "T06V8J4SU",
    "user_profile": {
      "avatar_hash": "fa06fa2baaf2",
      "image_72": "https://avatars.slack-edge.com/2020-12-07/1540536372007_fa06fa2baaf25c93bf33_72.jpg",
      "first_name": "D.",
      "real_name": "D. Ben Knoble",
      "display_name": "benknoble",
      "team": "T06V8J4SU",
      "name": "ben.knoble",
      "is_restricted": false,
      "is_ultra_restricted": false
    },
    "blocks": [
      {
        "type": "rich_text",
        "block_id": "OSi4",
        "elements": [
          {
            "type": "rich_text_section",
            "elements": [
              {
                "type": "text",
                "text": "Silly question, but is that program supposed to give "
              },
              {
                "type": "text",
                "text": "(unsat)",
                "style": {
                  "code": true
                }
              },
              {
                "type": "text",
                "text": "  when I run it? I couldn’t find a clear explanation of what that means as an ouput."
              }
            ]
          }
        ]
      }
    ]
  }
]
