[
  {
    "client_msg_id": "4b277633-c39e-4df9-a6a1-60fc903e1451",
    "type": "message",
    "text": "I’ve just made the repo to support a slack-archive site public: <https:////github.com//benknoble//racket-slack-archive>\nYou can find the archive at <https:////benknoble.github.io//racket-slack-archive//>\n\nThere’s a lot of work to do to improve it; anyone with jekyll or slack data experience is especially welcome!",
    "user": "U01GH44F3GC",
    "ts": "1620324502.373400",
    "team": "T06V8J4SU",
    "user_team": "T06V8J4SU",
    "source_team": "T06V8J4SU",
    "user_profile": {
      "avatar_hash": "fa06fa2baaf2",
      "image_72": "https:////avatars.slack-edge.com//2020-12-07//1540536372007_fa06fa2baaf25c93bf33_72.jpg",
      "first_name": "D.",
      "real_name": "D. Ben Knoble",
      "display_name": "benknoble",
      "team": "T06V8J4SU",
      "name": "ben.knoble",
      "is_restricted": false,
      "is_ultra_restricted": false
    },
    "attachments": [
      {
        "title": "Racket Slack archive",
        "title_link": "https:////benknoble.github.io//racket-slack-archive//",
        "text": "An archive of the Racket Slack community",
        "fallback": "Racket Slack archive",
        "from_url": "https:////benknoble.github.io//racket-slack-archive//",
        "service_icon": "https:////benknoble.github.io//favicon.ico",
        "service_name": "benknoble.github.io",
        "id": 1,
        "original_url": "https:////benknoble.github.io//racket-slack-archive//"
      },
      {
        "fallback": "benknoble//racket-slack-archive",
        "title": "benknoble//racket-slack-archive",
        "id": 2,
        "color": "24292f",
        "fields": [
          {
            "title": "Language",
            "value": "SCSS",
            "short": true
          },
          {
            "title": "Last updated",
            "value": "a minute ago",
            "short": true
          }
        ],
        "bot_id": "B01UDUMMY",
        "app_unfurl_url": "https:////github.com//benknoble//racket-slack-archive",
        "is_app_unfurl": true
      }
    ],
    "blocks": [
      {
        "type": "rich_text",
        "block_id": "GrXfD",
        "elements": [
          {
            "type": "rich_text_section",
            "elements": [
              {
                "type": "text",
                "text": "I’ve just made the repo to support a slack-archive site public: "
              },
              {
                "type": "link",
                "url": "https:////github.com//benknoble//racket-slack-archive"
              },
              {
                "type": "text",
                "text": "\nYou can find the archive at "
              },
              {
                "type": "link",
                "url": "https:////benknoble.github.io//racket-slack-archive//"
              },
              {
                "type": "text",
                "text": "\n\nThere’s a lot of work to do to improve it; anyone with jekyll or slack data experience is especially welcome!"
              }
            ]
          }
        ]
      }
    ],
    "thread_ts": "1620324502.373400",
    "reply_count": 4,
    "reply_users_count": 2,
    "latest_reply": "1620324758.375700",
    "reply_users": [
      "UDUMMY",
      "U01GH44F3GC"
    ],
    "replies": [
      {
        "user": "UDUMMY",
        "ts": "1620324619.373700"
      },
      {
        "user": "UDUMMY",
        "ts": "1620324685.374000"
      },
      {
        "user": "UDUMMY",
        "ts": "1620324692.374200"
      },
      {
        "user": "U01GH44F3GC",
        "ts": "1620324758.375700"
      }
    ],
    "is_locked": false,
    "subscribed": false,
    "reactions": [
      {
        "name": "tada",
        "users": [
          "UDUMMY",
          "UDUMMY",
          "UDUMMY",
          "UDUMMY",
          "UDUMMY",
          "UDUMMY"
        ],
        "count": 6
      }
    ]
  },
  {
    "client_msg_id": "B6204DD3-6E53-4E58-B8B5-88CAEFFD0183",
    "type": "message",
    "text": "Yeah, the “pages” are, well, long... I’d be open to breaking them down by year or month or day, but I don’t have the knowledge to do that just yet",
    "user": "U01GH44F3GC",
    "ts": "1620324758.375700",
    "team": "T06V8J4SU",
    "user_team": "T06V8J4SU",
    "source_team": "T06V8J4SU",
    "user_profile": {
      "avatar_hash": "fa06fa2baaf2",
      "image_72": "https:////avatars.slack-edge.com//2020-12-07//1540536372007_fa06fa2baaf25c93bf33_72.jpg",
      "first_name": "D.",
      "real_name": "D. Ben Knoble",
      "display_name": "benknoble",
      "team": "T06V8J4SU",
      "name": "ben.knoble",
      "is_restricted": false,
      "is_ultra_restricted": false
    },
    "blocks": [
      {
        "type": "rich_text",
        "block_id": "KGrR1",
        "elements": [
          {
            "type": "rich_text_section",
            "elements": [
              {
                "type": "text",
                "text": "Yeah, the “pages” are, well, long... I’d be open to breaking them down by year or month or day, but I don’t have the knowledge to do that just yet"
              }
            ]
          }
        ]
      }
    ],
    "thread_ts": "1620324502.373400",
    "parent_user_id": "U01GH44F3GC"
  }
]
