[
  {
    "client_msg_id": "D8623187-AD97-401C-8FE9-2410F8E3F85D",
    "type": "message",
    "text": "Could be nice to zip your original data instead, so you have `((x0 y0) (x1 y1) …)`",
    "user": "U01GH44F3GC",
    "ts": "1621383339.046800",
    "team": "T06V8J4SU",
    "user_team": "T06V8J4SU",
    "source_team": "T06V8J4SU",
    "user_profile": {
      "avatar_hash": "fa06fa2baaf2",
      "image_72": "https://avatars.slack-edge.com/2020-12-07/1540536372007_fa06fa2baaf25c93bf33_72.jpg",
      "first_name": "D.",
      "real_name": "D. Ben Knoble",
      "display_name": "benknoble",
      "team": "T06V8J4SU",
      "name": "ben.knoble",
      "is_restricted": false,
      "is_ultra_restricted": false
    },
    "blocks": [
      {
        "type": "rich_text",
        "block_id": "ua6M",
        "elements": [
          {
            "type": "rich_text_section",
            "elements": [
              {
                "type": "text",
                "text": "Could be nice to zip your original data instead, so you have "
              },
              {
                "type": "text",
                "text": "((x0 y0) (x1 y1) …)",
                "style": {
                  "code": true
                }
              }
            ]
          }
        ]
      }
    ],
    "thread_ts": "1621372552.025400",
    "parent_user_id": "UDUMMY"
  }
]
