[
  {
    "client_msg_id": "b5caab1e-95b1-412d-8aa0-79e710827773",
    "type": "message",
    "text": "There’s some timeout stuff in the sandbox module, IIRC",
    "user": "U01GH44F3GC",
    "ts": "1617666915.271200",
    "team": "T06V8J4SU",
    "user_team": "T06V8J4SU",
    "source_team": "T06V8J4SU",
    "user_profile": {
      "avatar_hash": "fa06fa2baaf2",
      "image_72": "https:////avatars.slack-edge.com//2020-12-07//1540536372007_fa06fa2baaf25c93bf33_72.jpg",
      "first_name": "D.",
      "real_name": "D. Ben Knoble",
      "display_name": "benknoble",
      "team": "T06V8J4SU",
      "name": "ben.knoble",
      "is_restricted": false,
      "is_ultra_restricted": false
    },
    "blocks": [
      {
        "type": "rich_text",
        "block_id": "iL6",
        "elements": [
          {
            "type": "rich_text_section",
            "elements": [
              {
                "type": "text",
                "text": "There’s some timeout stuff in the sandbox module, IIRC"
              }
            ]
          }
        ]
      }
    ]
  }
]
