[
  {
    "client_msg_id": "975DE4C0-7CC9-4832-A8D7-283F556C8A39",
    "type": "message",
    "text": "Browsing the Pollen docs, and they mention that there are a few restrictions on the code in templates. I cannot find documentation anywhere on what those restrictions are: does anyone know of such docs\/what are the restrictions?",
    "user": "U01GH44F3GC",
    "ts": "1620578571.434700",
    "team": "T06V8J4SU",
    "user_team": "T06V8J4SU",
    "source_team": "T06V8J4SU",
    "user_profile": {
      "avatar_hash": "fa06fa2baaf2",
      "image_72": "https:\/\/avatars.slack-edge.com\/2020-12-07\/1540536372007_fa06fa2baaf25c93bf33_72.jpg",
      "first_name": "D.",
      "real_name": "D. Ben Knoble",
      "display_name": "benknoble",
      "team": "T06V8J4SU",
      "name": "ben.knoble",
      "is_restricted": false,
      "is_ultra_restricted": false
    },
    "blocks": [
      {
        "type": "rich_text",
        "block_id": "+dh",
        "elements": [
          {
            "type": "rich_text_section",
            "elements": [
              {
                "type": "text",
                "text": "Browsing the Pollen docs, and they mention that there are a few restrictions on the code in templates. I cannot find documentation anywhere on what those restrictions are: does anyone know of such docs\/what are the restrictions?"
              }
            ]
          }
        ]
      }
    ],
    "thread_ts": "1620578571.434700",
    "reply_count": 4,
    "reply_users_count": 3,
    "latest_reply": "1620586558.438000",
    "reply_users": [
      "UDUMMY",
      "U01GH44F3GC",
      "UDUMMY"
    ],
    "replies": [
      {
        "user": "UDUMMY",
        "ts": "1620580372.434800"
      },
      {
        "user": "U01GH44F3GC",
        "ts": "1620583892.435500"
      },
      {
        "user": "U01GH44F3GC",
        "ts": "1620584011.436000"
      },
      {
        "user": "UDUMMY",
        "ts": "1620586558.438000"
      }
    ],
    "is_locked": false,
    "subscribed": false
  },
  {
    "client_msg_id": "091A2C18-5F82-41AE-B63B-248C7D26F64D",
    "type": "message",
    "text": "That explains what tags are, but doesnt explain the template restrictions. ",
    "user": "U01GH44F3GC",
    "ts": "1620583892.435500",
    "team": "T06V8J4SU",
    "user_team": "T06V8J4SU",
    "source_team": "T06V8J4SU",
    "user_profile": {
      "avatar_hash": "fa06fa2baaf2",
      "image_72": "https:\/\/avatars.slack-edge.com\/2020-12-07\/1540536372007_fa06fa2baaf25c93bf33_72.jpg",
      "first_name": "D.",
      "real_name": "D. Ben Knoble",
      "display_name": "benknoble",
      "team": "T06V8J4SU",
      "name": "ben.knoble",
      "is_restricted": false,
      "is_ultra_restricted": false
    },
    "blocks": [
      {
        "type": "rich_text",
        "block_id": "8I=",
        "elements": [
          {
            "type": "rich_text_section",
            "elements": [
              {
                "type": "text",
                "text": "That explains what tags are, but doesnt explain the template restrictions. "
              }
            ]
          }
        ]
      }
    ],
    "thread_ts": "1620578571.434700",
    "parent_user_id": "U01GH44F3GC"
  },
  {
    "client_msg_id": "5812C846-45D8-4DF1-8E90-E5BCE9C4B3A5",
    "type": "message",
    "text": "From 6.4: \n&gt; “So a template is also a Pollen source file?” Not quite. More accurately, it’s a fragment of Pollen source that is completed by adding the X-expression that comes out of one of your source files. Because of this, there are a few extra limitations on the code you can put in a template, though with easy workarounds.\n&gt; ",
    "user": "U01GH44F3GC",
    "ts": "1620584011.436000",
    "team": "T06V8J4SU",
    "user_team": "T06V8J4SU",
    "source_team": "T06V8J4SU",
    "user_profile": {
      "avatar_hash": "fa06fa2baaf2",
      "image_72": "https:\/\/avatars.slack-edge.com\/2020-12-07\/1540536372007_fa06fa2baaf25c93bf33_72.jpg",
      "first_name": "D.",
      "real_name": "D. Ben Knoble",
      "display_name": "benknoble",
      "team": "T06V8J4SU",
      "name": "ben.knoble",
      "is_restricted": false,
      "is_ultra_restricted": false
    },
    "blocks": [
      {
        "type": "rich_text",
        "block_id": "07GeD",
        "elements": [
          {
            "type": "rich_text_section",
            "elements": [
              {
                "type": "text",
                "text": "From 6.4: \n"
              }
            ]
          },
          {
            "type": "rich_text_quote",
            "elements": [
              {
                "type": "text",
                "text": "“So a template is also a Pollen source file?” Not quite. More accurately, it’s a fragment of Pollen source that is completed by adding the X-expression that comes out of one of your source files. Because of this, there are a few extra limitations on the code you can put in a template, though with easy workarounds.\n"
              }
            ]
          }
        ]
      }
    ],
    "thread_ts": "1620578571.434700",
    "parent_user_id": "U01GH44F3GC"
  }
]
