[
  {
    "client_msg_id": "68a7d951-c172-43c4-9487-0a0047f269b6",
    "type": "message",
    "text": "I prefer `(hash-update! node-ranks depth (curry cons node-id) '())`, but notjack is correct^",
    "user": "U01GH44F3GC",
    "ts": "1619991809.310600",
    "team": "T06V8J4SU",
    "user_team": "T06V8J4SU",
    "source_team": "T06V8J4SU",
    "user_profile": {
      "avatar_hash": "fa06fa2baaf2",
      "image_72": "https://avatars.slack-edge.com/2020-12-07/1540536372007_fa06fa2baaf25c93bf33_72.jpg",
      "first_name": "D.",
      "real_name": "D. Ben Knoble",
      "display_name": "benknoble",
      "team": "T06V8J4SU",
      "name": "ben.knoble",
      "is_restricted": false,
      "is_ultra_restricted": false
    },
    "blocks": [
      {
        "type": "rich_text",
        "block_id": "52Ly",
        "elements": [
          {
            "type": "rich_text_section",
            "elements": [
              {
                "type": "text",
                "text": "I prefer "
              },
              {
                "type": "text",
                "text": "(hash-update! node-ranks depth (curry cons node-id) '())",
                "style": {
                  "code": true
                }
              },
              {
                "type": "text",
                "text": ", but notjack is correct^"
              }
            ]
          }
        ]
      }
    ]
  },
  {
    "client_msg_id": "a2bda71c-02e6-40c8-8709-c47a6b400209",
    "type": "message",
    "text": "FWIW, the update docs do kind of suck—I think they assume you’re familiar with the idea of a hash-update (SML’s maps support something similar), where instead of the new value for a key you give a function that takes in the old value of the key and transforms it. But they don’t actually say that…",
    "user": "U01GH44F3GC",
    "ts": "1619991948.312800",
    "team": "T06V8J4SU",
    "user_team": "T06V8J4SU",
    "source_team": "T06V8J4SU",
    "user_profile": {
      "avatar_hash": "fa06fa2baaf2",
      "image_72": "https://avatars.slack-edge.com/2020-12-07/1540536372007_fa06fa2baaf25c93bf33_72.jpg",
      "first_name": "D.",
      "real_name": "D. Ben Knoble",
      "display_name": "benknoble",
      "team": "T06V8J4SU",
      "name": "ben.knoble",
      "is_restricted": false,
      "is_ultra_restricted": false
    },
    "blocks": [
      {
        "type": "rich_text",
        "block_id": "NGK04",
        "elements": [
          {
            "type": "rich_text_section",
            "elements": [
              {
                "type": "text",
                "text": "FWIW, the update docs do kind of suck—I think they assume you’re familiar with the idea of a hash-update (SML’s maps support something similar), where instead of the new value for a key you give a function that takes in the old value of the key and transforms it. But they don’t actually say that…"
              }
            ]
          }
        ]
      }
    ]
  },
  {
    "client_msg_id": "9CD4F35E-7700-4FC9-8829-3B2A2C515729",
    "type": "message",
    "text": "That’s already so much better",
    "user": "U01GH44F3GC",
    "ts": "1620000327.314400",
    "team": "T06V8J4SU",
    "user_team": "T06V8J4SU",
    "source_team": "T06V8J4SU",
    "user_profile": {
      "avatar_hash": "fa06fa2baaf2",
      "image_72": "https://avatars.slack-edge.com/2020-12-07/1540536372007_fa06fa2baaf25c93bf33_72.jpg",
      "first_name": "D.",
      "real_name": "D. Ben Knoble",
      "display_name": "benknoble",
      "team": "T06V8J4SU",
      "name": "ben.knoble",
      "is_restricted": false,
      "is_ultra_restricted": false
    },
    "blocks": [
      {
        "type": "rich_text",
        "block_id": "umtP",
        "elements": [
          {
            "type": "rich_text_section",
            "elements": [
              {
                "type": "text",
                "text": "That’s already so much better"
              }
            ]
          }
        ]
      }
    ],
    "reactions": [
      {
        "name": "grin",
        "users": [
          "UDUMMY"
        ],
        "count": 1
      }
    ]
  }
]
