[
  {
    "client_msg_id": "d8e4c347-779b-4b52-94ff-a9411fff96c7",
    "type": "message",
    "text": "<@UDUMMY> an unfortunately easy mistake to make; I once tried to get on the “alignment axes for everything” with type-systems, and I’m afraid I still didn’t get it quite right: <https:\/\/benknoble.github.io\/blog\/2019\/08\/27\/types-alignment\/> feedback welcome",
    "user": "U01GH44F3GC",
    "ts": "1615907254.004500",
    "team": "T06V8J4SU",
    "user_team": "T06V8J4SU",
    "source_team": "T06V8J4SU",
    "user_profile": {
      "avatar_hash": "fa06fa2baaf2",
      "image_72": "https:\/\/avatars.slack-edge.com\/2020-12-07\/1540536372007_fa06fa2baaf25c93bf33_72.jpg",
      "first_name": "D.",
      "real_name": "D. Ben Knoble",
      "display_name": "benknoble",
      "team": "T06V8J4SU",
      "name": "ben.knoble",
      "is_restricted": false,
      "is_ultra_restricted": false
    },
    "blocks": [
      {
        "type": "rich_text",
        "block_id": "Mwi",
        "elements": [
          {
            "type": "rich_text_section",
            "elements": [
              {
                "type": "user",
                "user_id": "UDUMMY"
              },
              {
                "type": "text",
                "text": " an unfortunately easy mistake to make; I once tried to get on the “alignment axes for everything” with type-systems, and I’m afraid I still didn’t get it quite right: "
              },
              {
                "type": "link",
                "url": "https:\/\/benknoble.github.io\/blog\/2019\/08\/27\/types-alignment\/"
              },
              {
                "type": "text",
                "text": " feedback welcome"
              }
            ]
          }
        ]
      }
    ],
    "thread_ts": "1615905654.003000",
    "parent_user_id": "UDUMMY"
  },
  {
    "client_msg_id": "481383cb-97e9-4187-a4ef-694e4d744609",
    "type": "message",
    "text": "ML-like langs do the separate-operators thing; the only langs I know of with the ability to enforce things like commutativity require proofs (interactively, automatically, or proof-carrying-code)",
    "user": "U01GH44F3GC",
    "ts": "1615916473.011600",
    "team": "T06V8J4SU",
    "user_team": "T06V8J4SU",
    "source_team": "T06V8J4SU",
    "user_profile": {
      "avatar_hash": "fa06fa2baaf2",
      "image_72": "https:\/\/avatars.slack-edge.com\/2020-12-07\/1540536372007_fa06fa2baaf25c93bf33_72.jpg",
      "first_name": "D.",
      "real_name": "D. Ben Knoble",
      "display_name": "benknoble",
      "team": "T06V8J4SU",
      "name": "ben.knoble",
      "is_restricted": false,
      "is_ultra_restricted": false
    },
    "blocks": [
      {
        "type": "rich_text",
        "block_id": "=Lf",
        "elements": [
          {
            "type": "rich_text_section",
            "elements": [
              {
                "type": "text",
                "text": "ML-like langs do the separate-operators thing; the only langs I know of with the ability to enforce things like commutativity require proofs (interactively, automatically, or proof-carrying-code)"
              }
            ]
          }
        ]
      }
    ],
    "thread_ts": "1615905654.003000",
    "parent_user_id": "UDUMMY"
  },
  {
    "client_msg_id": "007a27c9-6371-4236-99cb-9e6755cea2a9",
    "type": "message",
    "text": "Not me, sorry",
    "user": "U01GH44F3GC",
    "ts": "1615916554.012200",
    "team": "T06V8J4SU",
    "user_team": "T06V8J4SU",
    "source_team": "T06V8J4SU",
    "user_profile": {
      "avatar_hash": "fa06fa2baaf2",
      "image_72": "https:\/\/avatars.slack-edge.com\/2020-12-07\/1540536372007_fa06fa2baaf25c93bf33_72.jpg",
      "first_name": "D.",
      "real_name": "D. Ben Knoble",
      "display_name": "benknoble",
      "team": "T06V8J4SU",
      "name": "ben.knoble",
      "is_restricted": false,
      "is_ultra_restricted": false
    },
    "blocks": [
      {
        "type": "rich_text",
        "block_id": "6EOOZ",
        "elements": [
          {
            "type": "rich_text_section",
            "elements": [
              {
                "type": "text",
                "text": "Not me, sorry"
              }
            ]
          }
        ]
      }
    ],
    "thread_ts": "1615905654.003000",
    "parent_user_id": "UDUMMY"
  },
  {
    "client_msg_id": "6c2bf50e-5055-401d-a9a1-a1dae12d65d6",
    "type": "message",
    "text": "Ah, right, I read it was based on M-expressions originally",
    "user": "U01GH44F3GC",
    "ts": "1615916791.013400",
    "team": "T06V8J4SU",
    "user_team": "T06V8J4SU",
    "source_team": "T06V8J4SU",
    "user_profile": {
      "avatar_hash": "fa06fa2baaf2",
      "image_72": "https:\/\/avatars.slack-edge.com\/2020-12-07\/1540536372007_fa06fa2baaf25c93bf33_72.jpg",
      "first_name": "D.",
      "real_name": "D. Ben Knoble",
      "display_name": "benknoble",
      "team": "T06V8J4SU",
      "name": "ben.knoble",
      "is_restricted": false,
      "is_ultra_restricted": false
    },
    "blocks": [
      {
        "type": "rich_text",
        "block_id": "0scCB",
        "elements": [
          {
            "type": "rich_text_section",
            "elements": [
              {
                "type": "text",
                "text": "Ah, right, I read it was based on M-expressions originally"
              }
            ]
          }
        ]
      }
    ],
    "thread_ts": "1615905654.003000",
    "parent_user_id": "UDUMMY"
  },
  {
    "client_msg_id": "5f3b4aef-a141-4ae8-97ed-efa5d6ed272e",
    "type": "message",
    "text": "I’ve yet to a string-append operator I like, though: `^` in ML just doesn’t do it for me.",
    "user": "U01GH44F3GC",
    "ts": "1615931637.016800",
    "team": "T06V8J4SU",
    "user_team": "T06V8J4SU",
    "source_team": "T06V8J4SU",
    "user_profile": {
      "avatar_hash": "fa06fa2baaf2",
      "image_72": "https:\/\/avatars.slack-edge.com\/2020-12-07\/1540536372007_fa06fa2baaf25c93bf33_72.jpg",
      "first_name": "D.",
      "real_name": "D. Ben Knoble",
      "display_name": "benknoble",
      "team": "T06V8J4SU",
      "name": "ben.knoble",
      "is_restricted": false,
      "is_ultra_restricted": false
    },
    "blocks": [
      {
        "type": "rich_text",
        "block_id": "hxn",
        "elements": [
          {
            "type": "rich_text_section",
            "elements": [
              {
                "type": "text",
                "text": "I’ve yet to a string-append operator I like, though: "
              },
              {
                "type": "text",
                "text": "^",
                "style": {
                  "code": true
                }
              },
              {
                "type": "text",
                "text": " in ML just doesn’t do it for me."
              }
            ]
          }
        ]
      }
    ],
    "thread_ts": "1615905654.003000",
    "parent_user_id": "UDUMMY"
  },
  {
    "client_msg_id": "2edc17b7-3ac8-4212-842f-f4db8e9679f6",
    "type": "message",
    "text": "Heh, that one’s not too bad, at least if you’re familiar with common-lisp-style formatting",
    "user": "U01GH44F3GC",
    "ts": "1615932100.017200",
    "team": "T06V8J4SU",
    "user_team": "T06V8J4SU",
    "source_team": "T06V8J4SU",
    "user_profile": {
      "avatar_hash": "fa06fa2baaf2",
      "image_72": "https:\/\/avatars.slack-edge.com\/2020-12-07\/1540536372007_fa06fa2baaf25c93bf33_72.jpg",
      "first_name": "D.",
      "real_name": "D. Ben Knoble",
      "display_name": "benknoble",
      "team": "T06V8J4SU",
      "name": "ben.knoble",
      "is_restricted": false,
      "is_ultra_restricted": false
    },
    "blocks": [
      {
        "type": "rich_text",
        "block_id": "RPIF",
        "elements": [
          {
            "type": "rich_text_section",
            "elements": [
              {
                "type": "text",
                "text": "Heh, that one’s not too bad, at least if you’re familiar with common-lisp-style formatting"
              }
            ]
          }
        ]
      }
    ],
    "thread_ts": "1615905654.003000",
    "parent_user_id": "UDUMMY"
  },
  {
    "client_msg_id": "20112122-a169-411d-af09-45491312a713",
    "type": "message",
    "text": "^vim had an issue where `.` was ambiguous in some contexts (string append or dictionary access?); later versions prefer `..`",
    "user": "U01GH44F3GC",
    "ts": "1615932364.017600",
    "team": "T06V8J4SU",
    "user_team": "T06V8J4SU",
    "source_team": "T06V8J4SU",
    "user_profile": {
      "avatar_hash": "fa06fa2baaf2",
      "image_72": "https:\/\/avatars.slack-edge.com\/2020-12-07\/1540536372007_fa06fa2baaf25c93bf33_72.jpg",
      "first_name": "D.",
      "real_name": "D. Ben Knoble",
      "display_name": "benknoble",
      "team": "T06V8J4SU",
      "name": "ben.knoble",
      "is_restricted": false,
      "is_ultra_restricted": false
    },
    "blocks": [
      {
        "type": "rich_text",
        "block_id": "96y46",
        "elements": [
          {
            "type": "rich_text_section",
            "elements": [
              {
                "type": "text",
                "text": "^vim had an issue where "
              },
              {
                "type": "text",
                "text": ".",
                "style": {
                  "code": true
                }
              },
              {
                "type": "text",
                "text": " was ambiguous in some contexts (string append or dictionary access?); later versions prefer "
              },
              {
                "type": "text",
                "text": "..",
                "style": {
                  "code": true
                }
              }
            ]
          }
        ]
      }
    ],
    "thread_ts": "1615905654.003000",
    "parent_user_id": "UDUMMY"
  },
  {
    "client_msg_id": "673B862C-E2CE-41E0-8025-0F1DA4439D0E",
    "type": "message",
    "text": "Any good references on bootstrapping compilers (technical or academic)? Chez Scheme in particular would be fun, but anything that explains the core ideas will do",
    "user": "U01GH44F3GC",
    "ts": "1615934369.019000",
    "team": "T06V8J4SU",
    "user_team": "T06V8J4SU",
    "source_team": "T06V8J4SU",
    "user_profile": {
      "avatar_hash": "fa06fa2baaf2",
      "image_72": "https:\/\/avatars.slack-edge.com\/2020-12-07\/1540536372007_fa06fa2baaf25c93bf33_72.jpg",
      "first_name": "D.",
      "real_name": "D. Ben Knoble",
      "display_name": "benknoble",
      "team": "T06V8J4SU",
      "name": "ben.knoble",
      "is_restricted": false,
      "is_ultra_restricted": false
    },
    "blocks": [
      {
        "type": "rich_text",
        "block_id": "KJYH",
        "elements": [
          {
            "type": "rich_text_section",
            "elements": [
              {
                "type": "text",
                "text": "Any good references on bootstrapping compilers (technical or academic)? Chez Scheme in particular would be fun, but anything that explains the core ideas will do"
              }
            ]
          }
        ]
      }
    ],
    "thread_ts": "1615934369.019000",
    "reply_count": 3,
    "reply_users_count": 3,
    "latest_reply": "1615935576.020600",
    "reply_users": [
      "UDUMMY",
      "U01GH44F3GC",
      "UDUMMY"
    ],
    "replies": [
      {
        "user": "UDUMMY",
        "ts": "1615934598.019100"
      },
      {
        "user": "U01GH44F3GC",
        "ts": "1615934667.020200"
      },
      {
        "user": "UDUMMY",
        "ts": "1615935576.020600"
      }
    ],
    "is_locked": false,
    "subscribed": false
  },
  {
    "client_msg_id": "BCE7318D-8E23-4140-B084-D760FB56044F",
    "type": "message",
    "text": "Ah, that looks really fun, thanks. Its references are probably also sufficient for what I wanted, so bonus points",
    "user": "U01GH44F3GC",
    "ts": "1615934667.020200",
    "team": "T06V8J4SU",
    "user_team": "T06V8J4SU",
    "source_team": "T06V8J4SU",
    "user_profile": {
      "avatar_hash": "fa06fa2baaf2",
      "image_72": "https:\/\/avatars.slack-edge.com\/2020-12-07\/1540536372007_fa06fa2baaf25c93bf33_72.jpg",
      "first_name": "D.",
      "real_name": "D. Ben Knoble",
      "display_name": "benknoble",
      "team": "T06V8J4SU",
      "name": "ben.knoble",
      "is_restricted": false,
      "is_ultra_restricted": false
    },
    "blocks": [
      {
        "type": "rich_text",
        "block_id": "dTaa",
        "elements": [
          {
            "type": "rich_text_section",
            "elements": [
              {
                "type": "text",
                "text": "Ah, that looks really fun, thanks. Its references are probably also sufficient for what I wanted, so bonus points"
              }
            ]
          }
        ]
      }
    ],
    "thread_ts": "1615934369.019000",
    "parent_user_id": "U01GH44F3GC"
  }
]
