[
  {
    "client_msg_id": "2abd7754-f583-4f73-b10b-97b2aacef7a9",
    "type": "message",
    "text": "Related: does Racket have anything like Clojure’s reduced? <https://clojuredocs.org/clojure.core/reduced> Useful when short-circuiting “loops” built out of fold/map/filter idioms, e.g., like this state-machine: <https://gist.github.com/benknoble/f6d157217a7a814450d6fc9cf45625ee#file-parens-clj>",
    "user": "U01GH44F3GC",
    "ts": "1617832070.308900",
    "team": "T06V8J4SU",
    "user_team": "T06V8J4SU",
    "source_team": "T06V8J4SU",
    "user_profile": {
      "avatar_hash": "fa06fa2baaf2",
      "image_72": "https://avatars.slack-edge.com/2020-12-07/1540536372007_fa06fa2baaf25c93bf33_72.jpg",
      "first_name": "D.",
      "real_name": "D. Ben Knoble",
      "display_name": "benknoble",
      "team": "T06V8J4SU",
      "name": "ben.knoble",
      "is_restricted": false,
      "is_ultra_restricted": false
    },
    "blocks": [
      {
        "type": "rich_text",
        "block_id": "kVJ",
        "elements": [
          {
            "type": "rich_text_section",
            "elements": [
              {
                "type": "text",
                "text": "Related: does Racket have anything like Clojure’s reduced? "
              },
              {
                "type": "link",
                "url": "https://clojuredocs.org/clojure.core/reduced"
              },
              {
                "type": "text",
                "text": " Useful when short-circuiting “loops” built out of fold/map/filter idioms, e.g., like this state-machine: "
              },
              {
                "type": "link",
                "url": "https://gist.github.com/benknoble/f6d157217a7a814450d6fc9cf45625ee#file-parens-clj"
              }
            ]
          }
        ]
      }
    ]
  }
]
