[
  {
    "client_msg_id": "08EE87F0-F843-4AE9-B495-ED05833BD394",
    "type": "message",
    "text": "Also\n````#hasheq((key . ,a))```\n(The unquote only works for the values, not they keys)",
    "user": "U01GH44F3GC",
    "ts": "1622985216.443000",
    "team": "T06V8J4SU",
    "user_team": "T06V8J4SU",
    "source_team": "T06V8J4SU",
    "user_profile": {
      "avatar_hash": "fa06fa2baaf2",
      "image_72": "https:\/\/avatars.slack-edge.com\/2020-12-07\/1540536372007_fa06fa2baaf25c93bf33_72.jpg",
      "first_name": "D.",
      "real_name": "D. Ben Knoble",
      "display_name": "benknoble",
      "team": "T06V8J4SU",
      "name": "ben.knoble",
      "is_restricted": false,
      "is_ultra_restricted": false
    },
    "blocks": [
      {
        "type": "rich_text",
        "block_id": "mtH",
        "elements": [
          {
            "type": "rich_text_section",
            "elements": [
              {
                "type": "text",
                "text": "Also\n"
              }
            ]
          },
          {
            "type": "rich_text_preformatted",
            "elements": [
              {
                "type": "text",
                "text": "`#hasheq((key . ,a))"
              }
            ]
          },
          {
            "type": "rich_text_section",
            "elements": [
              {
                "type": "text",
                "text": "(The unquote only works for the values, not they keys)"
              }
            ]
          }
        ]
      }
    ]
  }
]
