[
  {
    "client_msg_id": "98f97391-d586-4572-851f-93b3145c370f",
    "type": "message",
    "text": "Is that similar to a one-level flattened zip? My thoughts:\n• zip pairs elements\n• flatten one level removes the pairs and you just get the list of p m\n```&gt; (define (merge ps ms) (apply append (map list (take ps (length ms)) ms)))\n&gt; (merge '(1 2 3 4) '(5 6 7))\n'(1 5 2 6 3 7)\n&gt; (merge '((1) (2) (3) (4)) '(5 6 7))\n'((1) 5 (2) 6 (3) 7)```\n(We can’t use `flatten` b//c of that last test-case…)\n\nAs far as naming, I prefer `interleave` //shrug",
    "user": "U01GH44F3GC",
    "ts": "1620232325.342700",
    "team": "T06V8J4SU",
    "user_team": "T06V8J4SU",
    "source_team": "T06V8J4SU",
    "user_profile": {
      "avatar_hash": "fa06fa2baaf2",
      "image_72": "https:////avatars.slack-edge.com//2020-12-07//1540536372007_fa06fa2baaf25c93bf33_72.jpg",
      "first_name": "D.",
      "real_name": "D. Ben Knoble",
      "display_name": "benknoble",
      "team": "T06V8J4SU",
      "name": "ben.knoble",
      "is_restricted": false,
      "is_ultra_restricted": false
    },
    "blocks": [
      {
        "type": "rich_text",
        "block_id": "3Ca",
        "elements": [
          {
            "type": "rich_text_section",
            "elements": [
              {
                "type": "text",
                "text": "Is that similar to a one-level flattened zip? My thoughts:\n"
              }
            ]
          },
          {
            "type": "rich_text_list",
            "elements": [
              {
                "type": "rich_text_section",
                "elements": [
                  {
                    "type": "text",
                    "text": "zip pairs elements"
                  }
                ]
              },
              {
                "type": "rich_text_section",
                "elements": [
                  {
                    "type": "text",
                    "text": "flatten one level removes the pairs and you just get the list of p m"
                  }
                ]
              }
            ],
            "style": "bullet",
            "indent": 0
          },
          {
            "type": "rich_text_preformatted",
            "elements": [
              {
                "type": "text",
                "text": "> (define (merge ps ms) (apply append (map list (take ps (length ms)) ms)))\n> (merge '(1 2 3 4) '(5 6 7))\n'(1 5 2 6 3 7)\n> (merge '((1) (2) (3) (4)) '(5 6 7))\n'((1) 5 (2) 6 (3) 7)"
              }
            ]
          },
          {
            "type": "rich_text_section",
            "elements": [
              {
                "type": "text",
                "text": "(We can’t use `flatten` b//c of that last test-case…)\n\nAs far as naming, I prefer "
              },
              {
                "type": "text",
                "text": "interleave",
                "style": {
                  "code": true
                }
              },
              {
                "type": "text",
                "text": " //shrug"
              }
            ]
          }
        ]
      }
    ],
    "thread_ts": "1620230310.342500",
    "parent_user_id": "UDUMMY"
  },
  {
    "client_msg_id": "c3fbcaf0-e638-4ae6-8e0e-b83632dd9f98",
    "type": "message",
    "text": "I was a bit lazy with the length calculations, so that version really assumes `|ms| &lt;= |ps|`",
    "user": "U01GH44F3GC",
    "ts": "1620232367.342900",
    "team": "T06V8J4SU",
    "user_team": "T06V8J4SU",
    "source_team": "T06V8J4SU",
    "user_profile": {
      "avatar_hash": "fa06fa2baaf2",
      "image_72": "https:////avatars.slack-edge.com//2020-12-07//1540536372007_fa06fa2baaf25c93bf33_72.jpg",
      "first_name": "D.",
      "real_name": "D. Ben Knoble",
      "display_name": "benknoble",
      "team": "T06V8J4SU",
      "name": "ben.knoble",
      "is_restricted": false,
      "is_ultra_restricted": false
    },
    "blocks": [
      {
        "type": "rich_text",
        "block_id": "dP6",
        "elements": [
          {
            "type": "rich_text_section",
            "elements": [
              {
                "type": "text",
                "text": "I was a bit lazy with the length calculations, so that version really assumes "
              },
              {
                "type": "text",
                "text": "|ms| <= |ps|",
                "style": {
                  "code": true
                }
              }
            ]
          }
        ]
      }
    ],
    "thread_ts": "1620230310.342500",
    "parent_user_id": "UDUMMY"
  },
  {
    "client_msg_id": "9f3d3e92-ae28-44e3-8647-dd5864d64ce5",
    "type": "message",
    "text": "Probably better to `take` from both `(min (length ps) (length ms))`",
    "user": "U01GH44F3GC",
    "ts": "1620232394.343100",
    "team": "T06V8J4SU",
    "user_team": "T06V8J4SU",
    "source_team": "T06V8J4SU",
    "user_profile": {
      "avatar_hash": "fa06fa2baaf2",
      "image_72": "https:////avatars.slack-edge.com//2020-12-07//1540536372007_fa06fa2baaf25c93bf33_72.jpg",
      "first_name": "D.",
      "real_name": "D. Ben Knoble",
      "display_name": "benknoble",
      "team": "T06V8J4SU",
      "name": "ben.knoble",
      "is_restricted": false,
      "is_ultra_restricted": false
    },
    "blocks": [
      {
        "type": "rich_text",
        "block_id": "69fi",
        "elements": [
          {
            "type": "rich_text_section",
            "elements": [
              {
                "type": "text",
                "text": "Probably better to "
              },
              {
                "type": "text",
                "text": "take",
                "style": {
                  "code": true
                }
              },
              {
                "type": "text",
                "text": " from both "
              },
              {
                "type": "text",
                "text": "(min (length ps) (length ms))",
                "style": {
                  "code": true
                }
              }
            ]
          }
        ]
      }
    ],
    "thread_ts": "1620230310.342500",
    "parent_user_id": "UDUMMY"
  },
  {
    "client_msg_id": "ef53295c-63eb-4280-a3d9-bc3be1aa71e4",
    "type": "message",
    "text": "Drat, I didn’t spot that yours kept the left-over elements… another append would take care of that, I suspect.",
    "user": "U01GH44F3GC",
    "ts": "1620232443.343300",
    "team": "T06V8J4SU",
    "user_team": "T06V8J4SU",
    "source_team": "T06V8J4SU",
    "user_profile": {
      "avatar_hash": "fa06fa2baaf2",
      "image_72": "https:////avatars.slack-edge.com//2020-12-07//1540536372007_fa06fa2baaf25c93bf33_72.jpg",
      "first_name": "D.",
      "real_name": "D. Ben Knoble",
      "display_name": "benknoble",
      "team": "T06V8J4SU",
      "name": "ben.knoble",
      "is_restricted": false,
      "is_ultra_restricted": false
    },
    "edited": {
      "user": "U01GH44F3GC",
      "ts": "1620232471.000000"
    },
    "blocks": [
      {
        "type": "rich_text",
        "block_id": "H9au8",
        "elements": [
          {
            "type": "rich_text_section",
            "elements": [
              {
                "type": "text",
                "text": "Drat, I didn’t spot that yours kept the left-over elements… another append would take care of that, I suspect."
              }
            ]
          }
        ]
      }
    ],
    "thread_ts": "1620230310.342500",
    "parent_user_id": "UDUMMY"
  },
  {
    "client_msg_id": "583d1c2a-7ca0-46bd-ba39-31aef1cfb52b",
    "type": "message",
    "text": "yeesh:\n```(define (insert-midpoints ps ms) (append (apply append (map list (take ps (length ms)) ms)) (list (last ps))))```\nI don’t know the `*` functions well-enough to know if there is a better way to write that. Does assume `|ms| = |ps|+1`, but at this point I would call it `insert-midpoints` lol",
    "user": "U01GH44F3GC",
    "ts": "1620232809.344900",
    "team": "T06V8J4SU",
    "user_team": "T06V8J4SU",
    "source_team": "T06V8J4SU",
    "user_profile": {
      "avatar_hash": "fa06fa2baaf2",
      "image_72": "https:////avatars.slack-edge.com//2020-12-07//1540536372007_fa06fa2baaf25c93bf33_72.jpg",
      "first_name": "D.",
      "real_name": "D. Ben Knoble",
      "display_name": "benknoble",
      "team": "T06V8J4SU",
      "name": "ben.knoble",
      "is_restricted": false,
      "is_ultra_restricted": false
    },
    "blocks": [
      {
        "type": "rich_text",
        "block_id": "Vto",
        "elements": [
          {
            "type": "rich_text_section",
            "elements": [
              {
                "type": "text",
                "text": "yeesh:\n"
              }
            ]
          },
          {
            "type": "rich_text_preformatted",
            "elements": [
              {
                "type": "text",
                "text": "(define (insert-midpoints ps ms) (append (apply append (map list (take ps (length ms)) ms)) (list (last ps))))"
              }
            ]
          },
          {
            "type": "rich_text_section",
            "elements": [
              {
                "type": "text",
                "text": "I don’t know the "
              },
              {
                "type": "text",
                "text": "*",
                "style": {
                  "code": true
                }
              },
              {
                "type": "text",
                "text": " functions well-enough to know if there is a better way to write that. Does assume "
              },
              {
                "type": "text",
                "text": "|ms| = |ps|+1",
                "style": {
                  "code": true
                }
              },
              {
                "type": "text",
                "text": ", but at this point I would call it "
              },
              {
                "type": "text",
                "text": "insert-midpoints",
                "style": {
                  "code": true
                }
              },
              {
                "type": "text",
                "text": " lol"
              }
            ]
          }
        ]
      }
    ],
    "thread_ts": "1620230310.342500",
    "parent_user_id": "UDUMMY"
  },
  {
    "client_msg_id": "A19FEB67-424D-4E75-AEBD-788A0CDD0504",
    "type": "message",
    "text": "Yeah that looks like an interleave to me",
    "user": "U01GH44F3GC",
    "ts": "1620233182.345600",
    "team": "T06V8J4SU",
    "user_team": "T06V8J4SU",
    "source_team": "T06V8J4SU",
    "user_profile": {
      "avatar_hash": "fa06fa2baaf2",
      "image_72": "https:////avatars.slack-edge.com//2020-12-07//1540536372007_fa06fa2baaf25c93bf33_72.jpg",
      "first_name": "D.",
      "real_name": "D. Ben Knoble",
      "display_name": "benknoble",
      "team": "T06V8J4SU",
      "name": "ben.knoble",
      "is_restricted": false,
      "is_ultra_restricted": false
    },
    "blocks": [
      {
        "type": "rich_text",
        "block_id": "eiUzH",
        "elements": [
          {
            "type": "rich_text_section",
            "elements": [
              {
                "type": "text",
                "text": "Yeah that looks like an interleave to me"
              }
            ]
          }
        ]
      }
    ],
    "thread_ts": "1620230310.342500",
    "parent_user_id": "UDUMMY",
    "reactions": [
      {
        "name": "+1",
        "users": [
          "UDUMMY",
          "UDUMMY"
        ],
        "count": 2
      }
    ]
  }
]
