[
  {
    "client_msg_id": "499b8614-2e59-4439-9b1d-378bad47cfa1",
    "type": "message",
    "text": "For the life of me, I cannot find out what `relative-in` actually does. With files `a\/{b,c}.rkt`, I cannot get any variation of `(require (relative-in \"a\" \"b.rkt\" \"c.rkt\"))` to work. And I cant get `expand-import` to show what’s going on, so I can’t figure out how to “inspect” it. I just get errors about b &amp; c not found in the current directory (not in a)",
    "user": "U01GH44F3GC",
    "ts": "1622474239.320700",
    "team": "T06V8J4SU",
    "user_team": "T06V8J4SU",
    "source_team": "T06V8J4SU",
    "user_profile": {
      "avatar_hash": "fa06fa2baaf2",
      "image_72": "https:\/\/avatars.slack-edge.com\/2020-12-07\/1540536372007_fa06fa2baaf25c93bf33_72.jpg",
      "first_name": "D.",
      "real_name": "D. Ben Knoble",
      "display_name": "benknoble",
      "team": "T06V8J4SU",
      "name": "ben.knoble",
      "is_restricted": false,
      "is_ultra_restricted": false
    },
    "blocks": [
      {
        "type": "rich_text",
        "block_id": "aca",
        "elements": [
          {
            "type": "rich_text_section",
            "elements": [
              {
                "type": "text",
                "text": "For the life of me, I cannot find out what "
              },
              {
                "type": "text",
                "text": "relative-in",
                "style": {
                  "code": true
                }
              },
              {
                "type": "text",
                "text": " actually does. With files "
              },
              {
                "type": "text",
                "text": "a\/{b,c}.rkt",
                "style": {
                  "code": true
                }
              },
              {
                "type": "text",
                "text": ", I cannot get any variation of "
              },
              {
                "type": "text",
                "text": "(require (relative-in \"a\" \"b.rkt\" \"c.rkt\"))",
                "style": {
                  "code": true
                }
              },
              {
                "type": "text",
                "text": " to work. And I cant get "
              },
              {
                "type": "text",
                "text": "expand-import",
                "style": {
                  "code": true
                }
              },
              {
                "type": "text",
                "text": " to show what’s going on, so I can’t figure out how to “inspect” it. I just get errors about b & c not found in the current directory (not in a)"
              }
            ]
          }
        ]
      }
    ],
    "thread_ts": "1622470241.320300",
    "parent_user_id": "UDUMMY"
  }
]
