[
  {
    "type": "message",
    "subtype": "thread_broadcast",
    "text": "There has been work on an archive; the current site dates from March IIRC. We have yet to work out a merging strategy//etc. for said archive (and I’m considering re-doing the site generator; help//feedback welcome). Also note that it only keeps messages from public channels. ",
    "user": "U01GH44F3GC",
    "ts": "1621197825.157200",
    "thread_ts": "1621187128.143300",
    "root": {
      "client_msg_id": "8799857b-1a48-444f-9b3e-78d2fa89340c",
      "type": "message",
      "text": "Just a heads-up: The standard plan trial for this Slack instance expires on 2021-06-06. If I understand the <https:////slack.com//intl//en-de//help//articles//115002422943-Message-file-and-app-limits-on-the-free-version-of-Slack|information on the Slack website> correctly, this means that only the latest 10000 messages (over all channels and direct messages) will be kept. So if you want to keep older messages, you should store them elsewhere soon. (Honestly, I don't have the faintest idea how many messages we have and how soon // to which extent private messages would vanish.)",
      "user": "UDUMMY",
      "ts": "1621187128.143300",
      "team": "T06V8J4SU",
      "attachments": [
        {
          "service_name": "Slack Help Center",
          "title": "Message, file, and app limits on the free version of Slack",
          "title_link": "https:////slack.com//intl//en-de//help//articles//115002422943-Message-file-and-app-limits-on-the-free-version-of-Slack",
          "text": "You can use the free version of Slack for as long as you'd like, and there's no limit to the number of members who can be invited, but there are a few usage limits to consider: Message visibility...",
          "fallback": "Slack Help Center: Message, file, and app limits on the free version of Slack",
          "thumb_url": "https:////a.slack-edge.com//80588//marketing//img//meta//slack_hash_256.png",
          "from_url": "https:////slack.com//intl//en-de//help//articles//115002422943-Message-file-and-app-limits-on-the-free-version-of-Slack",
          "thumb_width": 256,
          "thumb_height": 256,
          "service_icon": "https:////a.slack-edge.com//80588//marketing//img//meta//favicon-32.png",
          "id": 1,
          "original_url": "https:////slack.com//intl//en-de//help//articles//115002422943-Message-file-and-app-limits-on-the-free-version-of-Slack"
        }
      ],
      "blocks": [
        {
          "type": "rich_text",
          "block_id": "uKGNG",
          "elements": [
            {
              "type": "rich_text_section",
              "elements": [
                {
                  "type": "text",
                  "text": "Just a heads-up: The standard plan trial for this Slack instance expires on 2021-06-06. If I understand the "
                },
                {
                  "type": "link",
                  "url": "https:////slack.com//intl//en-de//help//articles//115002422943-Message-file-and-app-limits-on-the-free-version-of-Slack",
                  "text": "information on the Slack website"
                },
                {
                  "type": "text",
                  "text": " correctly, this means that only the latest 10000 messages (over all channels and direct messages) will be kept. So if you want to keep older messages, you should store them elsewhere soon. (Honestly, I don't have the faintest idea how many messages we have and how soon // to which extent private messages would vanish.)"
                }
              ]
            }
          ]
        }
      ],
      "thread_ts": "1621187128.143300",
      "reply_count": 8,
      "reply_users_count": 3,
      "latest_reply": "1621211243.164400",
      "reply_users": [
        "U01GH44F3GC",
        "UDUMMY",
        "UDUMMY"
      ],
      "is_locked": false,
      "subscribed": false
    },
    "blocks": [
      {
        "type": "rich_text",
        "block_id": "lYZcS",
        "elements": [
          {
            "type": "rich_text_section",
            "elements": [
              {
                "type": "text",
                "text": "There has been work on an archive; the current site dates from March IIRC. We have yet to work out a merging strategy//etc. for said archive (and I’m considering re-doing the site generator; help//feedback welcome). Also note that it only keeps messages from public channels. "
              }
            ]
          }
        ]
      }
    ],
    "client_msg_id": "B2D313FA-0DD3-4F6A-B9E3-918BD0260B8F",
    "reactions": [
      {
        "name": "+1",
        "users": [
          "UDUMMY"
        ],
        "count": 1
      }
    ]
  },
  {
    "client_msg_id": "52D91DA6-5F4B-4F07-BD77-C4ECA56B305D",
    "type": "message",
    "text": "At whatever frequency you want to do, Sam; I’ll have to figure out how to merge the data correctly, but maybe racket can help :)",
    "user": "U01GH44F3GC",
    "ts": "1621210209.162700",
    "team": "T06V8J4SU",
    "user_team": "T06V8J4SU",
    "source_team": "T06V8J4SU",
    "user_profile": {
      "avatar_hash": "fa06fa2baaf2",
      "image_72": "https:////avatars.slack-edge.com//2020-12-07//1540536372007_fa06fa2baaf25c93bf33_72.jpg",
      "first_name": "D.",
      "real_name": "D. Ben Knoble",
      "display_name": "benknoble",
      "team": "T06V8J4SU",
      "name": "ben.knoble",
      "is_restricted": false,
      "is_ultra_restricted": false
    },
    "blocks": [
      {
        "type": "rich_text",
        "block_id": "G2g",
        "elements": [
          {
            "type": "rich_text_section",
            "elements": [
              {
                "type": "text",
                "text": "At whatever frequency you want to do, Sam; I’ll have to figure out how to merge the data correctly, but maybe racket can help :)"
              }
            ]
          }
        ]
      }
    ],
    "thread_ts": "1621187128.143300",
    "parent_user_id": "UDUMMY"
  },
  {
    "client_msg_id": "E328679F-F617-476F-8745-7AD7E11B907F",
    "type": "message",
    "text": "You dm’d me about it on the 14th of March, so maybe let’s get some overlap with that to avoid losing anything?",
    "user": "U01GH44F3GC",
    "ts": "1621210293.164200",
    "team": "T06V8J4SU",
    "user_team": "T06V8J4SU",
    "source_team": "T06V8J4SU",
    "user_profile": {
      "avatar_hash": "fa06fa2baaf2",
      "image_72": "https:////avatars.slack-edge.com//2020-12-07//1540536372007_fa06fa2baaf25c93bf33_72.jpg",
      "first_name": "D.",
      "real_name": "D. Ben Knoble",
      "display_name": "benknoble",
      "team": "T06V8J4SU",
      "name": "ben.knoble",
      "is_restricted": false,
      "is_ultra_restricted": false
    },
    "blocks": [
      {
        "type": "rich_text",
        "block_id": "jY1",
        "elements": [
          {
            "type": "rich_text_section",
            "elements": [
              {
                "type": "text",
                "text": "You dm’d me about it on the 14th of March, so maybe let’s get some overlap with that to avoid losing anything?"
              }
            ]
          }
        ]
      }
    ],
    "thread_ts": "1621187128.143300",
    "parent_user_id": "UDUMMY"
  }
]
