[
  {
    "type": "message",
    "text": "macro-defining macro shenanigans follow:\n\nI’m writing a `defmacro` form to make it possible to write un-hygienic (or manually hygienic, I guess) macros à la Clojure//Common Lisp (think targeted at students with no time to explain Racket’s awesome-but-complex macro system). Some examples:\n\n```;; numeric if\n(defmacro (nif num-expr neg-expr z-expr pos-expr)\n  (let ([num-sym (genysm)])\n    `(let ([,num-sym ,num-expr])\n       (cond\n         [(negative? ,num-sym) ,neg-expr]\n         [(zero? ,num-sym) ,z-expr]\n         [(positive? ,num-sym) ,pos-expr]))))\n\n;; anaphoric -&gt;\n(defmacro (a-&gt; e . exprs)\n  (if (empty? exprs)\n    e\n    `(let ([that ,e])\n       (a-&gt; ,(first exprs)\n            ,@(rest exprs)))))```\nAnyway, I have things mostly working (:crossed_fingers: ?) _except_ `gensym`. The following version of `nif` from above works, except we have that pesky little hard-coded name for the binding:\n\n```(defmacro (nif num-expr neg-expr z-expr pos-expr)\n  `(let ([num ,num-expr])\n     (cond\n       [(negative? num) ,neg-expr]\n       [(zero? num) ,z-expr]\n       [(positive? num) ,pos-expr])))```\nBut when I try the manually hygienic version with `gensym`, I get (from `raco test`):\n\n```defmacro.rkt:31:18: genysm: reference to an unbound identifier\n  at phase: 1; the transformer environment\n  in: genysm\n  context...:\n   //Applications//Racket v8.0//share//pkgs//compiler-lib//compiler//commands//test.rkt:371:27\n   //Applications//Racket v8.0//share//pkgs//compiler-lib//compiler//commands//test.rkt:373:0: call-with-summary\n   ...//private//map.rkt:40:19: loop\n   //Applications//Racket v8.0//share//pkgs//compiler-lib//compiler//commands//test.rkt:1101:1: test\n   body of \"//Applications//Racket v8.0//share//pkgs//compiler-lib//compiler//commands//test.rkt\"\n   //Applications//Racket v8.0//collects//raco//raco.rkt:41:0\n   body of \"//Applications//Racket v8.0//collects//raco//raco.rkt\"\n   body of \"//Applications//Racket v8.0//collects//raco//main.rkt\"```\nThoughts? (source attached)",
    "files": [
      {
        "id": "F021NB3FNQM",
        "created": 1620850918,
        "timestamp": 1620850918,
        "name": "defmacro.rkt",
        "title": "defmacro.rkt",
        "mimetype": "application//octet-stream",
        "filetype": "binary",
        "pretty_type": "Binary",
        "user": "U01GH44F3GC",
        "editable": false,
        "size": 2356,
        "mode": "hosted",
        "is_external": false,
        "external_type": "",
        "is_public": true,
        "public_url_shared": false,
        "display_as_bot": false,
        "username": "",
        "url_private": "https:////files.slack.com//files-pri//T06V8J4SU-F021NB3FNQM//defmacro.rkt?t=xoxe-6994616912-2082670687377-2093858219888-e478a241be864f9024d4605f4dbabd5c",
        "url_private_download": "https:////files.slack.com//files-pri//T06V8J4SU-F021NB3FNQM//download//defmacro.rkt?t=xoxe-6994616912-2082670687377-2093858219888-e478a241be864f9024d4605f4dbabd5c",
        "permalink": "https:////racket.slack.com//files//U01GH44F3GC//F021NB3FNQM//defmacro.rkt",
        "permalink_public": "https:////slack-files.com//T06V8J4SU-F021NB3FNQM-8ebef79232",
        "is_starred": false,
        "has_rich_preview": false
      }
    ],
    "upload": false,
    "blocks": [
      {
        "type": "rich_text",
        "block_id": "RYf",
        "elements": [
          {
            "type": "rich_text_section",
            "elements": [
              {
                "type": "text",
                "text": "macro-defining macro shenanigans follow:\n\nI’m writing a "
              },
              {
                "type": "text",
                "text": "defmacro",
                "style": {
                  "code": true
                }
              },
              {
                "type": "text",
                "text": " form to make it possible to write un-hygienic (or manually hygienic, I guess) macros à la Clojure//Common Lisp (think targeted at students with no time to explain Racket’s awesome-but-complex macro system). Some examples:\n\n"
              }
            ]
          },
          {
            "type": "rich_text_preformatted",
            "elements": [
              {
                "type": "text",
                "text": ";; numeric if\n(defmacro (nif num-expr neg-expr z-expr pos-expr)\n  (let ([num-sym (genysm)])\n    `(let ([,num-sym ,num-expr])\n       (cond\n         [(negative? ,num-sym) ,neg-expr]\n         [(zero? ,num-sym) ,z-expr]\n         [(positive? ,num-sym) ,pos-expr]))))\n\n;; anaphoric ->\n(defmacro (a-> e . exprs)\n  (if (empty? exprs)\n    e\n    `(let ([that ,e])\n       (a-> ,(first exprs)\n            ,@(rest exprs)))))"
              }
            ]
          },
          {
            "type": "rich_text_section",
            "elements": [
              {
                "type": "text",
                "text": "\nAnyway, I have things mostly working ("
              },
              {
                "type": "emoji",
                "name": "crossed_fingers"
              },
              {
                "type": "text",
                "text": " ?) "
              },
              {
                "type": "text",
                "text": "except",
                "style": {
                  "italic": true
                }
              },
              {
                "type": "text",
                "text": " "
              },
              {
                "type": "text",
                "text": "gensym",
                "style": {
                  "code": true
                }
              },
              {
                "type": "text",
                "text": ". The following version of "
              },
              {
                "type": "text",
                "text": "nif",
                "style": {
                  "code": true
                }
              },
              {
                "type": "text",
                "text": " from above works, except we have that pesky little hard-coded name for the binding:\n\n"
              }
            ]
          },
          {
            "type": "rich_text_preformatted",
            "elements": [
              {
                "type": "text",
                "text": "(defmacro (nif num-expr neg-expr z-expr pos-expr)\n  `(let ([num ,num-expr])\n     (cond\n       [(negative? num) ,neg-expr]\n       [(zero? num) ,z-expr]\n       [(positive? num) ,pos-expr])))"
              }
            ]
          },
          {
            "type": "rich_text_section",
            "elements": [
              {
                "type": "text",
                "text": "\nBut when I try the manually hygienic version with "
              },
              {
                "type": "text",
                "text": "gensym",
                "style": {
                  "code": true
                }
              },
              {
                "type": "text",
                "text": ", I get (from "
              },
              {
                "type": "text",
                "text": "raco test",
                "style": {
                  "code": true
                }
              },
              {
                "type": "text",
                "text": "):\n\n"
              }
            ]
          },
          {
            "type": "rich_text_preformatted",
            "elements": [
              {
                "type": "text",
                "text": "defmacro.rkt:31:18: genysm: reference to an unbound identifier\n  at phase: 1; the transformer environment\n  in: genysm\n  context...:\n   //Applications//Racket v8.0//share//pkgs//compiler-lib//compiler//commands//test.rkt:371:27\n   //Applications//Racket v8.0//share//pkgs//compiler-lib//compiler//commands//test.rkt:373:0: call-with-summary\n   ...//private//map.rkt:40:19: loop\n   //Applications//Racket v8.0//share//pkgs//compiler-lib//compiler//commands//test.rkt:1101:1: test\n   body of \"//Applications//Racket v8.0//share//pkgs//compiler-lib//compiler//commands//test.rkt\"\n   //Applications//Racket v8.0//collects//raco//raco.rkt:41:0\n   body of \"//Applications//Racket v8.0//collects//raco//raco.rkt\"\n   body of \"//Applications//Racket v8.0//collects//raco//main.rkt\""
              }
            ]
          },
          {
            "type": "rich_text_section",
            "elements": [
              {
                "type": "text",
                "text": "\nThoughts? (source attached)"
              }
            ]
          }
        ]
      }
    ],
    "user": "U01GH44F3GC",
    "display_as_bot": false,
    "ts": "1620850922.492200",
    "thread_ts": "1620850922.492200",
    "reply_count": 15,
    "reply_users_count": 3,
    "latest_reply": "1620852009.495200",
    "reply_users": [
      "U01GH44F3GC",
      "UDUMMY",
      "UDUMMY"
    ],
    "replies": [
      {
        "user": "U01GH44F3GC",
        "ts": "1620851002.492300"
      },
      {
        "user": "U01GH44F3GC",
        "ts": "1620851086.492500"
      },
      {
        "user": "UDUMMY",
        "ts": "1620851139.492700"
      },
      {
        "user": "U01GH44F3GC",
        "ts": "1620851142.492900"
      },
      {
        "user": "U01GH44F3GC",
        "ts": "1620851157.493100"
      },
      {
        "user": "UDUMMY",
        "ts": "1620851158.493300"
      },
      {
        "user": "U01GH44F3GC",
        "ts": "1620851181.493500"
      },
      {
        "user": "U01GH44F3GC",
        "ts": "1620851315.493700"
      },
      {
        "user": "UDUMMY",
        "ts": "1620851351.493900"
      },
      {
        "user": "UDUMMY",
        "ts": "1620851356.494100"
      },
      {
        "user": "U01GH44F3GC",
        "ts": "1620851388.494300"
      },
      {
        "user": "U01GH44F3GC",
        "ts": "1620851660.494600"
      },
      {
        "user": "UDUMMY",
        "ts": "1620851811.494800"
      },
      {
        "user": "U01GH44F3GC",
        "ts": "1620851860.495000"
      },
      {
        "user": "UDUMMY",
        "ts": "1620852009.495200"
      }
    ],
    "is_locked": false,
    "subscribed": false
  },
  {
    "client_msg_id": "3cad6915-a1b9-4883-aa78-8cfab37eeb1d",
    "type": "message",
    "text": "I did eventually realize that to get `empty?` //`first` //`rest` working for `a-&gt;` I had to `(require (for-syntax racket))`, but that didn’t fix `gensym`",
    "user": "U01GH44F3GC",
    "ts": "1620851002.492300",
    "team": "T06V8J4SU",
    "user_team": "T06V8J4SU",
    "source_team": "T06V8J4SU",
    "user_profile": {
      "avatar_hash": "fa06fa2baaf2",
      "image_72": "https:////avatars.slack-edge.com//2020-12-07//1540536372007_fa06fa2baaf25c93bf33_72.jpg",
      "first_name": "D.",
      "real_name": "D. Ben Knoble",
      "display_name": "benknoble",
      "team": "T06V8J4SU",
      "name": "ben.knoble",
      "is_restricted": false,
      "is_ultra_restricted": false
    },
    "blocks": [
      {
        "type": "rich_text",
        "block_id": "iKp",
        "elements": [
          {
            "type": "rich_text_section",
            "elements": [
              {
                "type": "text",
                "text": "I did eventually realize that to get "
              },
              {
                "type": "text",
                "text": "empty?",
                "style": {
                  "code": true
                }
              },
              {
                "type": "text",
                "text": " //"
              },
              {
                "type": "text",
                "text": "first",
                "style": {
                  "code": true
                }
              },
              {
                "type": "text",
                "text": " //"
              },
              {
                "type": "text",
                "text": "rest",
                "style": {
                  "code": true
                }
              },
              {
                "type": "text",
                "text": " working for "
              },
              {
                "type": "text",
                "text": "a->",
                "style": {
                  "code": true
                }
              },
              {
                "type": "text",
                "text": " I had to "
              },
              {
                "type": "text",
                "text": "(require (for-syntax racket))",
                "style": {
                  "code": true
                }
              },
              {
                "type": "text",
                "text": ", but that didn’t fix "
              },
              {
                "type": "text",
                "text": "gensym",
                "style": {
                  "code": true
                }
              }
            ]
          }
        ]
      }
    ],
    "thread_ts": "1620850922.492200",
    "parent_user_id": "U01GH44F3GC"
  },
  {
    "client_msg_id": "01291104-2b00-4939-ae29-0581e9bc80b0",
    "type": "message",
    "text": "And I think `gensym` works at syntax time, because\n```(define-syntax (foo s) (datum-&gt;syntax s (gensym)))```\nexpands (and then gives an error about the gensym)",
    "user": "U01GH44F3GC",
    "ts": "1620851086.492500",
    "team": "T06V8J4SU",
    "user_team": "T06V8J4SU",
    "source_team": "T06V8J4SU",
    "user_profile": {
      "avatar_hash": "fa06fa2baaf2",
      "image_72": "https:////avatars.slack-edge.com//2020-12-07//1540536372007_fa06fa2baaf25c93bf33_72.jpg",
      "first_name": "D.",
      "real_name": "D. Ben Knoble",
      "display_name": "benknoble",
      "team": "T06V8J4SU",
      "name": "ben.knoble",
      "is_restricted": false,
      "is_ultra_restricted": false
    },
    "blocks": [
      {
        "type": "rich_text",
        "block_id": "bTvzN",
        "elements": [
          {
            "type": "rich_text_section",
            "elements": [
              {
                "type": "text",
                "text": "And I think "
              },
              {
                "type": "text",
                "text": "gensym",
                "style": {
                  "code": true
                }
              },
              {
                "type": "text",
                "text": " works at syntax time, because\n"
              }
            ]
          },
          {
            "type": "rich_text_preformatted",
            "elements": [
              {
                "type": "text",
                "text": "(define-syntax (foo s) (datum->syntax s (gensym)))"
              }
            ]
          },
          {
            "type": "rich_text_section",
            "elements": [
              {
                "type": "text",
                "text": "expands (and then gives an error about the gensym)"
              }
            ]
          }
        ]
      }
    ],
    "thread_ts": "1620850922.492200",
    "parent_user_id": "U01GH44F3GC"
  },
  {
    "client_msg_id": "c2c20fad-f1f4-4f33-96db-1021988ba7bb",
    "type": "message",
    "text": "Since Slack was dumb, here’s the source for `defmacro`:\n\n```(define-syntax defmacro\n  (syntax-parser\n    [(_ (name:id param:id ...) body:expr ...+)\n     #'(define-syntax (name stx)\n         (syntax-parse stx\n           [(_ param ...)\n            (datum-&gt;syntax stx\n                           (let ([param (syntax-&gt;datum #'param)]\n                                 ...)\n                             body ...)\n                           stx)]))]\n    [(_ (name:id param:id ... . varargs:id) body:expr ...+)\n     #'(define-syntax (name stx)\n         (syntax-parse stx\n           [(_ param ... . varargs)\n            (datum-&gt;syntax stx\n                           (let ([param (syntax-&gt;datum #'param)]\n                                 ...\n                                 [varargs (syntax-&gt;datum #'varargs)])\n                             body ...)\n                           stx)]))]))```",
    "user": "U01GH44F3GC",
    "ts": "1620851142.492900",
    "team": "T06V8J4SU",
    "user_team": "T06V8J4SU",
    "source_team": "T06V8J4SU",
    "user_profile": {
      "avatar_hash": "fa06fa2baaf2",
      "image_72": "https:////avatars.slack-edge.com//2020-12-07//1540536372007_fa06fa2baaf25c93bf33_72.jpg",
      "first_name": "D.",
      "real_name": "D. Ben Knoble",
      "display_name": "benknoble",
      "team": "T06V8J4SU",
      "name": "ben.knoble",
      "is_restricted": false,
      "is_ultra_restricted": false
    },
    "blocks": [
      {
        "type": "rich_text",
        "block_id": "77pTj",
        "elements": [
          {
            "type": "rich_text_section",
            "elements": [
              {
                "type": "text",
                "text": "Since Slack was dumb, here’s the source for "
              },
              {
                "type": "text",
                "text": "defmacro",
                "style": {
                  "code": true
                }
              },
              {
                "type": "text",
                "text": ":\n\n"
              }
            ]
          },
          {
            "type": "rich_text_preformatted",
            "elements": [
              {
                "type": "text",
                "text": "(define-syntax defmacro\n  (syntax-parser\n    [(_ (name:id param:id ...) body:expr ...+)\n     #'(define-syntax (name stx)\n         (syntax-parse stx\n           [(_ param ...)\n            (datum->syntax stx\n                           (let ([param (syntax->datum #'param)]\n                                 ...)\n                             body ...)\n                           stx)]))]\n    [(_ (name:id param:id ... . varargs:id) body:expr ...+)\n     #'(define-syntax (name stx)\n         (syntax-parse stx\n           [(_ param ... . varargs)\n            (datum->syntax stx\n                           (let ([param (syntax->datum #'param)]\n                                 ...\n                                 [varargs (syntax->datum #'varargs)])\n                             body ...)\n                           stx)]))]))"
              }
            ]
          }
        ]
      }
    ],
    "thread_ts": "1620850922.492200",
    "parent_user_id": "U01GH44F3GC"
  },
  {
    "client_msg_id": "529666af-0861-408b-a61d-25c236566a92",
    "type": "message",
    "text": "<@UDUMMY> there’s a builtin? :exploding_head:",
    "user": "U01GH44F3GC",
    "ts": "1620851157.493100",
    "team": "T06V8J4SU",
    "user_team": "T06V8J4SU",
    "source_team": "T06V8J4SU",
    "user_profile": {
      "avatar_hash": "fa06fa2baaf2",
      "image_72": "https:////avatars.slack-edge.com//2020-12-07//1540536372007_fa06fa2baaf25c93bf33_72.jpg",
      "first_name": "D.",
      "real_name": "D. Ben Knoble",
      "display_name": "benknoble",
      "team": "T06V8J4SU",
      "name": "ben.knoble",
      "is_restricted": false,
      "is_ultra_restricted": false
    },
    "blocks": [
      {
        "type": "rich_text",
        "block_id": "3SZt",
        "elements": [
          {
            "type": "rich_text_section",
            "elements": [
              {
                "type": "user",
                "user_id": "UDUMMY"
              },
              {
                "type": "text",
                "text": " there’s a builtin? "
              },
              {
                "type": "emoji",
                "name": "exploding_head"
              }
            ]
          }
        ]
      }
    ],
    "thread_ts": "1620850922.492200",
    "parent_user_id": "U01GH44F3GC"
  },
  {
    "client_msg_id": "69142a93-d6e3-45b8-970d-7f681205e2e9",
    "type": "message",
    "text": "well… nothing to see here… just a waste of an hour or two :slightly_smiling_face:",
    "user": "U01GH44F3GC",
    "ts": "1620851181.493500",
    "team": "T06V8J4SU",
    "user_team": "T06V8J4SU",
    "source_team": "T06V8J4SU",
    "user_profile": {
      "avatar_hash": "fa06fa2baaf2",
      "image_72": "https:////avatars.slack-edge.com//2020-12-07//1540536372007_fa06fa2baaf25c93bf33_72.jpg",
      "first_name": "D.",
      "real_name": "D. Ben Knoble",
      "display_name": "benknoble",
      "team": "T06V8J4SU",
      "name": "ben.knoble",
      "is_restricted": false,
      "is_ultra_restricted": false
    },
    "blocks": [
      {
        "type": "rich_text",
        "block_id": "zlu",
        "elements": [
          {
            "type": "rich_text_section",
            "elements": [
              {
                "type": "text",
                "text": "well… nothing to see here… just a waste of an hour or two "
              },
              {
                "type": "emoji",
                "name": "slightly_smiling_face"
              }
            ]
          }
        ]
      }
    ],
    "thread_ts": "1620850922.492200",
    "parent_user_id": "U01GH44F3GC"
  },
  {
    "client_msg_id": "e1a0f668-41d8-4dde-9178-26306a29bbf1",
    "type": "message",
    "text": "Still curious why this didn’t work, but at least I can stop working on it",
    "user": "U01GH44F3GC",
    "ts": "1620851315.493700",
    "team": "T06V8J4SU",
    "user_team": "T06V8J4SU",
    "source_team": "T06V8J4SU",
    "user_profile": {
      "avatar_hash": "fa06fa2baaf2",
      "image_72": "https:////avatars.slack-edge.com//2020-12-07//1540536372007_fa06fa2baaf25c93bf33_72.jpg",
      "first_name": "D.",
      "real_name": "D. Ben Knoble",
      "display_name": "benknoble",
      "team": "T06V8J4SU",
      "name": "ben.knoble",
      "is_restricted": false,
      "is_ultra_restricted": false
    },
    "blocks": [
      {
        "type": "rich_text",
        "block_id": "rpff",
        "elements": [
          {
            "type": "rich_text_section",
            "elements": [
              {
                "type": "text",
                "text": "Still curious why this didn’t work, but at least I can stop working on it"
              }
            ]
          }
        ]
      }
    ],
    "thread_ts": "1620850922.492200",
    "parent_user_id": "U01GH44F3GC"
  },
  {
    "client_msg_id": "fd9d5c16-5eeb-4bdc-95d0-47d445b277c6",
    "type": "message",
    "text": "The source is here <https:////github.com//racket//compatibility//blob//master//compatibility-lib//compatibility//defmacro.rkt>, looking for clues now",
    "user": "U01GH44F3GC",
    "ts": "1620851388.494300",
    "team": "T06V8J4SU",
    "user_team": "T06V8J4SU",
    "source_team": "T06V8J4SU",
    "user_profile": {
      "avatar_hash": "fa06fa2baaf2",
      "image_72": "https:////avatars.slack-edge.com//2020-12-07//1540536372007_fa06fa2baaf25c93bf33_72.jpg",
      "first_name": "D.",
      "real_name": "D. Ben Knoble",
      "display_name": "benknoble",
      "team": "T06V8J4SU",
      "name": "ben.knoble",
      "is_restricted": false,
      "is_ultra_restricted": false
    },
    "attachments": [
      {
        "text": "```\n#lang racket//base\n\n;; defmacro - for legacy macros only\n\n(require (for-syntax racket//base syntax//stx))\n\n(provide define-macro\n         defmacro)\n\n(define-syntax define-macro\n  (lambda (stx)\n    (syntax-case stx ()\n      [(_ (name . args) proc0 proc ...)\n       (begin\n         (unless (identifier? (syntax name))\n           (raise-syntax-error\n            #f\n            \"expected an identifier for the macro name\"\n            stx\n            (syntax name)))\n         (let loop ([args (syntax args)])\n           (cond\n            [(stx-null? args) 'ok]\n            [(identifier? args) 'ok]\n            [(stx-pair? args)\n             (unless (identifier? (stx-car args))\n               (raise-syntax-error\n                #f\n                \"expected an identifier for a macro argument\"\n                stx\n                (stx-car args)))\n             (loop (stx-cdr args))]\n            [else (raise-syntax-error\n                   #f\n                   \"not a valid argument sequence after the macro name\"\n                   stx)]))\n         (syntax\n          (define-macro name (lambda args proc0 proc ...))))]\n      [(_ name proc)\n       (begin\n         (unless (identifier? (syntax name))\n           (raise-syntax-error\n            #f\n            \"expected an identifier for the macro name\"\n            stx\n            (syntax name)))\n         (syntax\n          (define-syntax name\n            (let ([p proc])\n              (unless (procedure? p)\n                (raise-type-error\n                 'define-macro\n                 \"procedure (arity 1)\"\n                 p))\n              (lambda (stx)\n                (let ([l (syntax-&gt;list stx)])\n                  (unless (and l (procedure-arity-includes? p (sub1 (length l))))\n                    (raise-syntax-error\n                     #f\n                     \"bad form\"\n                     stx))\n                  (let ([ht (make-hash)])\n                    (datum-&gt;syntax\n                     stx\n                     (dm-subst\n                      ht\n                      (apply p (cdr (dm-syntax-&gt;datum stx ht))))\n                     stx))))))))])))\n\n(define-syntax defmacro\n  (syntax-rules ()\n      [(_ name formals body1 body ...)\n       (define-macro (name . formals) body1 body ...)]))\n\n;; helper submodule\n;;\n;; defined as a submodule because swindle requires it\n(module dmhelp racket//base\n  (require syntax//stx)\n\n  (provide dm-syntax-&gt;datum\n           dm-subst)\n\n  ;; `dm-syntax-&gt;datum' is like syntax-object-&gt;datum, but it also\n  ;; builds a hash table that maps generated data to original syntax\n  ;; objects. The hash table can then be used with `dm-subst' to\n  ;; replace each re-used, unmodified datum with the original syntax\n  ;; object.\n\n  (define (dm-syntax-&gt;datum stx ht)\n    ;; Easiest to handle cycles by letting `syntax-object-&gt;datum'\n    ;;  do all the work.\n    (let ([v (syntax-&gt;datum stx)])\n      (let loop ([stx stx][v v])\n        (let ([already (hash-ref ht v (lambda () #f))])\n          (if already\n              (hash-set! ht v #t) ;; not stx =&gt; don't subst later\n              (hash-set! ht v stx))\n          (cond\n           [(stx-pair? stx)\n            (loop (stx-car stx) (car v))\n            (loop (stx-cdr stx) (cdr v))]\n           [(stx-null? stx) null]\n           [(vector? (syntax-e stx))\n            (for-each\n             loop\n             (vector-&gt;list\n              (syntax-e stx))\n             (vector-&gt;list v))]\n           [(box? (syntax-e stx))\n            (loop (unbox (syntax-e stx))\n                  (unbox v))]\n           [else (void)])))\n      v))\n\n  (define (dm-subst ht v)\n    (define cycle-ht (make-hash))\n    (let loop ([v v])\n      (if (hash-ref cycle-ht v (lambda () #f))\n          v\n          (begin\n            (hash-set! cycle-ht v #t)\n            (let ([m (hash-ref ht v (lambda () #f))])\n              (cond\n               [(syntax? m) m] ;; subst back!\n               [(pair? v) (cons (loop (car v))\n                                (loop (cdr v)))]\n               [(vector? v) (list-&gt;vector\n                             (map\n                              loop\n                              (vector-&gt;list v)))]\n               [(box? v) (box (loop (unbox v)))]\n               [else v])))))))\n\n;; this require has to be here after the submodule\n(require (for-syntax 'dmhelp))\n\n```",
        "title": "<https:////github.com//racket//compatibility//blob//master//compatibility-lib//compatibility//defmacro.rkt | defmacro.rkt>",
        "footer": "<https:////github.com//racket//compatibility|racket//compatibility>",
        "id": 1,
        "footer_icon": "https:////slack.github.com//static//img//favicon-neutral.png",
        "color": "24292f",
        "mrkdwn_in": [
          "text"
        ],
        "fallback": "<https:////github.com//racket//compatibility//blob//master//compatibility-lib//compatibility//defmacro.rkt | defmacro.rkt>",
        "bot_id": "B01UDUMMY",
        "app_unfurl_url": "https:////github.com//racket//compatibility//blob//master//compatibility-lib//compatibility//defmacro.rkt",
        "is_app_unfurl": true
      }
    ],
    "blocks": [
      {
        "type": "rich_text",
        "block_id": "D8h6",
        "elements": [
          {
            "type": "rich_text_section",
            "elements": [
              {
                "type": "text",
                "text": "The source is here "
              },
              {
                "type": "link",
                "url": "https:////github.com//racket//compatibility//blob//master//compatibility-lib//compatibility//defmacro.rkt"
              },
              {
                "type": "text",
                "text": ", looking for clues now"
              }
            ]
          }
        ]
      }
    ],
    "thread_ts": "1620850922.492200",
    "parent_user_id": "U01GH44F3GC"
  },
  {
    "type": "message",
    "text": "No way—that builtin has the same issue.",
    "files": [
      {
        "id": "F022F95J3GQ",
        "created": 1620851659,
        "timestamp": 1620851659,
        "name": "defmacro2.rkt",
        "title": "defmacro2.rkt",
        "mimetype": "application//octet-stream",
        "filetype": "binary",
        "pretty_type": "Binary",
        "user": "U01GH44F3GC",
        "editable": false,
        "size": 1557,
        "mode": "hosted",
        "is_external": false,
        "external_type": "",
        "is_public": true,
        "public_url_shared": false,
        "display_as_bot": false,
        "username": "",
        "url_private": "https:////files.slack.com//files-pri//T06V8J4SU-F022F95J3GQ//defmacro2.rkt?t=xoxe-6994616912-2082670687377-2093858219888-e478a241be864f9024d4605f4dbabd5c",
        "url_private_download": "https:////files.slack.com//files-pri//T06V8J4SU-F022F95J3GQ//download//defmacro2.rkt?t=xoxe-6994616912-2082670687377-2093858219888-e478a241be864f9024d4605f4dbabd5c",
        "permalink": "https:////racket.slack.com//files//U01GH44F3GC//F022F95J3GQ//defmacro2.rkt",
        "permalink_public": "https:////slack-files.com//T06V8J4SU-F022F95J3GQ-de53a1331b",
        "is_starred": false,
        "has_rich_preview": false
      }
    ],
    "upload": false,
    "blocks": [
      {
        "type": "rich_text",
        "block_id": "i08Y",
        "elements": [
          {
            "type": "rich_text_section",
            "elements": [
              {
                "type": "text",
                "text": "No way—that builtin has the same issue."
              }
            ]
          }
        ]
      }
    ],
    "user": "U01GH44F3GC",
    "display_as_bot": false,
    "ts": "1620851660.494600",
    "thread_ts": "1620850922.492200",
    "parent_user_id": "U01GH44F3GC"
  },
  {
    "client_msg_id": "0f1ca4f8-429d-47e3-8463-5082a9e29214",
    "type": "message",
    "text": "_sigh_ thank you :tada: syntax highlighting wasn’t coloring, so I should have known…",
    "user": "U01GH44F3GC",
    "ts": "1620851860.495000",
    "team": "T06V8J4SU",
    "user_team": "T06V8J4SU",
    "source_team": "T06V8J4SU",
    "user_profile": {
      "avatar_hash": "fa06fa2baaf2",
      "image_72": "https:////avatars.slack-edge.com//2020-12-07//1540536372007_fa06fa2baaf25c93bf33_72.jpg",
      "first_name": "D.",
      "real_name": "D. Ben Knoble",
      "display_name": "benknoble",
      "team": "T06V8J4SU",
      "name": "ben.knoble",
      "is_restricted": false,
      "is_ultra_restricted": false
    },
    "blocks": [
      {
        "type": "rich_text",
        "block_id": "ZYR",
        "elements": [
          {
            "type": "rich_text_section",
            "elements": [
              {
                "type": "text",
                "text": "sigh",
                "style": {
                  "italic": true
                }
              },
              {
                "type": "text",
                "text": " thank you "
              },
              {
                "type": "emoji",
                "name": "tada"
              },
              {
                "type": "text",
                "text": " syntax highlighting wasn’t coloring, so I should have known…"
              }
            ]
          }
        ]
      }
    ],
    "thread_ts": "1620850922.492200",
    "parent_user_id": "U01GH44F3GC"
  },
  {
    "client_msg_id": "8582B698-0C01-41F0-BB32-B040B3CF9D93",
    "type": "message",
    "text": "I cant comment on stupid, but it at least sounds fun, if possibly insecure. I bet Paul Graham would have thoughts from back in the via web days",
    "user": "U01GH44F3GC",
    "ts": "1620860862.001200",
    "team": "T06V8J4SU",
    "user_team": "T06V8J4SU",
    "source_team": "T06V8J4SU",
    "user_profile": {
      "avatar_hash": "fa06fa2baaf2",
      "image_72": "https:////avatars.slack-edge.com//2020-12-07//1540536372007_fa06fa2baaf25c93bf33_72.jpg",
      "first_name": "D.",
      "real_name": "D. Ben Knoble",
      "display_name": "benknoble",
      "team": "T06V8J4SU",
      "name": "ben.knoble",
      "is_restricted": false,
      "is_ultra_restricted": false
    },
    "blocks": [
      {
        "type": "rich_text",
        "block_id": "n8V",
        "elements": [
          {
            "type": "rich_text_section",
            "elements": [
              {
                "type": "text",
                "text": "I cant comment on stupid, but it at least sounds fun, if possibly insecure. I bet Paul Graham would have thoughts from back in the via web days"
              }
            ]
          }
        ]
      }
    ],
    "thread_ts": "1620858439.497600",
    "parent_user_id": "UDUMMY"
  }
]
