[
  {
    "client_msg_id": "810C0D6A-5A00-462A-A1E2-6475B0DEF349",
    "type": "message",
    "text": "Also files or Unix pipes. Depends on the type of system: interactive? Long or short running? Etc",
    "user": "U01GH44F3GC",
    "ts": "1619385347.221900",
    "team": "T06V8J4SU",
    "user_team": "T06V8J4SU",
    "source_team": "T06V8J4SU",
    "user_profile": {
      "avatar_hash": "fa06fa2baaf2",
      "image_72": "https:\/\/avatars.slack-edge.com\/2020-12-07\/1540536372007_fa06fa2baaf25c93bf33_72.jpg",
      "first_name": "D.",
      "real_name": "D. Ben Knoble",
      "display_name": "benknoble",
      "team": "T06V8J4SU",
      "name": "ben.knoble",
      "is_restricted": false,
      "is_ultra_restricted": false
    },
    "blocks": [
      {
        "type": "rich_text",
        "block_id": "XmFs",
        "elements": [
          {
            "type": "rich_text_section",
            "elements": [
              {
                "type": "text",
                "text": "Also files or Unix pipes. Depends on the type of system: interactive? Long or short running? Etc"
              }
            ]
          }
        ]
      }
    ],
    "thread_ts": "1619378121.218200",
    "parent_user_id": "UDUMMY"
  },
  {
    "client_msg_id": "C5613B8C-F9FF-41A6-B657-2690EA5A8B4C",
    "type": "message",
    "text": "Either way, S expressions make a good serialization format",
    "user": "U01GH44F3GC",
    "ts": "1619385379.222700",
    "team": "T06V8J4SU",
    "user_team": "T06V8J4SU",
    "source_team": "T06V8J4SU",
    "user_profile": {
      "avatar_hash": "fa06fa2baaf2",
      "image_72": "https:\/\/avatars.slack-edge.com\/2020-12-07\/1540536372007_fa06fa2baaf25c93bf33_72.jpg",
      "first_name": "D.",
      "real_name": "D. Ben Knoble",
      "display_name": "benknoble",
      "team": "T06V8J4SU",
      "name": "ben.knoble",
      "is_restricted": false,
      "is_ultra_restricted": false
    },
    "blocks": [
      {
        "type": "rich_text",
        "block_id": "ho5Z",
        "elements": [
          {
            "type": "rich_text_section",
            "elements": [
              {
                "type": "text",
                "text": "Either way, S expressions make a good serialization format"
              }
            ]
          }
        ]
      }
    ],
    "thread_ts": "1619378121.218200",
    "parent_user_id": "UDUMMY"
  }
]
