[
  {
    "client_msg_id": "f3581f0e-9d7c-48d3-b882-9a2ac90a51d7",
    "type": "message",
    "text": "I have a feeling this involves custodians, which I know nothing about, but I would like to delete a temporary directory when my program exits, even if in error. Any pointers?",
    "user": "U01GH44F3GC",
    "ts": "1623095202.464300",
    "team": "T06V8J4SU",
    "user_team": "T06V8J4SU",
    "source_team": "T06V8J4SU",
    "user_profile": {
      "avatar_hash": "fa06fa2baaf2",
      "image_72": "https:\/\/avatars.slack-edge.com\/2020-12-07\/1540536372007_fa06fa2baaf25c93bf33_72.jpg",
      "first_name": "D.",
      "real_name": "D. Ben Knoble",
      "display_name": "benknoble",
      "team": "T06V8J4SU",
      "name": "ben.knoble",
      "is_restricted": false,
      "is_ultra_restricted": false
    },
    "blocks": [
      {
        "type": "rich_text",
        "block_id": "N8Ms",
        "elements": [
          {
            "type": "rich_text_section",
            "elements": [
              {
                "type": "text",
                "text": "I have a feeling this involves custodians, which I know nothing about, but I would like to delete a temporary directory when my program exits, even if in error. Any pointers?"
              }
            ]
          }
        ]
      }
    ]
  },
  {
    "client_msg_id": "ad954f7f-4fd3-4737-8826-5898be80d687",
    "type": "message",
    "text": "(This wouldn’t be necessary if I could find a `mkdtemp` or similar; as a hack, I’m making directories in `(find-system-path 'temp-dir)`, which is the same place between runs.)",
    "user": "U01GH44F3GC",
    "ts": "1623095279.465400",
    "team": "T06V8J4SU",
    "user_team": "T06V8J4SU",
    "source_team": "T06V8J4SU",
    "user_profile": {
      "avatar_hash": "fa06fa2baaf2",
      "image_72": "https:\/\/avatars.slack-edge.com\/2020-12-07\/1540536372007_fa06fa2baaf25c93bf33_72.jpg",
      "first_name": "D.",
      "real_name": "D. Ben Knoble",
      "display_name": "benknoble",
      "team": "T06V8J4SU",
      "name": "ben.knoble",
      "is_restricted": false,
      "is_ultra_restricted": false
    },
    "blocks": [
      {
        "type": "rich_text",
        "block_id": "8HZtA",
        "elements": [
          {
            "type": "rich_text_section",
            "elements": [
              {
                "type": "text",
                "text": "(This wouldn’t be necessary if I could find a "
              },
              {
                "type": "text",
                "text": "mkdtemp",
                "style": {
                  "code": true
                }
              },
              {
                "type": "text",
                "text": " or similar; as a hack, I’m making directories in "
              },
              {
                "type": "text",
                "text": "(find-system-path 'temp-dir)",
                "style": {
                  "code": true
                }
              },
              {
                "type": "text",
                "text": ", which is the same place between runs.)"
              }
            ]
          }
        ]
      }
    ]
  },
  {
    "client_msg_id": "6636e341-973a-4a8b-8faf-82e05406d728",
    "type": "message",
    "text": "I looked at `make-temporary-file`, but IIUC that makes files and not directories; I need to make a directory (in which I am `unzip`ping an archive). I’ll look at plumbers, though.",
    "user": "U01GH44F3GC",
    "ts": "1623095878.467100",
    "team": "T06V8J4SU",
    "user_team": "T06V8J4SU",
    "source_team": "T06V8J4SU",
    "user_profile": {
      "avatar_hash": "fa06fa2baaf2",
      "image_72": "https:\/\/avatars.slack-edge.com\/2020-12-07\/1540536372007_fa06fa2baaf25c93bf33_72.jpg",
      "first_name": "D.",
      "real_name": "D. Ben Knoble",
      "display_name": "benknoble",
      "team": "T06V8J4SU",
      "name": "ben.knoble",
      "is_restricted": false,
      "is_ultra_restricted": false
    },
    "blocks": [
      {
        "type": "rich_text",
        "block_id": "nixC",
        "elements": [
          {
            "type": "rich_text_section",
            "elements": [
              {
                "type": "text",
                "text": "I looked at "
              },
              {
                "type": "text",
                "text": "make-temporary-file",
                "style": {
                  "code": true
                }
              },
              {
                "type": "text",
                "text": ", but IIUC that makes files and not directories; I need to make a directory (in which I am "
              },
              {
                "type": "text",
                "text": "unzip",
                "style": {
                  "code": true
                }
              },
              {
                "type": "text",
                "text": "ping an archive). I’ll look at plumbers, though."
              }
            ]
          }
        ]
      }
    ]
  },
  {
    "client_msg_id": "25e5a3ae-3e46-4ff5-a6c9-9785ad976935",
    "type": "message",
    "text": "Ah, I misunderstood the phrasing “combined with” in the docs. This looks like what I need. Thanks <@UDUMMY>!",
    "user": "U01GH44F3GC",
    "ts": "1623096364.468800",
    "team": "T06V8J4SU",
    "user_team": "T06V8J4SU",
    "source_team": "T06V8J4SU",
    "user_profile": {
      "avatar_hash": "fa06fa2baaf2",
      "image_72": "https:\/\/avatars.slack-edge.com\/2020-12-07\/1540536372007_fa06fa2baaf25c93bf33_72.jpg",
      "first_name": "D.",
      "real_name": "D. Ben Knoble",
      "display_name": "benknoble",
      "team": "T06V8J4SU",
      "name": "ben.knoble",
      "is_restricted": false,
      "is_ultra_restricted": false
    },
    "blocks": [
      {
        "type": "rich_text",
        "block_id": "E7P",
        "elements": [
          {
            "type": "rich_text_section",
            "elements": [
              {
                "type": "text",
                "text": "Ah, I misunderstood the phrasing “combined with” in the docs. This looks like what I need. Thanks "
              },
              {
                "type": "user",
                "user_id": "UDUMMY"
              },
              {
                "type": "text",
                "text": "!"
              }
            ]
          }
        ]
      }
    ]
  },
  {
    "client_msg_id": "c5af2f51-d54c-452f-9b66-4a72e827d33d",
    "type": "message",
    "text": "The latest version of the archive is up-and-running at <https:\/\/benknoble.github.io\/racket-slack-archive\/> (extends through roughly 2021-05-16). The site is now built using a mix of Racket (data processing) and Jekyll\/Ruby (site-generation). I have some todos to make a nicer experience, and help is welcome. (Also if anyone wants to start working porting the Jekyll + Ruby stuff to Racket, feel free.)",
    "user": "U01GH44F3GC",
    "ts": "1623100703.470700",
    "team": "T06V8J4SU",
    "user_team": "T06V8J4SU",
    "source_team": "T06V8J4SU",
    "user_profile": {
      "avatar_hash": "fa06fa2baaf2",
      "image_72": "https:\/\/avatars.slack-edge.com\/2020-12-07\/1540536372007_fa06fa2baaf25c93bf33_72.jpg",
      "first_name": "D.",
      "real_name": "D. Ben Knoble",
      "display_name": "benknoble",
      "team": "T06V8J4SU",
      "name": "ben.knoble",
      "is_restricted": false,
      "is_ultra_restricted": false
    },
    "attachments": [
      {
        "title": "Racket Slack archive",
        "title_link": "https:\/\/benknoble.github.io\/racket-slack-archive\/",
        "text": "An archive of the Racket Slack community",
        "fallback": "Racket Slack archive",
        "from_url": "https:\/\/benknoble.github.io\/racket-slack-archive\/",
        "service_icon": "https:\/\/benknoble.github.io\/favicon.ico",
        "service_name": "benknoble.github.io",
        "id": 1,
        "original_url": "https:\/\/benknoble.github.io\/racket-slack-archive\/"
      }
    ],
    "blocks": [
      {
        "type": "rich_text",
        "block_id": "yf4pQ",
        "elements": [
          {
            "type": "rich_text_section",
            "elements": [
              {
                "type": "text",
                "text": "The latest version of the archive is up-and-running at "
              },
              {
                "type": "link",
                "url": "https:\/\/benknoble.github.io\/racket-slack-archive\/"
              },
              {
                "type": "text",
                "text": " (extends through roughly 2021-05-16). The site is now built using a mix of Racket (data processing) and Jekyll\/Ruby (site-generation). I have some todos to make a nicer experience, and help is welcome. (Also if anyone wants to start working porting the Jekyll + Ruby stuff to Racket, feel free.)"
              }
            ]
          }
        ]
      }
    ]
  }
]
