[
  {
    "client_msg_id": "7AD8CCD3-3C99-4896-AF96-4075C9D7C7C2",
    "type": "message",
    "text": "I might be interested—depends on what the archive format is, but would a github repo that deploys (via pages) or something work? I can’t be responsible for creating the archive each month, but I can take the data (transform as necessary) and put together a barebones set of static pages. Search-ability is not my forte, though. ",
    "user": "U01GH44F3GC",
    "ts": "1615733080.202700",
    "team": "T06V8J4SU",
    "user_team": "T06V8J4SU",
    "source_team": "T06V8J4SU",
    "user_profile": {
      "avatar_hash": "fa06fa2baaf2",
      "image_72": "https:////avatars.slack-edge.com//2020-12-07//1540536372007_fa06fa2baaf25c93bf33_72.jpg",
      "first_name": "D.",
      "real_name": "D. Ben Knoble",
      "display_name": "benknoble",
      "team": "T06V8J4SU",
      "name": "ben.knoble",
      "is_restricted": false,
      "is_ultra_restricted": false
    },
    "blocks": [
      {
        "type": "rich_text",
        "block_id": "evVfC",
        "elements": [
          {
            "type": "rich_text_section",
            "elements": [
              {
                "type": "text",
                "text": "I might be interested—depends on what the archive format is, but would a github repo that deploys (via pages) or something work? I can’t be responsible for creating the archive each month, but I can take the data (transform as necessary) and put together a barebones set of static pages. Search-ability is not my forte, though. "
              }
            ]
          }
        ]
      }
    ],
    "thread_ts": "1615719737.169900",
    "parent_user_id": "UDUMMY"
  },
  {
    "client_msg_id": "456C29E8-B271-4218-A186-E5E0AF156BC4",
    "type": "message",
    "text": "^what samth said; the name contains syntax information that is used to cooperate with other components of racket. Cf. <https:////drive.google.com//file//d//1VHhJGhh44Sq9YCs30GkpMT9hCnCeTmD-//view|https:////drive.google.com//file//d//1VHhJGhh44Sq9YCs30GkpMT9hCnCeTmD-//view>",
    "user": "U01GH44F3GC",
    "ts": "1615733394.204400",
    "team": "T06V8J4SU",
    "user_team": "T06V8J4SU",
    "source_team": "T06V8J4SU",
    "user_profile": {
      "avatar_hash": "fa06fa2baaf2",
      "image_72": "https:////avatars.slack-edge.com//2020-12-07//1540536372007_fa06fa2baaf25c93bf33_72.jpg",
      "first_name": "D.",
      "real_name": "D. Ben Knoble",
      "display_name": "benknoble",
      "team": "T06V8J4SU",
      "name": "ben.knoble",
      "is_restricted": false,
      "is_ultra_restricted": false
    },
    "blocks": [
      {
        "type": "rich_text",
        "block_id": "br6S",
        "elements": [
          {
            "type": "rich_text_section",
            "elements": [
              {
                "type": "text",
                "text": "^what samth said; the name contains syntax information that is used to cooperate with other components of racket. Cf. "
              },
              {
                "type": "link",
                "url": "https:////drive.google.com//file//d//1VHhJGhh44Sq9YCs30GkpMT9hCnCeTmD-//view",
                "text": "https:////drive.google.com//file//d//1VHhJGhh44Sq9YCs30GkpMT9hCnCeTmD-//view"
              }
            ]
          }
        ]
      }
    ],
    "thread_ts": "1615725800.195200",
    "parent_user_id": "UDUMMY",
    "reactions": [
      {
        "name": "+1",
        "users": [
          "UDUMMY"
        ],
        "count": 1
      }
    ]
  }
]
