[
  {
    "client_msg_id": "03C50A0D-2686-4DF3-8B9B-27F119D623FF",
    "type": "message",
    "text": "Otoh, if the whole program does not need sudo privileges, it should not have them... ",
    "user": "U01GH44F3GC",
    "ts": "1620499203.407300",
    "team": "T06V8J4SU",
    "user_team": "T06V8J4SU",
    "source_team": "T06V8J4SU",
    "user_profile": {
      "avatar_hash": "fa06fa2baaf2",
      "image_72": "https://avatars.slack-edge.com/2020-12-07/1540536372007_fa06fa2baaf25c93bf33_72.jpg",
      "first_name": "D.",
      "real_name": "D. Ben Knoble",
      "display_name": "benknoble",
      "team": "T06V8J4SU",
      "name": "ben.knoble",
      "is_restricted": false,
      "is_ultra_restricted": false
    },
    "blocks": [
      {
        "type": "rich_text",
        "block_id": "qikbO",
        "elements": [
          {
            "type": "rich_text_section",
            "elements": [
              {
                "type": "text",
                "text": "Otoh, if the whole program does not need sudo privileges, it should not have them... "
              }
            ]
          }
        ]
      }
    ],
    "thread_ts": "1620475867.395200",
    "parent_user_id": "UDUMMY"
  }
]
