[
  {
    "client_msg_id": "929E1193-014C-4D19-BB59-6EE85A84FA9C",
    "type": "message",
    "text": "Relevant: <https:\/\/smlfamily.github.io\/Basis\/integer.html#SIG:INTEGER.div:VAL|https:\/\/smlfamily.github.io\/Basis\/integer.html#SIG:INTEGER.div:VAL> note diff between div and quot",
    "user": "U01GH44F3GC",
    "ts": "1616019886.080900",
    "team": "T06V8J4SU",
    "user_team": "T06V8J4SU",
    "source_team": "T06V8J4SU",
    "user_profile": {
      "avatar_hash": "fa06fa2baaf2",
      "image_72": "https:\/\/avatars.slack-edge.com\/2020-12-07\/1540536372007_fa06fa2baaf25c93bf33_72.jpg",
      "first_name": "D.",
      "real_name": "D. Ben Knoble",
      "display_name": "benknoble",
      "team": "T06V8J4SU",
      "name": "ben.knoble",
      "is_restricted": false,
      "is_ultra_restricted": false
    },
    "blocks": [
      {
        "type": "rich_text",
        "block_id": "Ix=6",
        "elements": [
          {
            "type": "rich_text_section",
            "elements": [
              {
                "type": "text",
                "text": "Relevant: "
              },
              {
                "type": "link",
                "url": "https:\/\/smlfamily.github.io\/Basis\/integer.html#SIG:INTEGER.div:VAL",
                "text": "https:\/\/smlfamily.github.io\/Basis\/integer.html#SIG:INTEGER.div:VAL"
              },
              {
                "type": "text",
                "text": " note diff between div and quot"
              }
            ]
          }
        ]
      }
    ],
    "thread_ts": "1616009806.045400",
    "parent_user_id": "UDUMMY"
  }
]
