[
  {
    "client_msg_id": "f3674c1d-b890-4949-9672-b129701d508d",
    "type": "message",
    "text": "This was given to me when I was interested in inspecting modules from other code: <https:////gist.github.com//shhyou//726d0542aef45b13981173a334a0202c>",
    "user": "U01GH44F3GC",
    "ts": "1622918318.432800",
    "team": "T06V8J4SU",
    "user_team": "T06V8J4SU",
    "source_team": "T06V8J4SU",
    "user_profile": {
      "avatar_hash": "fa06fa2baaf2",
      "image_72": "https:////avatars.slack-edge.com//2020-12-07//1540536372007_fa06fa2baaf25c93bf33_72.jpg",
      "first_name": "D.",
      "real_name": "D. Ben Knoble",
      "display_name": "benknoble",
      "team": "T06V8J4SU",
      "name": "ben.knoble",
      "is_restricted": false,
      "is_ultra_restricted": false
    },
    "blocks": [
      {
        "type": "rich_text",
        "block_id": "3Nji9",
        "elements": [
          {
            "type": "rich_text_section",
            "elements": [
              {
                "type": "text",
                "text": "This was given to me when I was interested in inspecting modules from other code: "
              },
              {
                "type": "link",
                "url": "https:////gist.github.com//shhyou//726d0542aef45b13981173a334a0202c"
              }
            ]
          }
        ]
      }
    ],
    "thread_ts": "1622910336.425800",
    "parent_user_id": "UDUMMY"
  }
]
