[
  {
    "client_msg_id": "ee8ac704-503a-4424-9bd5-ba9a46c77345",
    "type": "message",
    "text": "In this particular case, you could follow the Java-like idiom from `string != null &amp;&amp; …` to write\n```(let find-empty-cell ([index 0])\n  (and (not (= index BOARD-SIZE))\n       (let ([item (board-ref board index)])\n         (cond …))))```\n(I might use `&gt;=` if I was being defensive, gives a stronger condition on the else-branch. There might also be a way to express this with something like the `for` forms or other “functional” constructs, given that you know the sequence of indexes to check ahead of time. Whether they’re as efficient is another story—if the board-size is small, say, 8x8, manifesting the list of indices for a filter + first might not be too much overhead. Otherwise, you might want streaming operations to get the sort of lazy index generation you get with the let-loop version.)",
    "user": "U01GH44F3GC",
    "ts": "1618069755.368000",
    "team": "T06V8J4SU",
    "user_team": "T06V8J4SU",
    "source_team": "T06V8J4SU",
    "user_profile": {
      "avatar_hash": "fa06fa2baaf2",
      "image_72": "https:\/\/avatars.slack-edge.com\/2020-12-07\/1540536372007_fa06fa2baaf25c93bf33_72.jpg",
      "first_name": "D.",
      "real_name": "D. Ben Knoble",
      "display_name": "benknoble",
      "team": "T06V8J4SU",
      "name": "ben.knoble",
      "is_restricted": false,
      "is_ultra_restricted": false
    },
    "blocks": [
      {
        "type": "rich_text",
        "block_id": "ZJvF",
        "elements": [
          {
            "type": "rich_text_section",
            "elements": [
              {
                "type": "text",
                "text": "In this particular case, you could follow the Java-like idiom from "
              },
              {
                "type": "text",
                "text": "string != null && …",
                "style": {
                  "code": true
                }
              },
              {
                "type": "text",
                "text": " to write\n"
              }
            ]
          },
          {
            "type": "rich_text_preformatted",
            "elements": [
              {
                "type": "text",
                "text": "(let find-empty-cell ([index 0])\n  (and (not (= index BOARD-SIZE))\n       (let ([item (board-ref board index)])\n         (cond …))))"
              }
            ]
          },
          {
            "type": "rich_text_section",
            "elements": [
              {
                "type": "text",
                "text": "(I might use "
              },
              {
                "type": "text",
                "text": ">=",
                "style": {
                  "code": true
                }
              },
              {
                "type": "text",
                "text": " if I was being defensive, gives a stronger condition on the else-branch. There might also be a way to express this with something like the "
              },
              {
                "type": "text",
                "text": "for",
                "style": {
                  "code": true
                }
              },
              {
                "type": "text",
                "text": " forms or other “functional” constructs, given that you know the sequence of indexes to check ahead of time. Whether they’re as efficient is another story—if the board-size is small, say, 8x8, manifesting the list of indices for a filter + first might not be too much overhead. Otherwise, you might want streaming operations to get the sort of lazy index generation you get with the let-loop version.)"
              }
            ]
          }
        ]
      }
    ],
    "thread_ts": "1618065841.367400",
    "parent_user_id": "UDUMMY"
  },
  {
    "client_msg_id": "5feed228-80a3-4d92-a277-cfbbf4cd3b3f",
    "type": "message",
    "text": "I suppose another option would be to have `board-ref-err` or whatever a good name is that returns `#f` when the index is out-of-bounds, like an optional return value. Easy enough to write yourself if stdlib doesn’t have it.",
    "user": "U01GH44F3GC",
    "ts": "1618069884.368400",
    "team": "T06V8J4SU",
    "user_team": "T06V8J4SU",
    "source_team": "T06V8J4SU",
    "user_profile": {
      "avatar_hash": "fa06fa2baaf2",
      "image_72": "https:\/\/avatars.slack-edge.com\/2020-12-07\/1540536372007_fa06fa2baaf25c93bf33_72.jpg",
      "first_name": "D.",
      "real_name": "D. Ben Knoble",
      "display_name": "benknoble",
      "team": "T06V8J4SU",
      "name": "ben.knoble",
      "is_restricted": false,
      "is_ultra_restricted": false
    },
    "blocks": [
      {
        "type": "rich_text",
        "block_id": "FO5",
        "elements": [
          {
            "type": "rich_text_section",
            "elements": [
              {
                "type": "text",
                "text": "I suppose another option would be to have "
              },
              {
                "type": "text",
                "text": "board-ref-err",
                "style": {
                  "code": true
                }
              },
              {
                "type": "text",
                "text": " or whatever a good name is that returns "
              },
              {
                "type": "text",
                "text": "#f",
                "style": {
                  "code": true
                }
              },
              {
                "type": "text",
                "text": " when the index is out-of-bounds, like an optional return value. Easy enough to write yourself if stdlib doesn’t have it."
              }
            ]
          }
        ]
      }
    ],
    "thread_ts": "1618065841.367400",
    "parent_user_id": "UDUMMY"
  }
]
