[
  {
    "client_msg_id": "99a67e7e-3acb-4a6f-87e3-5dfb63862e8b",
    "type": "message",
    "text": "Doesn’t look like <http:\/\/codereview.stackexchange.com|codereview.stackexchange.com> has a very active racket community. I wrote my first macro while trying to understand `for` and wanted some feedback; where’s a good place for that?",
    "user": "U01GH44F3GC",
    "ts": "1608572530.392900",
    "team": "T06V8J4SU",
    "user_team": "T06V8J4SU",
    "source_team": "T06V8J4SU",
    "user_profile": {
      "avatar_hash": "fa06fa2baaf2",
      "image_72": "https:\/\/avatars.slack-edge.com\/2020-12-07\/1540536372007_fa06fa2baaf25c93bf33_72.jpg",
      "first_name": "D.",
      "real_name": "D. Ben Knoble",
      "display_name": "benknoble",
      "team": "T06V8J4SU",
      "name": "ben.knoble",
      "is_restricted": false,
      "is_ultra_restricted": false
    },
    "blocks": [
      {
        "type": "rich_text",
        "block_id": "fBl",
        "elements": [
          {
            "type": "rich_text_section",
            "elements": [
              {
                "type": "text",
                "text": "Doesn’t look like "
              },
              {
                "type": "link",
                "url": "http:\/\/codereview.stackexchange.com",
                "text": "codereview.stackexchange.com"
              },
              {
                "type": "text",
                "text": " has a very active racket community. I wrote my first macro while trying to understand "
              },
              {
                "type": "text",
                "text": "for",
                "style": {
                  "code": true
                }
              },
              {
                "type": "text",
                "text": " and wanted some feedback; where’s a good place for that?"
              }
            ]
          }
        ]
      }
    ]
  },
  {
    "client_msg_id": "b10e0987-326b-464f-8e5f-1c40c5e9c95c",
    "type": "message",
    "text": "remove the `not`s: x is even iff (x-1) is odd",
    "user": "U01GH44F3GC",
    "ts": "1608580352.397300",
    "team": "T06V8J4SU",
    "user_team": "T06V8J4SU",
    "source_team": "T06V8J4SU",
    "user_profile": {
      "avatar_hash": "fa06fa2baaf2",
      "image_72": "https:\/\/avatars.slack-edge.com\/2020-12-07\/1540536372007_fa06fa2baaf25c93bf33_72.jpg",
      "first_name": "D.",
      "real_name": "D. Ben Knoble",
      "display_name": "benknoble",
      "team": "T06V8J4SU",
      "name": "ben.knoble",
      "is_restricted": false,
      "is_ultra_restricted": false
    },
    "blocks": [
      {
        "type": "rich_text",
        "block_id": "hhwzD",
        "elements": [
          {
            "type": "rich_text_section",
            "elements": [
              {
                "type": "text",
                "text": "remove the "
              },
              {
                "type": "text",
                "text": "not",
                "style": {
                  "code": true
                }
              },
              {
                "type": "text",
                "text": "s: x is even iff (x-1) is odd"
              }
            ]
          }
        ]
      }
    ]
  },
  {
    "client_msg_id": "166f0406-cfb2-45a8-a821-ba398a869ecc",
    "type": "message",
    "text": "and vice-versa",
    "user": "U01GH44F3GC",
    "ts": "1608580360.397600",
    "team": "T06V8J4SU",
    "user_team": "T06V8J4SU",
    "source_team": "T06V8J4SU",
    "user_profile": {
      "avatar_hash": "fa06fa2baaf2",
      "image_72": "https:\/\/avatars.slack-edge.com\/2020-12-07\/1540536372007_fa06fa2baaf25c93bf33_72.jpg",
      "first_name": "D.",
      "real_name": "D. Ben Knoble",
      "display_name": "benknoble",
      "team": "T06V8J4SU",
      "name": "ben.knoble",
      "is_restricted": false,
      "is_ultra_restricted": false
    },
    "blocks": [
      {
        "type": "rich_text",
        "block_id": "gXPe",
        "elements": [
          {
            "type": "rich_text_section",
            "elements": [
              {
                "type": "text",
                "text": "and vice-versa"
              }
            ]
          }
        ]
      }
    ]
  },
  {
    "client_msg_id": "070a823f-58c9-40a5-9f17-352bff9fe6fd",
    "type": "message",
    "text": "Happens :upside_down_face:",
    "user": "U01GH44F3GC",
    "ts": "1608580434.398800",
    "team": "T06V8J4SU",
    "user_team": "T06V8J4SU",
    "source_team": "T06V8J4SU",
    "user_profile": {
      "avatar_hash": "fa06fa2baaf2",
      "image_72": "https:\/\/avatars.slack-edge.com\/2020-12-07\/1540536372007_fa06fa2baaf25c93bf33_72.jpg",
      "first_name": "D.",
      "real_name": "D. Ben Knoble",
      "display_name": "benknoble",
      "team": "T06V8J4SU",
      "name": "ben.knoble",
      "is_restricted": false,
      "is_ultra_restricted": false
    },
    "blocks": [
      {
        "type": "rich_text",
        "block_id": "7HF",
        "elements": [
          {
            "type": "rich_text_section",
            "elements": [
              {
                "type": "text",
                "text": "Happens "
              },
              {
                "type": "emoji",
                "name": "upside_down_face"
              }
            ]
          }
        ]
      }
    ]
  }
]
