[
  {
    "client_msg_id": "14e38837-cb9c-4a06-b462-be9db9e57bde",
    "type": "message",
    "text": "Isn’t there a `(declare …)` form? Though it may not be needed for mutually-recursive functions because the function bodies are not evaluated?",
    "user": "U01GH44F3GC",
    "ts": "1608051530.237900",
    "team": "T06V8J4SU",
    "user_team": "T06V8J4SU",
    "source_team": "T06V8J4SU",
    "user_profile": {
      "avatar_hash": "fa06fa2baaf2",
      "image_72": "https:////avatars.slack-edge.com//2020-12-07//1540536372007_fa06fa2baaf25c93bf33_72.jpg",
      "first_name": "D.",
      "real_name": "D. Ben Knoble",
      "display_name": "benknoble",
      "team": "T06V8J4SU",
      "name": "ben.knoble",
      "is_restricted": false,
      "is_ultra_restricted": false
    },
    "blocks": [
      {
        "type": "rich_text",
        "block_id": "USyAB",
        "elements": [
          {
            "type": "rich_text_section",
            "elements": [
              {
                "type": "text",
                "text": "Isn’t there a "
              },
              {
                "type": "text",
                "text": "(declare …)",
                "style": {
                  "code": true
                }
              },
              {
                "type": "text",
                "text": " form? Though it may not be needed for mutually-recursive functions because the function bodies are not evaluated?"
              }
            ]
          }
        ]
      }
    ]
  },
  {
    "client_msg_id": "12729aa7-4594-4e44-a577-4f83c5099b67",
    "type": "message",
    "text": "Huh, maybe my brain made that up :slightly_smiling_face: sorry",
    "user": "U01GH44F3GC",
    "ts": "1608051647.239100",
    "team": "T06V8J4SU",
    "user_team": "T06V8J4SU",
    "source_team": "T06V8J4SU",
    "user_profile": {
      "avatar_hash": "fa06fa2baaf2",
      "image_72": "https:////avatars.slack-edge.com//2020-12-07//1540536372007_fa06fa2baaf25c93bf33_72.jpg",
      "first_name": "D.",
      "real_name": "D. Ben Knoble",
      "display_name": "benknoble",
      "team": "T06V8J4SU",
      "name": "ben.knoble",
      "is_restricted": false,
      "is_ultra_restricted": false
    },
    "blocks": [
      {
        "type": "rich_text",
        "block_id": "jR1//0",
        "elements": [
          {
            "type": "rich_text_section",
            "elements": [
              {
                "type": "text",
                "text": "Huh, maybe my brain made that up "
              },
              {
                "type": "emoji",
                "name": "slightly_smiling_face"
              },
              {
                "type": "text",
                "text": " sorry"
              }
            ]
          }
        ]
      }
    ]
  },
  {
    "client_msg_id": "f3e3465c-e916-4f58-bc0a-dfc124c54c96",
    "type": "message",
    "text": "Worth reading, probably: <https:////stackoverflow.com//q//19654973//4400820>",
    "user": "U01GH44F3GC",
    "ts": "1608052406.240300",
    "team": "T06V8J4SU",
    "user_team": "T06V8J4SU",
    "source_team": "T06V8J4SU",
    "user_profile": {
      "avatar_hash": "fa06fa2baaf2",
      "image_72": "https:////avatars.slack-edge.com//2020-12-07//1540536372007_fa06fa2baaf25c93bf33_72.jpg",
      "first_name": "D.",
      "real_name": "D. Ben Knoble",
      "display_name": "benknoble",
      "team": "T06V8J4SU",
      "name": "ben.knoble",
      "is_restricted": false,
      "is_ultra_restricted": false
    },
    "attachments": [
      {
        "service_name": "Stack Overflow",
        "title": "The Order of Variable and Function Definitions",
        "title_link": "https:////stackoverflow.com//q//19654973//4400820",
        "text": "Why is it that: Function definitions can use definitions defined after it while variable definitions can't. For example, a) the following code snippet is wrong: ; Must define function `f` before",
        "fallback": "Stack Overflow: The Order of Variable and Function Definitions",
        "thumb_url": "https:////cdn.sstatic.net//Sites//stackoverflow//Img//apple-touch-icon@2.png?v=73d79a89bded",
        "from_url": "https:////stackoverflow.com//q//19654973//4400820",
        "thumb_width": 316,
        "thumb_height": 316,
        "service_icon": "https:////cdn.sstatic.net//Sites//stackoverflow//Img//apple-touch-icon.png?v=c78bd457575a",
        "id": 1,
        "original_url": "https:////stackoverflow.com//q//19654973//4400820"
      }
    ],
    "blocks": [
      {
        "type": "rich_text",
        "block_id": "xjL",
        "elements": [
          {
            "type": "rich_text_section",
            "elements": [
              {
                "type": "text",
                "text": "Worth reading, probably: "
              },
              {
                "type": "link",
                "url": "https:////stackoverflow.com//q//19654973//4400820"
              }
            ]
          }
        ]
      }
    ],
    "thread_ts": "1608051453.237100",
    "parent_user_id": "UDUMMY",
    "reactions": [
      {
        "name": "+1",
        "users": [
          "UDUMMY"
        ],
        "count": 1
      }
    ]
  }
]
