[
  {
    "client_msg_id": "DCCD93A3-706B-49F2-81D6-C35B6AB0B95C",
    "type": "message",
    "text": "What was the end result ? I’m curious ; this looks like material that would interest me",
    "user": "U01GH44F3GC",
    "ts": "1609162639.080400",
    "team": "T06V8J4SU",
    "user_team": "T06V8J4SU",
    "source_team": "T06V8J4SU",
    "user_profile": {
      "avatar_hash": "fa06fa2baaf2",
      "image_72": "https://avatars.slack-edge.com/2020-12-07/1540536372007_fa06fa2baaf25c93bf33_72.jpg",
      "first_name": "D.",
      "real_name": "D. Ben Knoble",
      "display_name": "benknoble",
      "team": "T06V8J4SU",
      "name": "ben.knoble",
      "is_restricted": false,
      "is_ultra_restricted": false
    },
    "blocks": [
      {
        "type": "rich_text",
        "block_id": "Hp/P6",
        "elements": [
          {
            "type": "rich_text_section",
            "elements": [
              {
                "type": "text",
                "text": "What was the end result ? I’m curious ; this looks like material that would interest me"
              }
            ]
          }
        ]
      }
    ],
    "thread_ts": "1609129831.061200",
    "parent_user_id": "UDUMMY"
  },
  {
    "client_msg_id": "7EA6C03B-157F-4F45-8FBD-A0542F1F429F",
    "type": "message",
    "text": "Fwiw, your expectation is closer to how ML identifiers bind, and is why you have to either (a) write things bottom up (later definitions can only use earlier ones) or (b) use the `and` keyword to create (possibly) mutually-recursive declarations. ",
    "user": "U01GH44F3GC",
    "ts": "1609207233.115200",
    "team": "T06V8J4SU",
    "user_team": "T06V8J4SU",
    "source_team": "T06V8J4SU",
    "user_profile": {
      "avatar_hash": "fa06fa2baaf2",
      "image_72": "https://avatars.slack-edge.com/2020-12-07/1540536372007_fa06fa2baaf25c93bf33_72.jpg",
      "first_name": "D.",
      "real_name": "D. Ben Knoble",
      "display_name": "benknoble",
      "team": "T06V8J4SU",
      "name": "ben.knoble",
      "is_restricted": false,
      "is_ultra_restricted": false
    },
    "blocks": [
      {
        "type": "rich_text",
        "block_id": "zuh",
        "elements": [
          {
            "type": "rich_text_section",
            "elements": [
              {
                "type": "text",
                "text": "Fwiw, your expectation is closer to how ML identifiers bind, and is why you have to either (a) write things bottom up (later definitions can only use earlier ones) or (b) use the "
              },
              {
                "type": "text",
                "text": "and",
                "style": {
                  "code": true
                }
              },
              {
                "type": "text",
                "text": " keyword to create (possibly) mutually-recursive declarations. "
              }
            ]
          }
        ]
      }
    ]
  },
  {
    "client_msg_id": "EE429ABA-7AC0-4701-B936-28DCBC39B450",
    "type": "message",
    "text": "SML/NJ, but same idea :)",
    "user": "U01GH44F3GC",
    "ts": "1609207278.116500",
    "team": "T06V8J4SU",
    "user_team": "T06V8J4SU",
    "source_team": "T06V8J4SU",
    "user_profile": {
      "avatar_hash": "fa06fa2baaf2",
      "image_72": "https://avatars.slack-edge.com/2020-12-07/1540536372007_fa06fa2baaf25c93bf33_72.jpg",
      "first_name": "D.",
      "real_name": "D. Ben Knoble",
      "display_name": "benknoble",
      "team": "T06V8J4SU",
      "name": "ben.knoble",
      "is_restricted": false,
      "is_ultra_restricted": false
    },
    "blocks": [
      {
        "type": "rich_text",
        "block_id": "ZEjtI",
        "elements": [
          {
            "type": "rich_text_section",
            "elements": [
              {
                "type": "text",
                "text": "SML/NJ, but same idea :)"
              }
            ]
          }
        ]
      }
    ],
    "thread_ts": "1609207256.115700",
    "parent_user_id": "UDUMMY",
    "reactions": [
      {
        "name": "+1",
        "users": [
          "UDUMMY"
        ],
        "count": 1
      }
    ]
  }
]
