[
  {
    "client_msg_id": "F262C852-21E5-4F16-87D9-C734677D1E35",
    "type": "message",
    "text": "Ive thought of that too... it didnt seem like it would fit well with case-&gt;. Oh well maybe I’ll skip if :)",
    "user": "U01GH44F3GC",
    "ts": "1609340851.144800",
    "team": "T06V8J4SU",
    "user_team": "T06V8J4SU",
    "source_team": "T06V8J4SU",
    "user_profile": {
      "avatar_hash": "fa06fa2baaf2",
      "image_72": "https:////avatars.slack-edge.com//2020-12-07//1540536372007_fa06fa2baaf25c93bf33_72.jpg",
      "first_name": "D.",
      "real_name": "D. Ben Knoble",
      "display_name": "benknoble",
      "team": "T06V8J4SU",
      "name": "ben.knoble",
      "is_restricted": false,
      "is_ultra_restricted": false
    },
    "blocks": [
      {
        "type": "rich_text",
        "block_id": "fDno",
        "elements": [
          {
            "type": "rich_text_section",
            "elements": [
              {
                "type": "text",
                "text": "Ive thought of that too... it didnt seem like it would fit well with case->. Oh well maybe I’ll skip if :)"
              }
            ]
          }
        ]
      }
    ],
    "thread_ts": "1609281726.139200",
    "parent_user_id": "U01GH44F3GC"
  }
]
