[
  {
    "client_msg_id": "0079ba26-f428-4578-bbe5-5600a509e74e",
    "type": "message",
    "text": "`let` is closer to ML for me, so I prefer it for that reason alone :slightly_smiling_face:",
    "user": "U01GH44F3GC",
    "ts": "1609267310.136400",
    "team": "T06V8J4SU",
    "user_team": "T06V8J4SU",
    "source_team": "T06V8J4SU",
    "user_profile": {
      "avatar_hash": "fa06fa2baaf2",
      "image_72": "https://avatars.slack-edge.com/2020-12-07/1540536372007_fa06fa2baaf25c93bf33_72.jpg",
      "first_name": "D.",
      "real_name": "D. Ben Knoble",
      "display_name": "benknoble",
      "team": "T06V8J4SU",
      "name": "ben.knoble",
      "is_restricted": false,
      "is_ultra_restricted": false
    },
    "blocks": [
      {
        "type": "rich_text",
        "block_id": "T4U",
        "elements": [
          {
            "type": "rich_text_section",
            "elements": [
              {
                "type": "text",
                "text": "let",
                "style": {
                  "code": true
                }
              },
              {
                "type": "text",
                "text": " is closer to ML for me, so I prefer it for that reason alone "
              },
              {
                "type": "emoji",
                "name": "slightly_smiling_face"
              }
            ]
          }
        ]
      }
    ],
    "thread_ts": "1609266351.132300",
    "parent_user_id": "UDUMMY"
  },
  {
    "client_msg_id": "42bd6b0c-c242-4f55-b999-1e524321cef1",
    "type": "message",
    "text": "Is this not working b/c the `define` is like `let rec` in ML? i.e., you can create self-referential definitions, instead of using the old value?",
    "user": "U01GH44F3GC",
    "ts": "1609267402.136700",
    "team": "T06V8J4SU",
    "user_team": "T06V8J4SU",
    "source_team": "T06V8J4SU",
    "user_profile": {
      "avatar_hash": "fa06fa2baaf2",
      "image_72": "https://avatars.slack-edge.com/2020-12-07/1540536372007_fa06fa2baaf25c93bf33_72.jpg",
      "first_name": "D.",
      "real_name": "D. Ben Knoble",
      "display_name": "benknoble",
      "team": "T06V8J4SU",
      "name": "ben.knoble",
      "is_restricted": false,
      "is_ultra_restricted": false
    },
    "blocks": [
      {
        "type": "rich_text",
        "block_id": "W7B",
        "elements": [
          {
            "type": "rich_text_section",
            "elements": [
              {
                "type": "text",
                "text": "Is this not working b/c the "
              },
              {
                "type": "text",
                "text": "define",
                "style": {
                  "code": true
                }
              },
              {
                "type": "text",
                "text": " is like "
              },
              {
                "type": "text",
                "text": "let rec",
                "style": {
                  "code": true
                }
              },
              {
                "type": "text",
                "text": " in ML? i.e., you can create self-referential definitions, instead of using the old value?"
              }
            ]
          }
        ]
      }
    ],
    "thread_ts": "1609266133.129400",
    "parent_user_id": "UDUMMY"
  },
  {
    "client_msg_id": "09650856-50cf-4aac-9c3d-b85c16d1f17e",
    "type": "message",
    "text": "nvm, <@UDUMMY> answered: <https://racket.slack.com/archives/C09L257PY/p1609266408133300>",
    "user": "U01GH44F3GC",
    "ts": "1609267435.136900",
    "team": "T06V8J4SU",
    "user_team": "T06V8J4SU",
    "source_team": "T06V8J4SU",
    "user_profile": {
      "avatar_hash": "fa06fa2baaf2",
      "image_72": "https://avatars.slack-edge.com/2020-12-07/1540536372007_fa06fa2baaf25c93bf33_72.jpg",
      "first_name": "D.",
      "real_name": "D. Ben Knoble",
      "display_name": "benknoble",
      "team": "T06V8J4SU",
      "name": "ben.knoble",
      "is_restricted": false,
      "is_ultra_restricted": false
    },
    "attachments": [
      {
        "from_url": "https://racket.slack.com/archives/C09L257PY/p1609266408133300",
        "fallback": "[December 29th, 2020 10:26 AM] soegaard2: In (`define x e)`  the scope of `x` includes `e`. This is handy for defining recursive functions. It's not so handy, when you have a `let*` type of scenario.\nYou sort of need an `define*`.",
        "ts": "1609266408.133300",
        "author_id": "UDUMMY",
        "author_subname": "soegaard2",
        "channel_id": "C09L257PY",
        "channel_name": "beginners",
        "is_msg_unfurl": true,
        "text": "In (`define x e)`  the scope of `x` includes `e`. This is handy for defining recursive functions. It's not so handy, when you have a `let*` type of scenario.\nYou sort of need an `define*`.",
        "author_name": "soegaard2",
        "author_link": "https://racket.slack.com/team/UDUMMY",
        "author_icon": "https://avatars.slack-edge.com/2015-07-27/8233402054_521ca44d4f8b6232443c_48.jpg",
        "mrkdwn_in": [
          "text"
        ],
        "id": 1,
        "original_url": "https://racket.slack.com/archives/C09L257PY/p1609266408133300",
        "footer": "Posted in #beginners"
      }
    ],
    "blocks": [
      {
        "type": "rich_text",
        "block_id": "pGg7",
        "elements": [
          {
            "type": "rich_text_section",
            "elements": [
              {
                "type": "text",
                "text": "nvm, "
              },
              {
                "type": "user",
                "user_id": "UDUMMY"
              },
              {
                "type": "text",
                "text": " answered: "
              },
              {
                "type": "link",
                "url": "https://racket.slack.com/archives/C09L257PY/p1609266408133300"
              }
            ]
          }
        ]
      }
    ],
    "thread_ts": "1609266133.129400",
    "parent_user_id": "UDUMMY"
  },
  {
    "client_msg_id": "49d3e4c9-2cb4-49df-93a1-19e02b230c69",
    "type": "message",
    "text": "Working through <git://github.com/zyrolasting/racket-koans.git>, having trouble with a contract exercise:\n```;; Read this carefully: Write a procedure `my-join` that joins at least\n;; one integer together into a single string with an optional delimiter\n;; character that defaults to a single blank space as the first argument.\n;; Have a contract enforce these precise restrictions. Hint: You will\n;; need 'case-&gt;'\n(define/contract my-join\n  (case-&gt;\n    (-&gt; char? integer?  #:rest (listof integer?) string?)\n    (-&gt; integer? #:rest (listof integer?) string?))\n  (let ([join (λ (c i is)\n                (string-join (map number-&gt;string (cons i is)) (string c)))])\n    (case-lambda\n      [(c i . is) (join c i is)]\n      [(i . is) (join #\\space i is)])))\n\n(let ([arity (procedure-arity my-join)])\n  (if\n    (and\n      (arity-at-least? arity)\n      (eqv? (arity-at-least-value arity) 1))\n    (begin\n       (check-equal? (my-join #\\- 1 2 3) \"1-2-3\")\n       (check-equal? (my-join #\\space 1 2 3) \"1 2 3\")\n       (check-equal? (my-join 1 2 3) \"1 2 3\")\n       (check-equal? (my-join #\\space 1) \"1\")\n       (check-equal? (my-join 1) \"1\")\n       (check-exn (λ () (my-join #\\?)))\n       (check-exn (λ () (my-join \",\")))\n       (check-exn (λ () (my-join #\\space \"a\" \"b\")))\n       (check-exn (λ () (my-join \",\" 0.1 9))))\n    (fail \"Double check your signature of my-join\")))```\nI get this error it seems because I cannot distinguish the case `char int int*` from `int int*` with just `case-&gt;`/`case-lambda`?\n```my-join: contract violation\n  expected: char?\n  given: 1\n  in: the domain of\n      the 1st case of\n      (case-&gt;\n       (-&gt;\n        char?\n        integer?\n        #:rest\n        (listof integer?)\n        string?)\n       (-&gt;\n        integer?\n        #:rest\n        (listof integer?)\n        string?))\n  contract from: (definition my-join)```",
    "user": "U01GH44F3GC",
    "ts": "1609281726.139200",
    "team": "T06V8J4SU",
    "user_team": "T06V8J4SU",
    "source_team": "T06V8J4SU",
    "user_profile": {
      "avatar_hash": "fa06fa2baaf2",
      "image_72": "https://avatars.slack-edge.com/2020-12-07/1540536372007_fa06fa2baaf25c93bf33_72.jpg",
      "first_name": "D.",
      "real_name": "D. Ben Knoble",
      "display_name": "benknoble",
      "team": "T06V8J4SU",
      "name": "ben.knoble",
      "is_restricted": false,
      "is_ultra_restricted": false
    },
    "blocks": [
      {
        "type": "rich_text",
        "block_id": "TGFkY",
        "elements": [
          {
            "type": "rich_text_section",
            "elements": [
              {
                "type": "text",
                "text": "Working through "
              },
              {
                "type": "link",
                "url": "git://github.com/zyrolasting/racket-koans.git"
              },
              {
                "type": "text",
                "text": ", having trouble with a contract exercise:\n"
              }
            ]
          },
          {
            "type": "rich_text_preformatted",
            "elements": [
              {
                "type": "text",
                "text": ";; Read this carefully: Write a procedure `my-join` that joins at least\n;; one integer together into a single string with an optional delimiter\n;; character that defaults to a single blank space as the first argument.\n;; Have a contract enforce these precise restrictions. Hint: You will\n;; need 'case->'\n(define/contract my-join\n  (case->\n    (-> char? integer?  #:rest (listof integer?) string?)\n    (-> integer? #:rest (listof integer?) string?))\n  (let ([join (λ (c i is)\n                (string-join (map number->string (cons i is)) (string c)))])\n    (case-lambda\n      [(c i . is) (join c i is)]\n      [(i . is) (join #\\space i is)])))\n\n(let ([arity (procedure-arity my-join)])\n  (if\n    (and\n      (arity-at-least? arity)\n      (eqv? (arity-at-least-value arity) 1))\n    (begin\n       (check-equal? (my-join #\\- 1 2 3) \"1-2-3\")\n       (check-equal? (my-join #\\space 1 2 3) \"1 2 3\")\n       (check-equal? (my-join 1 2 3) \"1 2 3\")\n       (check-equal? (my-join #\\space 1) \"1\")\n       (check-equal? (my-join 1) \"1\")\n       (check-exn (λ () (my-join #\\?)))\n       (check-exn (λ () (my-join \",\")))\n       (check-exn (λ () (my-join #\\space \"a\" \"b\")))\n       (check-exn (λ () (my-join \",\" 0.1 9))))\n    (fail \"Double check your signature of my-join\")))"
              }
            ]
          },
          {
            "type": "rich_text_section",
            "elements": [
              {
                "type": "text",
                "text": "I get this error it seems because I cannot distinguish the case "
              },
              {
                "type": "text",
                "text": "char int int*",
                "style": {
                  "code": true
                }
              },
              {
                "type": "text",
                "text": " from "
              },
              {
                "type": "text",
                "text": "int int*",
                "style": {
                  "code": true
                }
              },
              {
                "type": "text",
                "text": " with just "
              },
              {
                "type": "text",
                "text": "case->",
                "style": {
                  "code": true
                }
              },
              {
                "type": "text",
                "text": "/"
              },
              {
                "type": "text",
                "text": "case-lambda",
                "style": {
                  "code": true
                }
              },
              {
                "type": "text",
                "text": "?\n"
              }
            ]
          },
          {
            "type": "rich_text_preformatted",
            "elements": [
              {
                "type": "text",
                "text": "my-join: contract violation\n  expected: char?\n  given: 1\n  in: the domain of\n      the 1st case of\n      (case->\n       (->\n        char?\n        integer?\n        #:rest\n        (listof integer?)\n        string?)\n       (->\n        integer?\n        #:rest\n        (listof integer?)\n        string?))\n  contract from: (definition my-join)"
              }
            ]
          }
        ]
      }
    ],
    "thread_ts": "1609281726.139200",
    "reply_count": 2,
    "reply_users_count": 2,
    "latest_reply": "1609340851.144800",
    "reply_users": [
      "UDUMMY",
      "U01GH44F3GC"
    ],
    "replies": [
      {
        "user": "UDUMMY",
        "ts": "1609310285.142900"
      },
      {
        "user": "U01GH44F3GC",
        "ts": "1609340851.144800"
      }
    ],
    "subscribed": false
  }
]
