[
  {
    "client_msg_id": "ec037843-8163-4639-994e-1743c1473b12",
    "type": "message",
    "text": "idk if this was covered above, but for very simple test stats you can look at `rackunit//log` and `(test-log)`",
    "user": "U01GH44F3GC",
    "ts": "1611419539.055200",
    "team": "T06V8J4SU",
    "user_team": "T06V8J4SU",
    "source_team": "T06V8J4SU",
    "user_profile": {
      "avatar_hash": "fa06fa2baaf2",
      "image_72": "https:////avatars.slack-edge.com//2020-12-07//1540536372007_fa06fa2baaf25c93bf33_72.jpg",
      "first_name": "D.",
      "real_name": "D. Ben Knoble",
      "display_name": "benknoble",
      "team": "T06V8J4SU",
      "name": "ben.knoble",
      "is_restricted": false,
      "is_ultra_restricted": false
    },
    "blocks": [
      {
        "type": "rich_text",
        "block_id": "EMc",
        "elements": [
          {
            "type": "rich_text_section",
            "elements": [
              {
                "type": "text",
                "text": "idk if this was covered above, but for very simple test stats you can look at "
              },
              {
                "type": "text",
                "text": "rackunit//log",
                "style": {
                  "code": true
                }
              },
              {
                "type": "text",
                "text": " and "
              },
              {
                "type": "text",
                "text": "(test-log)",
                "style": {
                  "code": true
                }
              }
            ]
          }
        ]
      }
    ]
  },
  {
    "client_msg_id": "b1089fe8-e49e-4f57-8124-e33aa9ce0c77",
    "type": "message",
    "text": "Is this a version of the Y-combinator? Or at least some fix-point combinator?",
    "user": "U01GH44F3GC",
    "ts": "1611419871.055900",
    "team": "T06V8J4SU",
    "user_team": "T06V8J4SU",
    "source_team": "T06V8J4SU",
    "user_profile": {
      "avatar_hash": "fa06fa2baaf2",
      "image_72": "https:////avatars.slack-edge.com//2020-12-07//1540536372007_fa06fa2baaf25c93bf33_72.jpg",
      "first_name": "D.",
      "real_name": "D. Ben Knoble",
      "display_name": "benknoble",
      "team": "T06V8J4SU",
      "name": "ben.knoble",
      "is_restricted": false,
      "is_ultra_restricted": false
    },
    "blocks": [
      {
        "type": "rich_text",
        "block_id": "IBntQ",
        "elements": [
          {
            "type": "rich_text_section",
            "elements": [
              {
                "type": "text",
                "text": "Is this a version of the Y-combinator? Or at least some fix-point combinator?"
              }
            ]
          }
        ]
      }
    ],
    "thread_ts": "1611417823.053200",
    "parent_user_id": "UDUMMY"
  }
]
