[
  {
    "client_msg_id": "0db33a63-5b21-4f50-a5b3-390bdb987847",
    "type": "message",
    "text": "I’ve found that <https:////beautifulracket.com//> is a really good reference",
    "user": "U01GH44F3GC",
    "ts": "1615138975.205000",
    "team": "T06V8J4SU",
    "user_team": "T06V8J4SU",
    "source_team": "T06V8J4SU",
    "user_profile": {
      "avatar_hash": "fa06fa2baaf2",
      "image_72": "https:////avatars.slack-edge.com//2020-12-07//1540536372007_fa06fa2baaf25c93bf33_72.jpg",
      "first_name": "D.",
      "real_name": "D. Ben Knoble",
      "display_name": "benknoble",
      "team": "T06V8J4SU",
      "name": "ben.knoble",
      "is_restricted": false,
      "is_ultra_restricted": false
    },
    "blocks": [
      {
        "type": "rich_text",
        "block_id": "jYYm",
        "elements": [
          {
            "type": "rich_text_section",
            "elements": [
              {
                "type": "text",
                "text": "I’ve found that "
              },
              {
                "type": "link",
                "url": "https:////beautifulracket.com//"
              },
              {
                "type": "text",
                "text": " is a really good reference"
              }
            ]
          }
        ]
      }
    ],
    "thread_ts": "1615124416.191000",
    "parent_user_id": "UDUMMY"
  }
]
