[
  {
    "client_msg_id": "4a519695-cf94-438e-a9c0-3ef9e9341a62",
    "type": "message",
    "text": "Right—in a world like ML\/Haskell, this would not be possible. You’d have a sum-type (e.g., `type line = number option`) and you could use something like `filter Option.isSome o map Int.fromString` to keep only the valid lines; but the type would always be `line list === number option list` . You would have to use `List.mapPartial` (à la flat-map) to get `number list` . We can prove that all the options are `SOME`s, but the type-system cannot. AFAICT, typed-racket _can_ distinguish the cases…",
    "user": "U01GH44F3GC",
    "ts": "1609789259.259800",
    "team": "T06V8J4SU",
    "user_team": "T06V8J4SU",
    "source_team": "T06V8J4SU",
    "user_profile": {
      "avatar_hash": "fa06fa2baaf2",
      "image_72": "https:\/\/avatars.slack-edge.com\/2020-12-07\/1540536372007_fa06fa2baaf25c93bf33_72.jpg",
      "first_name": "D.",
      "real_name": "D. Ben Knoble",
      "display_name": "benknoble",
      "team": "T06V8J4SU",
      "name": "ben.knoble",
      "is_restricted": false,
      "is_ultra_restricted": false
    },
    "blocks": [
      {
        "type": "rich_text",
        "block_id": "KDg",
        "elements": [
          {
            "type": "rich_text_section",
            "elements": [
              {
                "type": "text",
                "text": "Right—in a world like ML\/Haskell, this would not be possible. You’d have a sum-type (e.g., "
              },
              {
                "type": "text",
                "text": "type line = number option",
                "style": {
                  "code": true
                }
              },
              {
                "type": "text",
                "text": ") and you could use something like "
              },
              {
                "type": "text",
                "text": "filter Option.isSome o map Int.fromString",
                "style": {
                  "code": true
                }
              },
              {
                "type": "text",
                "text": " to keep only the valid lines; but the type would always be "
              },
              {
                "type": "text",
                "text": "line list === number option list",
                "style": {
                  "code": true
                }
              },
              {
                "type": "text",
                "text": " . You would have to use "
              },
              {
                "type": "text",
                "text": "List.mapPartial",
                "style": {
                  "code": true
                }
              },
              {
                "type": "text",
                "text": " (à la flat-map) to get "
              },
              {
                "type": "text",
                "text": "number list",
                "style": {
                  "code": true
                }
              },
              {
                "type": "text",
                "text": " . We can prove that all the options are "
              },
              {
                "type": "text",
                "text": "SOME",
                "style": {
                  "code": true
                }
              },
              {
                "type": "text",
                "text": "s, but the type-system cannot. AFAICT, typed-racket "
              },
              {
                "type": "text",
                "text": "can",
                "style": {
                  "italic": true
                }
              },
              {
                "type": "text",
                "text": " distinguish the cases…"
              }
            ]
          }
        ]
      }
    ],
    "thread_ts": "1609767152.248600",
    "parent_user_id": "UDUMMY"
  }
]
