[
  {
    "client_msg_id": "3ff21d17-7705-4138-bd88-363abd071566",
    "type": "message",
    "text": "Suuuuuper random, but isn’t `(cond [test =&gt; (lambda (p) p)])` just `(cond [test =&gt; identity])`?",
    "user": "U01GH44F3GC",
    "ts": "1615390948.243900",
    "team": "T06V8J4SU",
    "user_team": "T06V8J4SU",
    "source_team": "T06V8J4SU",
    "user_profile": {
      "avatar_hash": "fa06fa2baaf2",
      "image_72": "https:\/\/avatars.slack-edge.com\/2020-12-07\/1540536372007_fa06fa2baaf25c93bf33_72.jpg",
      "first_name": "D.",
      "real_name": "D. Ben Knoble",
      "display_name": "benknoble",
      "team": "T06V8J4SU",
      "name": "ben.knoble",
      "is_restricted": false,
      "is_ultra_restricted": false
    },
    "blocks": [
      {
        "type": "rich_text",
        "block_id": "Ncjs",
        "elements": [
          {
            "type": "rich_text_section",
            "elements": [
              {
                "type": "text",
                "text": "Suuuuuper random, but isn’t "
              },
              {
                "type": "text",
                "text": "(cond [test => (lambda (p) p)])",
                "style": {
                  "code": true
                }
              },
              {
                "type": "text",
                "text": " just "
              },
              {
                "type": "text",
                "text": "(cond [test => identity])",
                "style": {
                  "code": true
                }
              },
              {
                "type": "text",
                "text": "?"
              }
            ]
          }
        ]
      }
    ],
    "thread_ts": "1615381638.241500",
    "parent_user_id": "UDUMMY"
  },
  {
    "client_msg_id": "6132ca95-a5a8-4162-b9af-31ef8ada3f91",
    "type": "message",
    "text": "Ah; I thought `identity` was in even `racket\/base`",
    "user": "U01GH44F3GC",
    "ts": "1615391228.244300",
    "team": "T06V8J4SU",
    "user_team": "T06V8J4SU",
    "source_team": "T06V8J4SU",
    "user_profile": {
      "avatar_hash": "fa06fa2baaf2",
      "image_72": "https:\/\/avatars.slack-edge.com\/2020-12-07\/1540536372007_fa06fa2baaf25c93bf33_72.jpg",
      "first_name": "D.",
      "real_name": "D. Ben Knoble",
      "display_name": "benknoble",
      "team": "T06V8J4SU",
      "name": "ben.knoble",
      "is_restricted": false,
      "is_ultra_restricted": false
    },
    "blocks": [
      {
        "type": "rich_text",
        "block_id": "dGyy",
        "elements": [
          {
            "type": "rich_text_section",
            "elements": [
              {
                "type": "text",
                "text": "Ah; I thought `identity` was in even "
              },
              {
                "type": "text",
                "text": "racket\/base",
                "style": {
                  "code": true
                }
              }
            ]
          }
        ]
      }
    ],
    "thread_ts": "1615381638.241500",
    "parent_user_id": "UDUMMY"
  }
]
