[
  {
    "client_msg_id": "efc8c486-2a22-4d9a-9a72-3d637d2a9377",
    "type": "message",
    "text": "I think you need `-&gt;i` to express the dependence",
    "user": "U01GH44F3GC",
    "ts": "1610305300.307100",
    "team": "T06V8J4SU",
    "user_team": "T06V8J4SU",
    "source_team": "T06V8J4SU",
    "user_profile": {
      "avatar_hash": "fa06fa2baaf2",
      "image_72": "https:////avatars.slack-edge.com//2020-12-07//1540536372007_fa06fa2baaf25c93bf33_72.jpg",
      "first_name": "D.",
      "real_name": "D. Ben Knoble",
      "display_name": "benknoble",
      "team": "T06V8J4SU",
      "name": "ben.knoble",
      "is_restricted": false,
      "is_ultra_restricted": false
    },
    "blocks": [
      {
        "type": "rich_text",
        "block_id": "QEG",
        "elements": [
          {
            "type": "rich_text_section",
            "elements": [
              {
                "type": "text",
                "text": "I think you need "
              },
              {
                "type": "text",
                "text": "->i",
                "style": {
                  "code": true
                }
              },
              {
                "type": "text",
                "text": " to express the dependence"
              }
            ]
          }
        ]
      }
    ]
  },
  {
    "client_msg_id": "9f671f23-f68f-49c8-85da-2563c78bf21c",
    "type": "message",
    "text": "`procedure-arity` might help",
    "user": "U01GH44F3GC",
    "ts": "1610305617.309400",
    "team": "T06V8J4SU",
    "user_team": "T06V8J4SU",
    "source_team": "T06V8J4SU",
    "user_profile": {
      "avatar_hash": "fa06fa2baaf2",
      "image_72": "https:////avatars.slack-edge.com//2020-12-07//1540536372007_fa06fa2baaf25c93bf33_72.jpg",
      "first_name": "D.",
      "real_name": "D. Ben Knoble",
      "display_name": "benknoble",
      "team": "T06V8J4SU",
      "name": "ben.knoble",
      "is_restricted": false,
      "is_ultra_restricted": false
    },
    "blocks": [
      {
        "type": "rich_text",
        "block_id": "NM6",
        "elements": [
          {
            "type": "rich_text_section",
            "elements": [
              {
                "type": "text",
                "text": "procedure-arity",
                "style": {
                  "code": true
                }
              },
              {
                "type": "text",
                "text": " might help"
              }
            ]
          }
        ]
      }
    ]
  }
]
