[
  {
    "client_msg_id": "F5305BD6-D6C7-4DCC-89BD-0A3B4A47C6EF",
    "type": "message",
    "text": "I think perhaps « worksheet » was the right word",
    "user": "U01GH44F3GC",
    "ts": "1616075610.003200",
    "team": "T06V8J4SU",
    "user_team": "T06V8J4SU",
    "source_team": "T06V8J4SU",
    "user_profile": {
      "avatar_hash": "fa06fa2baaf2",
      "image_72": "https://avatars.slack-edge.com/2020-12-07/1540536372007_fa06fa2baaf25c93bf33_72.jpg",
      "first_name": "D.",
      "real_name": "D. Ben Knoble",
      "display_name": "benknoble",
      "team": "T06V8J4SU",
      "name": "ben.knoble",
      "is_restricted": false,
      "is_ultra_restricted": false
    },
    "blocks": [
      {
        "type": "rich_text",
        "block_id": "EvJnK",
        "elements": [
          {
            "type": "rich_text_section",
            "elements": [
              {
                "type": "text",
                "text": "I think perhaps « worksheet » was the right word"
              }
            ]
          }
        ]
      }
    ],
    "thread_ts": "1616075610.003200",
    "reply_count": 1,
    "reply_users_count": 1,
    "latest_reply": "1616078113.003300",
    "reply_users": [
      "UDUMMY"
    ],
    "replies": [
      {
        "user": "UDUMMY",
        "ts": "1616078113.003300"
      }
    ],
    "is_locked": false,
    "subscribed": false
  }
]
