[
  {
    "client_msg_id": "7BA48FB1-5B84-47B9-948F-70C2ED730828",
    "type": "message",
    "text": "Personally I prefer the hyphen (“well-formed”)",
    "user": "U01GH44F3GC",
    "ts": "1619787728.128500",
    "team": "T06V8J4SU",
    "user_team": "T06V8J4SU",
    "source_team": "T06V8J4SU",
    "user_profile": {
      "avatar_hash": "fa06fa2baaf2",
      "image_72": "https:////avatars.slack-edge.com//2020-12-07//1540536372007_fa06fa2baaf25c93bf33_72.jpg",
      "first_name": "D.",
      "real_name": "D. Ben Knoble",
      "display_name": "benknoble",
      "team": "T06V8J4SU",
      "name": "ben.knoble",
      "is_restricted": false,
      "is_ultra_restricted": false
    },
    "blocks": [
      {
        "type": "rich_text",
        "block_id": "C//=",
        "elements": [
          {
            "type": "rich_text_section",
            "elements": [
              {
                "type": "text",
                "text": "Personally I prefer the hyphen (“well-formed”)"
              }
            ]
          }
        ]
      }
    ],
    "reactions": [
      {
        "name": "+1",
        "users": [
          "UDUMMY",
          "UDUMMY"
        ],
        "count": 2
      }
    ]
  }
]
