[
  {
    "client_msg_id": "59021076-cc5d-4b3b-8eb0-9f85fbd0e7c7",
    "type": "message",
    "text": "Here’s a version of `copy-directories/files` that adds `exists-ok?` from `copy-file` and also uses it for directories:\n```;; from <https://github.com/racket/racket/blob/master/racket/collects/racket/file.rkt>\n;; with copy-file's exists-ok? (and a hack for directories)\n(define (copy-directory/files src dest\n                              [exists-ok? #f]\n                              #:keep-modify-seconds? [keep-modify-seconds? #f]\n                              #:preserve-links? [preserve-links? #f])\n  (let loop ([src src] [dest dest])\n    (cond [(and preserve-links?\n                (link-exists? src))\n           (make-file-or-directory-link\n             (resolve-path src)\n             dest)]\n          [(file-exists? src)\n           (copy-file src dest exists-ok?)\n           (when keep-modify-seconds?\n             (file-or-directory-modify-seconds\n               dest\n               (file-or-directory-modify-seconds src)))]\n          [(directory-exists? src)\n           (if exists-ok?\n             (with-handlers ([exn:fail:filesystem? (const (void))])\n               (make-directory dest))\n             (make-directory dest))\n           (for-each (lambda (e)\n                       (loop (build-path src e)\n                             (build-path dest e)))\n                     (directory-list src))]\n          [else (raise-not-a-file-or-directory 'copy-directory/files src)])))\n\n;; from <https://github.com/racket/racket/blob/master/racket/collects/racket/file.rkt>\n;; needed by above\n(define (raise-not-a-file-or-directory who path)\n  (raise\n   (make-exn:fail:filesystem\n    (format \"~a: encountered path that is neither file nor directory\\n  path: ~a\"\n            who\n            path)\n    (current-continuation-marks))))```\nWhen `exists-ok?` is not `#f`, this is like a recursive copy that just overwrites any files in dest also in src",
    "user": "U01GH44F3GC",
    "ts": "1623095139.063300",
    "team": "T06V8J4SU",
    "user_team": "T06V8J4SU",
    "source_team": "T06V8J4SU",
    "user_profile": {
      "avatar_hash": "fa06fa2baaf2",
      "image_72": "https://avatars.slack-edge.com/2020-12-07/1540536372007_fa06fa2baaf25c93bf33_72.jpg",
      "first_name": "D.",
      "real_name": "D. Ben Knoble",
      "display_name": "benknoble",
      "team": "T06V8J4SU",
      "name": "ben.knoble",
      "is_restricted": false,
      "is_ultra_restricted": false
    },
    "blocks": [
      {
        "type": "rich_text",
        "block_id": "OicCR",
        "elements": [
          {
            "type": "rich_text_section",
            "elements": [
              {
                "type": "text",
                "text": "Here’s a version of "
              },
              {
                "type": "text",
                "text": "copy-directories/files",
                "style": {
                  "code": true
                }
              },
              {
                "type": "text",
                "text": " that adds "
              },
              {
                "type": "text",
                "text": "exists-ok?",
                "style": {
                  "code": true
                }
              },
              {
                "type": "text",
                "text": " from "
              },
              {
                "type": "text",
                "text": "copy-file",
                "style": {
                  "code": true
                }
              },
              {
                "type": "text",
                "text": " and also uses it for directories:\n"
              }
            ]
          },
          {
            "type": "rich_text_preformatted",
            "elements": [
              {
                "type": "text",
                "text": ";; from "
              },
              {
                "type": "link",
                "url": "https://github.com/racket/racket/blob/master/racket/collects/racket/file.rkt"
              },
              {
                "type": "text",
                "text": "\n;; with copy-file's exists-ok? (and a hack for directories)\n(define (copy-directory/files src dest\n                              [exists-ok? #f]\n                              #:keep-modify-seconds? [keep-modify-seconds? #f]\n                              #:preserve-links? [preserve-links? #f])\n  (let loop ([src src] [dest dest])\n    (cond [(and preserve-links?\n                (link-exists? src))\n           (make-file-or-directory-link\n             (resolve-path src)\n             dest)]\n          [(file-exists? src)\n           (copy-file src dest exists-ok?)\n           (when keep-modify-seconds?\n             (file-or-directory-modify-seconds\n               dest\n               (file-or-directory-modify-seconds src)))]\n          [(directory-exists? src)\n           (if exists-ok?\n             (with-handlers ([exn:fail:filesystem? (const (void))])\n               (make-directory dest))\n             (make-directory dest))\n           (for-each (lambda (e)\n                       (loop (build-path src e)\n                             (build-path dest e)))\n                     (directory-list src))]\n          [else (raise-not-a-file-or-directory 'copy-directory/files src)])))\n\n;; from "
              },
              {
                "type": "link",
                "url": "https://github.com/racket/racket/blob/master/racket/collects/racket/file.rkt"
              },
              {
                "type": "text",
                "text": "\n;; needed by above\n(define (raise-not-a-file-or-directory who path)\n  (raise\n   (make-exn:fail:filesystem\n    (format \"~a: encountered path that is neither file nor directory\\n  path: ~a\"\n            who\n            path)\n    (current-continuation-marks))))"
              }
            ]
          },
          {
            "type": "rich_text_section",
            "elements": [
              {
                "type": "text",
                "text": "When "
              },
              {
                "type": "text",
                "text": "exists-ok?",
                "style": {
                  "code": true
                }
              },
              {
                "type": "text",
                "text": " is not "
              },
              {
                "type": "text",
                "text": "#f",
                "style": {
                  "code": true
                }
              },
              {
                "type": "text",
                "text": ", this is like a recursive copy that just overwrites any files in dest also in src"
              }
            ]
          }
        ]
      }
    ]
  }
]
