[
  {
    "client_msg_id": "6e433ae2-8a94-4445-8c61-07a30507e9c7",
    "type": "message",
    "text": "<@UDUMMY> good hint; I had been thinking about something similar. In the end I modified my generated parsers to count the rules applied, and then sub’d in a parser for `0` that does `42+31+` . To “validate” I checked the number of each (42 &gt; 31)",
    "user": "U01GH44F3GC",
    "ts": "1608580292.267300",
    "team": "T06V8J4SU",
    "user_team": "T06V8J4SU",
    "source_team": "T06V8J4SU",
    "user_profile": {
      "avatar_hash": "fa06fa2baaf2",
      "image_72": "https:////avatars.slack-edge.com//2020-12-07//1540536372007_fa06fa2baaf25c93bf33_72.jpg",
      "first_name": "D.",
      "real_name": "D. Ben Knoble",
      "display_name": "benknoble",
      "team": "T06V8J4SU",
      "name": "ben.knoble",
      "is_restricted": false,
      "is_ultra_restricted": false
    },
    "blocks": [
      {
        "type": "rich_text",
        "block_id": "rju",
        "elements": [
          {
            "type": "rich_text_section",
            "elements": [
              {
                "type": "user",
                "user_id": "UDUMMY"
              },
              {
                "type": "text",
                "text": " good hint; I had been thinking about something similar. In the end I modified my generated parsers to count the rules applied, and then sub’d in a parser for "
              },
              {
                "type": "text",
                "text": "0",
                "style": {
                  "code": true
                }
              },
              {
                "type": "text",
                "text": " that does "
              },
              {
                "type": "text",
                "text": "42+31+",
                "style": {
                  "code": true
                }
              },
              {
                "type": "text",
                "text": " . To “validate” I checked the number of each (42 > 31)"
              }
            ]
          }
        ]
      }
    ],
    "thread_ts": "1608359237.225300",
    "parent_user_id": "UDUMMY"
  }
]
