[
  {
    "client_msg_id": "10c50798-ccf2-4d9a-9e8f-d5e74e7b69c7",
    "type": "message",
    "text": "<@UDUMMY> I’m not sure that content is meant to be piped to `sh` ; it’s an HTML page when I curl it\/view it in a browser",
    "user": "U01GH44F3GC",
    "ts": "1608307659.218100",
    "team": "T06V8J4SU",
    "user_team": "T06V8J4SU",
    "source_team": "T06V8J4SU",
    "user_profile": {
      "avatar_hash": "fa06fa2baaf2",
      "image_72": "https:\/\/avatars.slack-edge.com\/2020-12-07\/1540536372007_fa06fa2baaf25c93bf33_72.jpg",
      "first_name": "D.",
      "real_name": "D. Ben Knoble",
      "display_name": "benknoble",
      "team": "T06V8J4SU",
      "name": "ben.knoble",
      "is_restricted": false,
      "is_ultra_restricted": false
    },
    "blocks": [
      {
        "type": "rich_text",
        "block_id": "D4PNZ",
        "elements": [
          {
            "type": "rich_text_section",
            "elements": [
              {
                "type": "user",
                "user_id": "UDUMMY"
              },
              {
                "type": "text",
                "text": " I’m not sure that content is meant to be piped to "
              },
              {
                "type": "text",
                "text": "sh",
                "style": {
                  "code": true
                }
              },
              {
                "type": "text",
                "text": " ; it’s an HTML page when I curl it\/view it in a browser"
              }
            ]
          }
        ]
      }
    ],
    "thread_ts": "1608268549.210300",
    "parent_user_id": "UDUMMY"
  }
]
