[
  {
    "client_msg_id": "e1e15d53-646c-439a-b31f-00fb517fe94a",
    "type": "message",
    "text": "<@UDUMMY> I spent too long learning to use mlton only to get an Overflow exception :smiley: I am going to try using a map instead of a vector—I’m going to keep the map small by assuming the “next” value from cup n is n+1 if it’s not in the map—I wonder if trying to ease the memory pressure will help at all?",
    "user": "U01GH44F3GC",
    "ts": "1608841509.296100",
    "team": "T06V8J4SU",
    "user_team": "T06V8J4SU",
    "source_team": "T06V8J4SU",
    "user_profile": {
      "avatar_hash": "fa06fa2baaf2",
      "image_72": "https://avatars.slack-edge.com/2020-12-07/1540536372007_fa06fa2baaf25c93bf33_72.jpg",
      "first_name": "D.",
      "real_name": "D. Ben Knoble",
      "display_name": "benknoble",
      "team": "T06V8J4SU",
      "name": "ben.knoble",
      "is_restricted": false,
      "is_ultra_restricted": false
    },
    "blocks": [
      {
        "type": "rich_text",
        "block_id": "VKCt",
        "elements": [
          {
            "type": "rich_text_section",
            "elements": [
              {
                "type": "user",
                "user_id": "UDUMMY"
              },
              {
                "type": "text",
                "text": " I spent too long learning to use mlton only to get an Overflow exception "
              },
              {
                "type": "emoji",
                "name": "smiley"
              },
              {
                "type": "text",
                "text": " I am going to try using a map instead of a vector—I’m going to keep the map small by assuming the “next” value from cup n is n+1 if it’s not in the map—I wonder if trying to ease the memory pressure will help at all?"
              }
            ]
          }
        ]
      }
    ],
    "thread_ts": "1608707238.280900",
    "parent_user_id": "UDUMMY"
  },
  {
    "client_msg_id": "861e07cb-0d76-4283-b926-bbb8989f31e7",
    "type": "message",
    "text": "Never learned OCaml, and at this point it’s a whole ecosystem I don’t have time to dive into. I’ll be playing with Coq for a class up-and-coming, though, so maybe? Yeah, for mutation vs. functional I prefer functional, but the Vector wasn’t fast enough so I used mutable Array",
    "user": "U01GH44F3GC",
    "ts": "1608841785.297200",
    "team": "T06V8J4SU",
    "user_team": "T06V8J4SU",
    "source_team": "T06V8J4SU",
    "user_profile": {
      "avatar_hash": "fa06fa2baaf2",
      "image_72": "https://avatars.slack-edge.com/2020-12-07/1540536372007_fa06fa2baaf25c93bf33_72.jpg",
      "first_name": "D.",
      "real_name": "D. Ben Knoble",
      "display_name": "benknoble",
      "team": "T06V8J4SU",
      "name": "ben.knoble",
      "is_restricted": false,
      "is_ultra_restricted": false
    },
    "blocks": [
      {
        "type": "rich_text",
        "block_id": "p4xXM",
        "elements": [
          {
            "type": "rich_text_section",
            "elements": [
              {
                "type": "text",
                "text": "Never learned OCaml, and at this point it’s a whole ecosystem I don’t have time to dive into. I’ll be playing with Coq for a class up-and-coming, though, so maybe? Yeah, for mutation vs. functional I prefer functional, but the Vector wasn’t fast enough so I used mutable Array"
              }
            ]
          }
        ]
      }
    ],
    "thread_ts": "1608707238.280900",
    "parent_user_id": "UDUMMY"
  },
  {
    "client_msg_id": "c330808f-c47b-4339-91b1-fefe03f1a415",
    "type": "message",
    "text": "So far, the functional-map-based seems roughly the same speed as long mutable arrays, with much less memory pressure (I think)",
    "user": "U01GH44F3GC",
    "ts": "1608842885.297700",
    "team": "T06V8J4SU",
    "user_team": "T06V8J4SU",
    "source_team": "T06V8J4SU",
    "user_profile": {
      "avatar_hash": "fa06fa2baaf2",
      "image_72": "https://avatars.slack-edge.com/2020-12-07/1540536372007_fa06fa2baaf25c93bf33_72.jpg",
      "first_name": "D.",
      "real_name": "D. Ben Knoble",
      "display_name": "benknoble",
      "team": "T06V8J4SU",
      "name": "ben.knoble",
      "is_restricted": false,
      "is_ultra_restricted": false
    },
    "blocks": [
      {
        "type": "rich_text",
        "block_id": "wd+i",
        "elements": [
          {
            "type": "rich_text_section",
            "elements": [
              {
                "type": "text",
                "text": "So far, the functional-map-based seems roughly the same speed as long mutable arrays, with much less memory pressure (I think)"
              }
            ]
          }
        ]
      }
    ],
    "thread_ts": "1608707238.280900",
    "parent_user_id": "UDUMMY"
  },
  {
    "client_msg_id": "b797e6fe-d8fb-4e04-ab8f-ab33d12224d8",
    "type": "message",
    "text": "Well, at least at first. I suspect that as the number of iterations climbs, performance actually drops (you have the large map in memory after all the indices have been touched)",
    "user": "U01GH44F3GC",
    "ts": "1608842930.297900",
    "team": "T06V8J4SU",
    "user_team": "T06V8J4SU",
    "source_team": "T06V8J4SU",
    "user_profile": {
      "avatar_hash": "fa06fa2baaf2",
      "image_72": "https://avatars.slack-edge.com/2020-12-07/1540536372007_fa06fa2baaf25c93bf33_72.jpg",
      "first_name": "D.",
      "real_name": "D. Ben Knoble",
      "display_name": "benknoble",
      "team": "T06V8J4SU",
      "name": "ben.knoble",
      "is_restricted": false,
      "is_ultra_restricted": false
    },
    "blocks": [
      {
        "type": "rich_text",
        "block_id": "YRV",
        "elements": [
          {
            "type": "rich_text_section",
            "elements": [
              {
                "type": "text",
                "text": "Well, at least at first. I suspect that as the number of iterations climbs, performance actually drops (you have the large map in memory after all the indices have been touched)"
              }
            ]
          }
        ]
      }
    ],
    "thread_ts": "1608707238.280900",
    "parent_user_id": "UDUMMY"
  }
]
