[
  {
    "client_msg_id": "a0884968-7fc8-40c8-946d-d4386fd3081a",
    "type": "message",
    "text": "I had ~4.5 seconds for p2 w/o optimization, using functional queues (double-list based, I think). Really curious if I can get sub-second, but I don’t have time to spend cranking on it.",
    "user": "U01GH44F3GC",
    "ts": "1608678681.276500",
    "team": "T06V8J4SU",
    "user_team": "T06V8J4SU",
    "source_team": "T06V8J4SU",
    "user_profile": {
      "avatar_hash": "fa06fa2baaf2",
      "image_72": "https://avatars.slack-edge.com/2020-12-07/1540536372007_fa06fa2baaf25c93bf33_72.jpg",
      "first_name": "D.",
      "real_name": "D. Ben Knoble",
      "display_name": "benknoble",
      "team": "T06V8J4SU",
      "name": "ben.knoble",
      "is_restricted": false,
      "is_ultra_restricted": false
    },
    "blocks": [
      {
        "type": "rich_text",
        "block_id": "u9M",
        "elements": [
          {
            "type": "rich_text_section",
            "elements": [
              {
                "type": "text",
                "text": "I had ~4.5 seconds for p2 w/o optimization, using functional queues (double-list based, I think). Really curious if I can get sub-second, but I don’t have time to spend cranking on it."
              }
            ]
          }
        ]
      }
    ],
    "thread_ts": "1608617887.270900",
    "parent_user_id": "UDUMMY"
  },
  {
    "client_msg_id": "70ab7336-3833-4736-aaf6-f53a90ac2823",
    "type": "message",
    "text": "They’re supposed to be amortized `O(1)`, but maybe after dinner I’ll try a version using pure lists and time it.",
    "user": "U01GH44F3GC",
    "ts": "1608678865.276900",
    "team": "T06V8J4SU",
    "user_team": "T06V8J4SU",
    "source_team": "T06V8J4SU",
    "user_profile": {
      "avatar_hash": "fa06fa2baaf2",
      "image_72": "https://avatars.slack-edge.com/2020-12-07/1540536372007_fa06fa2baaf25c93bf33_72.jpg",
      "first_name": "D.",
      "real_name": "D. Ben Knoble",
      "display_name": "benknoble",
      "team": "T06V8J4SU",
      "name": "ben.knoble",
      "is_restricted": false,
      "is_ultra_restricted": false
    },
    "blocks": [
      {
        "type": "rich_text",
        "block_id": "9w5",
        "elements": [
          {
            "type": "rich_text_section",
            "elements": [
              {
                "type": "text",
                "text": "They’re supposed to be amortized "
              },
              {
                "type": "text",
                "text": "O(1)",
                "style": {
                  "code": true
                }
              },
              {
                "type": "text",
                "text": ", but maybe after dinner I’ll try a version using pure lists and time it."
              }
            ]
          }
        ]
      }
    ],
    "thread_ts": "1608617887.270900",
    "parent_user_id": "UDUMMY"
  }
]
