[
  {
    "client_msg_id": "15841F7C-9AC1-4F78-B8BA-6740242DA2A9",
    "type": "message",
    "text": "<https:\/\/crypto.stanford.edu\/pbc\/notes\/numbertheory\/crt.html|https:\/\/crypto.stanford.edu\/pbc\/notes\/numbertheory\/crt.html> <@UDUMMY> this looks like the algorithm; now to find a « modular-inverse » I can implement for SML :)",
    "user": "U01GH44F3GC",
    "ts": "1607881165.151900",
    "team": "T06V8J4SU",
    "user_team": "T06V8J4SU",
    "source_team": "T06V8J4SU",
    "user_profile": {
      "avatar_hash": "fa06fa2baaf2",
      "image_72": "https:\/\/avatars.slack-edge.com\/2020-12-07\/1540536372007_fa06fa2baaf25c93bf33_72.jpg",
      "first_name": "D.",
      "real_name": "D. Ben Knoble",
      "display_name": "benknoble",
      "team": "T06V8J4SU",
      "name": "ben.knoble",
      "is_restricted": false,
      "is_ultra_restricted": false
    },
    "blocks": [
      {
        "type": "rich_text",
        "block_id": "aJn",
        "elements": [
          {
            "type": "rich_text_section",
            "elements": [
              {
                "type": "link",
                "url": "https:\/\/crypto.stanford.edu\/pbc\/notes\/numbertheory\/crt.html",
                "text": "https:\/\/crypto.stanford.edu\/pbc\/notes\/numbertheory\/crt.html"
              },
              {
                "type": "text",
                "text": " "
              },
              {
                "type": "user",
                "user_id": "UDUMMY"
              },
              {
                "type": "text",
                "text": " this looks like the algorithm; now to find a « modular-inverse » I can implement for SML :)"
              }
            ]
          }
        ]
      }
    ],
    "thread_ts": "1607844609.143500",
    "parent_user_id": "UDUMMY"
  },
  {
    "client_msg_id": "EFFB1F3D-74BF-4B3E-A7D4-6A8B05B7C7D8",
    "type": "message",
    "text": "Yeah, that’s what I’m finding, too.",
    "user": "U01GH44F3GC",
    "ts": "1607881467.152700",
    "team": "T06V8J4SU",
    "user_team": "T06V8J4SU",
    "source_team": "T06V8J4SU",
    "user_profile": {
      "avatar_hash": "fa06fa2baaf2",
      "image_72": "https:\/\/avatars.slack-edge.com\/2020-12-07\/1540536372007_fa06fa2baaf25c93bf33_72.jpg",
      "first_name": "D.",
      "real_name": "D. Ben Knoble",
      "display_name": "benknoble",
      "team": "T06V8J4SU",
      "name": "ben.knoble",
      "is_restricted": false,
      "is_ultra_restricted": false
    },
    "blocks": [
      {
        "type": "rich_text",
        "block_id": "ysgw",
        "elements": [
          {
            "type": "rich_text_section",
            "elements": [
              {
                "type": "text",
                "text": "Yeah, that’s what I’m finding, too."
              }
            ]
          }
        ]
      }
    ],
    "thread_ts": "1607844609.143500",
    "parent_user_id": "UDUMMY"
  }
]
