[
  {
    "client_msg_id": "A1A48218-78A7-4F93-A0F7-E1C0FF94DEA6",
    "type": "message",
    "text": "IIRC there are some parsing techniques that can generate generators as well, so Eric may be able to leverage something like that. ",
    "user": "U01GH44F3GC",
    "ts": "1608048192.170800",
    "team": "T06V8J4SU",
    "user_team": "T06V8J4SU",
    "source_team": "T06V8J4SU",
    "user_profile": {
      "avatar_hash": "fa06fa2baaf2",
      "image_72": "https:////avatars.slack-edge.com//2020-12-07//1540536372007_fa06fa2baaf25c93bf33_72.jpg",
      "first_name": "D.",
      "real_name": "D. Ben Knoble",
      "display_name": "benknoble",
      "team": "T06V8J4SU",
      "name": "ben.knoble",
      "is_restricted": false,
      "is_ultra_restricted": false
    },
    "blocks": [
      {
        "type": "rich_text",
        "block_id": "uljPY",
        "elements": [
          {
            "type": "rich_text_section",
            "elements": [
              {
                "type": "text",
                "text": "IIRC there are some parsing techniques that can generate generators as well, so Eric may be able to leverage something like that. "
              }
            ]
          }
        ]
      }
    ],
    "thread_ts": "1607844609.143500",
    "parent_user_id": "UDUMMY"
  },
  {
    "client_msg_id": "B5BAC375-2F9D-40B1-9B9F-BD1B64818280",
    "type": "message",
    "text": "Right, reminds me a bit of Haskell’s quickcheck framework",
    "user": "U01GH44F3GC",
    "ts": "1608068923.177800",
    "team": "T06V8J4SU",
    "user_team": "T06V8J4SU",
    "source_team": "T06V8J4SU",
    "user_profile": {
      "avatar_hash": "fa06fa2baaf2",
      "image_72": "https:////avatars.slack-edge.com//2020-12-07//1540536372007_fa06fa2baaf25c93bf33_72.jpg",
      "first_name": "D.",
      "real_name": "D. Ben Knoble",
      "display_name": "benknoble",
      "team": "T06V8J4SU",
      "name": "ben.knoble",
      "is_restricted": false,
      "is_ultra_restricted": false
    },
    "blocks": [
      {
        "type": "rich_text",
        "block_id": "cbXZ",
        "elements": [
          {
            "type": "rich_text_section",
            "elements": [
              {
                "type": "text",
                "text": "Right, reminds me a bit of Haskell’s quickcheck framework"
              }
            ]
          }
        ]
      }
    ],
    "thread_ts": "1607844609.143500",
    "parent_user_id": "UDUMMY",
    "reactions": [
      {
        "name": "+1",
        "users": [
          "UDUMMY",
          "UDUMMY"
        ],
        "count": 2
      }
    ]
  }
]
