[
  {
    "client_msg_id": "A63C10FD-0E2F-4257-9152-EDDA8A9851B8",
    "type": "message",
    "text": "Sitting in bed this morning trying to decide whether or not parser combinators can have “parser” (or map from int to parser) as the result type. since they are strictly more powerful than regex, it’s not necessary, but it means that my input-parsing code will generate the parsers needed to run on the input :exploding_head: turtles all the way down",
    "user": "U01GH44F3GC",
    "ts": "1608385704.231200",
    "team": "T06V8J4SU",
    "user_team": "T06V8J4SU",
    "source_team": "T06V8J4SU",
    "user_profile": {
      "avatar_hash": "fa06fa2baaf2",
      "image_72": "https:\/\/avatars.slack-edge.com\/2020-12-07\/1540536372007_fa06fa2baaf25c93bf33_72.jpg",
      "first_name": "D.",
      "real_name": "D. Ben Knoble",
      "display_name": "benknoble",
      "team": "T06V8J4SU",
      "name": "ben.knoble",
      "is_restricted": false,
      "is_ultra_restricted": false
    },
    "blocks": [
      {
        "type": "rich_text",
        "block_id": "6YktY",
        "elements": [
          {
            "type": "rich_text_section",
            "elements": [
              {
                "type": "text",
                "text": "Sitting in bed this morning trying to decide whether or not parser combinators can have “parser” (or map from int to parser) as the result type. since they are strictly more powerful than regex, it’s not necessary, but it means that my input-parsing code will generate the parsers needed to run on the input "
              },
              {
                "type": "emoji",
                "name": "exploding_head"
              },
              {
                "type": "text",
                "text": " turtles all the way down"
              }
            ]
          }
        ]
      }
    ],
    "thread_ts": "1608359237.225300",
    "parent_user_id": "UDUMMY"
  },
  {
    "client_msg_id": "45D3428B-FD04-4EB1-B1EF-60BC15A7A759",
    "type": "message",
    "text": "<@UDUMMY> youre farther than i am. I dont have any code or solutions yet. Just ideas. What’s the “monadic approach”?",
    "user": "U01GH44F3GC",
    "ts": "1608385823.232600",
    "team": "T06V8J4SU",
    "user_team": "T06V8J4SU",
    "source_team": "T06V8J4SU",
    "user_profile": {
      "avatar_hash": "fa06fa2baaf2",
      "image_72": "https:\/\/avatars.slack-edge.com\/2020-12-07\/1540536372007_fa06fa2baaf25c93bf33_72.jpg",
      "first_name": "D.",
      "real_name": "D. Ben Knoble",
      "display_name": "benknoble",
      "team": "T06V8J4SU",
      "name": "ben.knoble",
      "is_restricted": false,
      "is_ultra_restricted": false
    },
    "blocks": [
      {
        "type": "rich_text",
        "block_id": "nAjoU",
        "elements": [
          {
            "type": "rich_text_section",
            "elements": [
              {
                "type": "user",
                "user_id": "UDUMMY"
              },
              {
                "type": "text",
                "text": " youre farther than i am. I dont have any code or solutions yet. Just ideas. What’s the “monadic approach”?"
              }
            ]
          }
        ]
      }
    ],
    "thread_ts": "1608359237.225300",
    "parent_user_id": "UDUMMY"
  },
  {
    "client_msg_id": "6c695d88-9782-4336-b571-45fcc4117332",
    "type": "message",
    "text": "So it looks like your problem case is both sides of `|` match, but neither is empty—example: “abc” and I have a rule matching `\"a\" | \"ab\"`? Idk, you could take the longest match, or the first (i.e. leftmost)? I did spot “Fortunately, there are no loops in the rules, so the list of possible matches will be finite.”",
    "user": "U01GH44F3GC",
    "ts": "1608388226.233600",
    "team": "T06V8J4SU",
    "user_team": "T06V8J4SU",
    "source_team": "T06V8J4SU",
    "user_profile": {
      "avatar_hash": "fa06fa2baaf2",
      "image_72": "https:\/\/avatars.slack-edge.com\/2020-12-07\/1540536372007_fa06fa2baaf25c93bf33_72.jpg",
      "first_name": "D.",
      "real_name": "D. Ben Knoble",
      "display_name": "benknoble",
      "team": "T06V8J4SU",
      "name": "ben.knoble",
      "is_restricted": false,
      "is_ultra_restricted": false
    },
    "blocks": [
      {
        "type": "rich_text",
        "block_id": "h=8",
        "elements": [
          {
            "type": "rich_text_section",
            "elements": [
              {
                "type": "text",
                "text": "So it looks like your problem case is both sides of "
              },
              {
                "type": "text",
                "text": "|",
                "style": {
                  "code": true
                }
              },
              {
                "type": "text",
                "text": " match, but neither is empty—example: “abc” and I have a rule matching "
              },
              {
                "type": "text",
                "text": "\"a\" | \"ab\"",
                "style": {
                  "code": true
                }
              },
              {
                "type": "text",
                "text": "? Idk, you could take the longest match, or the first (i.e. leftmost)? I did spot “Fortunately, there are no loops in the rules, so the list of possible matches will be finite.”"
              }
            ]
          }
        ]
      }
    ],
    "thread_ts": "1608359237.225300",
    "parent_user_id": "UDUMMY"
  },
  {
    "client_msg_id": "4fddb818-a428-4566-a3ee-0cc82981d026",
    "type": "message",
    "text": "did I get that right? Sometimes working through a concrete example helps me—maybe I missed something. do you have a better example?",
    "user": "U01GH44F3GC",
    "ts": "1608388253.233800",
    "team": "T06V8J4SU",
    "user_team": "T06V8J4SU",
    "source_team": "T06V8J4SU",
    "user_profile": {
      "avatar_hash": "fa06fa2baaf2",
      "image_72": "https:\/\/avatars.slack-edge.com\/2020-12-07\/1540536372007_fa06fa2baaf25c93bf33_72.jpg",
      "first_name": "D.",
      "real_name": "D. Ben Knoble",
      "display_name": "benknoble",
      "team": "T06V8J4SU",
      "name": "ben.knoble",
      "is_restricted": false,
      "is_ultra_restricted": false
    },
    "blocks": [
      {
        "type": "rich_text",
        "block_id": "Aftc",
        "elements": [
          {
            "type": "rich_text_section",
            "elements": [
              {
                "type": "text",
                "text": "did I get that right? Sometimes working through a concrete example helps me—maybe I missed something. do you have a better example?"
              }
            ]
          }
        ]
      }
    ],
    "thread_ts": "1608359237.225300",
    "parent_user_id": "UDUMMY"
  },
  {
    "client_msg_id": "e93932c7-eb6f-44e0-9cde-505a26ae285a",
    "type": "message",
    "text": "And it would seem difficult to have to implement backtracking this way :thinking_face:",
    "user": "U01GH44F3GC",
    "ts": "1608388286.234000",
    "team": "T06V8J4SU",
    "user_team": "T06V8J4SU",
    "source_team": "T06V8J4SU",
    "user_profile": {
      "avatar_hash": "fa06fa2baaf2",
      "image_72": "https:\/\/avatars.slack-edge.com\/2020-12-07\/1540536372007_fa06fa2baaf25c93bf33_72.jpg",
      "first_name": "D.",
      "real_name": "D. Ben Knoble",
      "display_name": "benknoble",
      "team": "T06V8J4SU",
      "name": "ben.knoble",
      "is_restricted": false,
      "is_ultra_restricted": false
    },
    "blocks": [
      {
        "type": "rich_text",
        "block_id": "lYrD7",
        "elements": [
          {
            "type": "rich_text_section",
            "elements": [
              {
                "type": "text",
                "text": "And it would seem difficult to have to implement backtracking this way "
              },
              {
                "type": "emoji",
                "name": "thinking_face"
              }
            ]
          }
        ]
      }
    ],
    "thread_ts": "1608359237.225300",
    "parent_user_id": "UDUMMY"
  },
  {
    "client_msg_id": "c55f8189-96a2-49f1-a2f2-0ee3044bf649",
    "type": "message",
    "text": "ahhhh. duh",
    "user": "U01GH44F3GC",
    "ts": "1608388315.234400",
    "team": "T06V8J4SU",
    "user_team": "T06V8J4SU",
    "source_team": "T06V8J4SU",
    "user_profile": {
      "avatar_hash": "fa06fa2baaf2",
      "image_72": "https:\/\/avatars.slack-edge.com\/2020-12-07\/1540536372007_fa06fa2baaf25c93bf33_72.jpg",
      "first_name": "D.",
      "real_name": "D. Ben Knoble",
      "display_name": "benknoble",
      "team": "T06V8J4SU",
      "name": "ben.knoble",
      "is_restricted": false,
      "is_ultra_restricted": false
    },
    "blocks": [
      {
        "type": "rich_text",
        "block_id": "uLD",
        "elements": [
          {
            "type": "rich_text_section",
            "elements": [
              {
                "type": "text",
                "text": "ahhhh. duh"
              }
            ]
          }
        ]
      }
    ],
    "thread_ts": "1608359237.225300",
    "parent_user_id": "UDUMMY"
  },
  {
    "client_msg_id": "2c371ac3-e0b0-4a0b-af71-dddd04136161",
    "type": "message",
    "text": "I see it now in `8 (rule 8 (or-obj (list 42) (list 42 8)))`—this looks like `8: 42 | 42 8`, is that right? could you collapse that to a kleene star (`42 42*` ) and add a new validator? or probably I would go with longest-match. similar idea for `11: 42 31 | 42 11 31` is like `11: 42 (42 31)* 31` I think?",
    "user": "U01GH44F3GC",
    "ts": "1608388535.235000",
    "team": "T06V8J4SU",
    "user_team": "T06V8J4SU",
    "source_team": "T06V8J4SU",
    "user_profile": {
      "avatar_hash": "fa06fa2baaf2",
      "image_72": "https:\/\/avatars.slack-edge.com\/2020-12-07\/1540536372007_fa06fa2baaf25c93bf33_72.jpg",
      "first_name": "D.",
      "real_name": "D. Ben Knoble",
      "display_name": "benknoble",
      "team": "T06V8J4SU",
      "name": "ben.knoble",
      "is_restricted": false,
      "is_ultra_restricted": false
    },
    "blocks": [
      {
        "type": "rich_text",
        "block_id": "C4tm",
        "elements": [
          {
            "type": "rich_text_section",
            "elements": [
              {
                "type": "text",
                "text": "I see it now in "
              },
              {
                "type": "text",
                "text": "8 (rule 8 (or-obj (list 42) (list 42 8)))",
                "style": {
                  "code": true
                }
              },
              {
                "type": "text",
                "text": "—this looks like "
              },
              {
                "type": "text",
                "text": "8: 42 | 42 8",
                "style": {
                  "code": true
                }
              },
              {
                "type": "text",
                "text": ", is that right? could you collapse that to a kleene star ("
              },
              {
                "type": "text",
                "text": "42 42*",
                "style": {
                  "code": true
                }
              },
              {
                "type": "text",
                "text": " ) and add a new validator? or probably I would go with longest-match. similar idea for "
              },
              {
                "type": "text",
                "text": "11: 42 31 | 42 11 31",
                "style": {
                  "code": true
                }
              },
              {
                "type": "text",
                "text": " is like "
              },
              {
                "type": "text",
                "text": "11: 42 (42 31)* 31",
                "style": {
                  "code": true
                }
              },
              {
                "type": "text",
                "text": " I think?"
              }
            ]
          }
        ]
      }
    ],
    "thread_ts": "1608359237.225300",
    "parent_user_id": "UDUMMY"
  },
  {
    "client_msg_id": "4928ccf8-f9fb-4ac4-baea-fa1430293905",
    "type": "message",
    "text": "FAs are one of my favorite parts of ways to compute things :slightly_smiling_face: so much is “just” a state-machine",
    "user": "U01GH44F3GC",
    "ts": "1608388649.235600",
    "team": "T06V8J4SU",
    "user_team": "T06V8J4SU",
    "source_team": "T06V8J4SU",
    "user_profile": {
      "avatar_hash": "fa06fa2baaf2",
      "image_72": "https:\/\/avatars.slack-edge.com\/2020-12-07\/1540536372007_fa06fa2baaf25c93bf33_72.jpg",
      "first_name": "D.",
      "real_name": "D. Ben Knoble",
      "display_name": "benknoble",
      "team": "T06V8J4SU",
      "name": "ben.knoble",
      "is_restricted": false,
      "is_ultra_restricted": false
    },
    "blocks": [
      {
        "type": "rich_text",
        "block_id": "SUOt\/",
        "elements": [
          {
            "type": "rich_text_section",
            "elements": [
              {
                "type": "text",
                "text": "FAs are one of my favorite parts of ways to compute things "
              },
              {
                "type": "emoji",
                "name": "slightly_smiling_face"
              },
              {
                "type": "text",
                "text": " so much is “just” a state-machine"
              }
            ]
          }
        ]
      }
    ],
    "thread_ts": "1608359237.225300",
    "parent_user_id": "UDUMMY"
  },
  {
    "client_msg_id": "1FDF78AF-7E7C-4206-BA36-B44D99D1704A",
    "type": "message",
    "text": "Ah, yes, good point on 11. Why is 8 only 42*? You have to get at least one 42, hence 42 42*?",
    "user": "U01GH44F3GC",
    "ts": "1608403239.238100",
    "team": "T06V8J4SU",
    "user_team": "T06V8J4SU",
    "source_team": "T06V8J4SU",
    "user_profile": {
      "avatar_hash": "fa06fa2baaf2",
      "image_72": "https:\/\/avatars.slack-edge.com\/2020-12-07\/1540536372007_fa06fa2baaf25c93bf33_72.jpg",
      "first_name": "D.",
      "real_name": "D. Ben Knoble",
      "display_name": "benknoble",
      "team": "T06V8J4SU",
      "name": "ben.knoble",
      "is_restricted": false,
      "is_ultra_restricted": false
    },
    "blocks": [
      {
        "type": "rich_text",
        "block_id": "HzkXk",
        "elements": [
          {
            "type": "rich_text_section",
            "elements": [
              {
                "type": "text",
                "text": "Ah, yes, good point on 11. Why is 8 only 42*? You have to get at least one 42, hence 42 42*?"
              }
            ]
          }
        ]
      }
    ],
    "thread_ts": "1608359237.225300",
    "parent_user_id": "UDUMMY"
  },
  {
    "client_msg_id": "C5F3E984-18FC-4FBF-90AB-5B1DB87EB589",
    "type": "message",
    "text": "Agreed",
    "user": "U01GH44F3GC",
    "ts": "1608403336.238600",
    "team": "T06V8J4SU",
    "user_team": "T06V8J4SU",
    "source_team": "T06V8J4SU",
    "user_profile": {
      "avatar_hash": "fa06fa2baaf2",
      "image_72": "https:\/\/avatars.slack-edge.com\/2020-12-07\/1540536372007_fa06fa2baaf25c93bf33_72.jpg",
      "first_name": "D.",
      "real_name": "D. Ben Knoble",
      "display_name": "benknoble",
      "team": "T06V8J4SU",
      "name": "ben.knoble",
      "is_restricted": false,
      "is_ultra_restricted": false
    },
    "blocks": [
      {
        "type": "rich_text",
        "block_id": "MZtj",
        "elements": [
          {
            "type": "rich_text_section",
            "elements": [
              {
                "type": "text",
                "text": "Agreed"
              }
            ]
          }
        ]
      }
    ],
    "thread_ts": "1608359237.225300",
    "parent_user_id": "UDUMMY"
  },
  {
    "client_msg_id": "3760A80B-2E27-4998-A311-5D7F461364D5",
    "type": "message",
    "text": "I dont think my parsers generating parsers approach will work out, because eventually they needed a function from integers to parsers, but there was some circularity in the type-system \/ self-referential problem in defining the function. I’ve currently switched to building a bare-bones ast and then collapsing that to a parser when needed, hoping that will work. Otherwise I’ll have to go Hazel’s route of manually implementing the parsing alg for the ast. ",
    "user": "U01GH44F3GC",
    "ts": "1608411919.242400",
    "team": "T06V8J4SU",
    "user_team": "T06V8J4SU",
    "source_team": "T06V8J4SU",
    "user_profile": {
      "avatar_hash": "fa06fa2baaf2",
      "image_72": "https:\/\/avatars.slack-edge.com\/2020-12-07\/1540536372007_fa06fa2baaf25c93bf33_72.jpg",
      "first_name": "D.",
      "real_name": "D. Ben Knoble",
      "display_name": "benknoble",
      "team": "T06V8J4SU",
      "name": "ben.knoble",
      "is_restricted": false,
      "is_ultra_restricted": false
    },
    "blocks": [
      {
        "type": "rich_text",
        "block_id": "YanX4",
        "elements": [
          {
            "type": "rich_text_section",
            "elements": [
              {
                "type": "text",
                "text": "I dont think my parsers generating parsers approach will work out, because eventually they needed a function from integers to parsers, but there was some circularity in the type-system \/ self-referential problem in defining the function. I’ve currently switched to building a bare-bones ast and then collapsing that to a parser when needed, hoping that will work. Otherwise I’ll have to go Hazel’s route of manually implementing the parsing alg for the ast. "
              }
            ]
          }
        ]
      }
    ],
    "thread_ts": "1608359237.225300",
    "parent_user_id": "UDUMMY"
  },
  {
    "client_msg_id": "3b4fa69f-2d53-4702-80c1-c76b4a48c305",
    "type": "message",
    "text": "True. I have code that type-checks and runs, but produces the wrong answer, and now I’m not sure why. erg.",
    "user": "U01GH44F3GC",
    "ts": "1608416325.243000",
    "team": "T06V8J4SU",
    "user_team": "T06V8J4SU",
    "source_team": "T06V8J4SU",
    "user_profile": {
      "avatar_hash": "fa06fa2baaf2",
      "image_72": "https:\/\/avatars.slack-edge.com\/2020-12-07\/1540536372007_fa06fa2baaf25c93bf33_72.jpg",
      "first_name": "D.",
      "real_name": "D. Ben Knoble",
      "display_name": "benknoble",
      "team": "T06V8J4SU",
      "name": "ben.knoble",
      "is_restricted": false,
      "is_ultra_restricted": false
    },
    "blocks": [
      {
        "type": "rich_text",
        "block_id": "4Qq",
        "elements": [
          {
            "type": "rich_text_section",
            "elements": [
              {
                "type": "text",
                "text": "True. I have code that type-checks and runs, but produces the wrong answer, and now I’m not sure why. erg."
              }
            ]
          }
        ]
      }
    ],
    "thread_ts": "1608359237.225300",
    "parent_user_id": "UDUMMY"
  },
  {
    "client_msg_id": "d5c4b3fb-3f31-4214-83d0-df839b1322f2",
    "type": "message",
    "text": "Hm. I haven’t proved this yet, but I suspect it’s because the parser-combinators lib I’m using has committed choice, not backtracking. I wonder if I can implement that part myself, or if it’s even needed for part1?",
    "user": "U01GH44F3GC",
    "ts": "1608416790.243200",
    "team": "T06V8J4SU",
    "user_team": "T06V8J4SU",
    "source_team": "T06V8J4SU",
    "user_profile": {
      "avatar_hash": "fa06fa2baaf2",
      "image_72": "https:\/\/avatars.slack-edge.com\/2020-12-07\/1540536372007_fa06fa2baaf25c93bf33_72.jpg",
      "first_name": "D.",
      "real_name": "D. Ben Knoble",
      "display_name": "benknoble",
      "team": "T06V8J4SU",
      "name": "ben.knoble",
      "is_restricted": false,
      "is_ultra_restricted": false
    },
    "blocks": [
      {
        "type": "rich_text",
        "block_id": "\/Os\/j",
        "elements": [
          {
            "type": "rich_text_section",
            "elements": [
              {
                "type": "text",
                "text": "Hm. I haven’t proved this yet, but I suspect it’s because the parser-combinators lib I’m using has committed choice, not backtracking. I wonder if I can implement that part myself, or if it’s even needed for part1?"
              }
            ]
          }
        ]
      }
    ],
    "thread_ts": "1608359237.225300",
    "parent_user_id": "UDUMMY"
  },
  {
    "client_msg_id": "a6ad467c-4dc0-487c-b097-bf67c399410e",
    "type": "message",
    "text": "Lol so something else is the problem. Yay.",
    "user": "U01GH44F3GC",
    "ts": "1608416856.243700",
    "team": "T06V8J4SU",
    "user_team": "T06V8J4SU",
    "source_team": "T06V8J4SU",
    "user_profile": {
      "avatar_hash": "fa06fa2baaf2",
      "image_72": "https:\/\/avatars.slack-edge.com\/2020-12-07\/1540536372007_fa06fa2baaf25c93bf33_72.jpg",
      "first_name": "D.",
      "real_name": "D. Ben Knoble",
      "display_name": "benknoble",
      "team": "T06V8J4SU",
      "name": "ben.knoble",
      "is_restricted": false,
      "is_ultra_restricted": false
    },
    "blocks": [
      {
        "type": "rich_text",
        "block_id": "s4mM",
        "elements": [
          {
            "type": "rich_text_section",
            "elements": [
              {
                "type": "text",
                "text": "Lol so something else is the problem. Yay."
              }
            ]
          }
        ]
      }
    ],
    "thread_ts": "1608359237.225300",
    "parent_user_id": "UDUMMY"
  },
  {
    "client_msg_id": "ad0a86b0-0e77-4622-98e3-46c6078c9241",
    "type": "message",
    "text": "It’s SML, not racket, but <https:\/\/www.smlnj.org\/doc\/smlnj-lib\/Util\/str-ParserComb.html>",
    "user": "U01GH44F3GC",
    "ts": "1608416905.244100",
    "team": "T06V8J4SU",
    "user_team": "T06V8J4SU",
    "source_team": "T06V8J4SU",
    "user_profile": {
      "avatar_hash": "fa06fa2baaf2",
      "image_72": "https:\/\/avatars.slack-edge.com\/2020-12-07\/1540536372007_fa06fa2baaf25c93bf33_72.jpg",
      "first_name": "D.",
      "real_name": "D. Ben Knoble",
      "display_name": "benknoble",
      "team": "T06V8J4SU",
      "name": "ben.knoble",
      "is_restricted": false,
      "is_ultra_restricted": false
    },
    "blocks": [
      {
        "type": "rich_text",
        "block_id": "TuF",
        "elements": [
          {
            "type": "rich_text_section",
            "elements": [
              {
                "type": "text",
                "text": "It’s SML, not racket, but "
              },
              {
                "type": "link",
                "url": "https:\/\/www.smlnj.org\/doc\/smlnj-lib\/Util\/str-ParserComb.html"
              }
            ]
          }
        ]
      }
    ],
    "thread_ts": "1608359237.225300",
    "parent_user_id": "UDUMMY"
  },
  {
    "client_msg_id": "4f9f6963-cb93-4551-8f05-3d1e267503a8",
    "type": "message",
    "text": "My biggest issue rn is debugging is hard: it will take a while to find by hand a “counter-example” where my code is wrong.",
    "user": "U01GH44F3GC",
    "ts": "1608417207.244300",
    "team": "T06V8J4SU",
    "user_team": "T06V8J4SU",
    "source_team": "T06V8J4SU",
    "user_profile": {
      "avatar_hash": "fa06fa2baaf2",
      "image_72": "https:\/\/avatars.slack-edge.com\/2020-12-07\/1540536372007_fa06fa2baaf25c93bf33_72.jpg",
      "first_name": "D.",
      "real_name": "D. Ben Knoble",
      "display_name": "benknoble",
      "team": "T06V8J4SU",
      "name": "ben.knoble",
      "is_restricted": false,
      "is_ultra_restricted": false
    },
    "blocks": [
      {
        "type": "rich_text",
        "block_id": "4Ujv",
        "elements": [
          {
            "type": "rich_text_section",
            "elements": [
              {
                "type": "text",
                "text": "My biggest issue rn is debugging is hard: it will take a while to find by hand a “counter-example” where my code is wrong."
              }
            ]
          }
        ]
      }
    ],
    "thread_ts": "1608359237.225300",
    "parent_user_id": "UDUMMY"
  },
  {
    "client_msg_id": "3c24f7ff-6d38-4d77-aed0-12ea0e5a545c",
    "type": "message",
    "text": "you basically need back-tracking for that, don’t you? Or non-determinism, or some way of producing parse-forests (and if any tree is valid, consider it valid), etc. I think these things are all equivalent.",
    "user": "U01GH44F3GC",
    "ts": "1608417971.245100",
    "team": "T06V8J4SU",
    "user_team": "T06V8J4SU",
    "source_team": "T06V8J4SU",
    "user_profile": {
      "avatar_hash": "fa06fa2baaf2",
      "image_72": "https:\/\/avatars.slack-edge.com\/2020-12-07\/1540536372007_fa06fa2baaf25c93bf33_72.jpg",
      "first_name": "D.",
      "real_name": "D. Ben Knoble",
      "display_name": "benknoble",
      "team": "T06V8J4SU",
      "name": "ben.knoble",
      "is_restricted": false,
      "is_ultra_restricted": false
    },
    "blocks": [
      {
        "type": "rich_text",
        "block_id": "y6YuA",
        "elements": [
          {
            "type": "rich_text_section",
            "elements": [
              {
                "type": "text",
                "text": "you basically need back-tracking for that, don’t you? Or non-determinism, or some way of producing parse-forests (and if any tree is valid, consider it valid), etc. I think these things are all equivalent."
              }
            ]
          }
        ]
      }
    ],
    "thread_ts": "1608359237.225300",
    "parent_user_id": "UDUMMY"
  },
  {
    "client_msg_id": "7000ab4f-d97e-47f8-ac62-4239991a01b1",
    "type": "message",
    "text": "yah me neither",
    "user": "U01GH44F3GC",
    "ts": "1608418003.245500",
    "team": "T06V8J4SU",
    "user_team": "T06V8J4SU",
    "source_team": "T06V8J4SU",
    "user_profile": {
      "avatar_hash": "fa06fa2baaf2",
      "image_72": "https:\/\/avatars.slack-edge.com\/2020-12-07\/1540536372007_fa06fa2baaf25c93bf33_72.jpg",
      "first_name": "D.",
      "real_name": "D. Ben Knoble",
      "display_name": "benknoble",
      "team": "T06V8J4SU",
      "name": "ben.knoble",
      "is_restricted": false,
      "is_ultra_restricted": false
    },
    "blocks": [
      {
        "type": "rich_text",
        "block_id": "EA\/",
        "elements": [
          {
            "type": "rich_text_section",
            "elements": [
              {
                "type": "text",
                "text": "yah me neither"
              }
            ]
          }
        ]
      }
    ],
    "thread_ts": "1608359237.225300",
    "parent_user_id": "UDUMMY"
  },
  {
    "client_msg_id": "6795BDD1-820F-4531-B53D-083E65E7D218",
    "type": "message",
    "text": "I’m about to collapse to a regex for part1 just to debug... but that won’t work for part2 :)",
    "user": "U01GH44F3GC",
    "ts": "1608420526.247600",
    "team": "T06V8J4SU",
    "user_team": "T06V8J4SU",
    "source_team": "T06V8J4SU",
    "user_profile": {
      "avatar_hash": "fa06fa2baaf2",
      "image_72": "https:\/\/avatars.slack-edge.com\/2020-12-07\/1540536372007_fa06fa2baaf25c93bf33_72.jpg",
      "first_name": "D.",
      "real_name": "D. Ben Knoble",
      "display_name": "benknoble",
      "team": "T06V8J4SU",
      "name": "ben.knoble",
      "is_restricted": false,
      "is_ultra_restricted": false
    },
    "blocks": [
      {
        "type": "rich_text",
        "block_id": "KW3E",
        "elements": [
          {
            "type": "rich_text_section",
            "elements": [
              {
                "type": "text",
                "text": "I’m about to collapse to a regex for part1 just to debug... but that won’t work for part2 :)"
              }
            ]
          }
        ]
      }
    ],
    "thread_ts": "1608359237.225300",
    "parent_user_id": "UDUMMY"
  },
  {
    "client_msg_id": "1190904e-8ffe-47c2-bad9-dbf6f7aad9b5",
    "type": "message",
    "text": "Yeah, mapping to a regex for debugging found 49 examples where the re accepts the string but the generated parser does not. Odd…",
    "user": "U01GH44F3GC",
    "ts": "1608426264.248600",
    "team": "T06V8J4SU",
    "user_team": "T06V8J4SU",
    "source_team": "T06V8J4SU",
    "user_profile": {
      "avatar_hash": "fa06fa2baaf2",
      "image_72": "https:\/\/avatars.slack-edge.com\/2020-12-07\/1540536372007_fa06fa2baaf25c93bf33_72.jpg",
      "first_name": "D.",
      "real_name": "D. Ben Knoble",
      "display_name": "benknoble",
      "team": "T06V8J4SU",
      "name": "ben.knoble",
      "is_restricted": false,
      "is_ultra_restricted": false
    },
    "blocks": [
      {
        "type": "rich_text",
        "block_id": "xZmAq",
        "elements": [
          {
            "type": "rich_text_section",
            "elements": [
              {
                "type": "text",
                "text": "Yeah, mapping to a regex for debugging found 49 examples where the re accepts the string but the generated parser does not. Odd…"
              }
            ]
          }
        ]
      }
    ],
    "thread_ts": "1608359237.225300",
    "parent_user_id": "UDUMMY"
  },
  {
    "client_msg_id": "fb4a882a-ece9-402d-b1c0-861763b1213a",
    "type": "message",
    "text": "I’m just not sure what my parser bug is :disappointed:",
    "user": "U01GH44F3GC",
    "ts": "1608426452.249000",
    "team": "T06V8J4SU",
    "user_team": "T06V8J4SU",
    "source_team": "T06V8J4SU",
    "user_profile": {
      "avatar_hash": "fa06fa2baaf2",
      "image_72": "https:\/\/avatars.slack-edge.com\/2020-12-07\/1540536372007_fa06fa2baaf25c93bf33_72.jpg",
      "first_name": "D.",
      "real_name": "D. Ben Knoble",
      "display_name": "benknoble",
      "team": "T06V8J4SU",
      "name": "ben.knoble",
      "is_restricted": false,
      "is_ultra_restricted": false
    },
    "blocks": [
      {
        "type": "rich_text",
        "block_id": "GLb",
        "elements": [
          {
            "type": "rich_text_section",
            "elements": [
              {
                "type": "text",
                "text": "I’m just not sure what my parser bug is "
              },
              {
                "type": "emoji",
                "name": "disappointed"
              }
            ]
          }
        ]
      }
    ],
    "thread_ts": "1608359237.225300",
    "parent_user_id": "UDUMMY"
  },
  {
    "client_msg_id": "07a1e1b1-82e0-4fc1-b3ff-7b39869d7453",
    "type": "message",
    "text": "I might have found it; I think it has to do with my ast and some possibly empty alternations that should not be considered",
    "user": "U01GH44F3GC",
    "ts": "1608426624.249200",
    "team": "T06V8J4SU",
    "user_team": "T06V8J4SU",
    "source_team": "T06V8J4SU",
    "user_profile": {
      "avatar_hash": "fa06fa2baaf2",
      "image_72": "https:\/\/avatars.slack-edge.com\/2020-12-07\/1540536372007_fa06fa2baaf25c93bf33_72.jpg",
      "first_name": "D.",
      "real_name": "D. Ben Knoble",
      "display_name": "benknoble",
      "team": "T06V8J4SU",
      "name": "ben.knoble",
      "is_restricted": false,
      "is_ultra_restricted": false
    },
    "blocks": [
      {
        "type": "rich_text",
        "block_id": "OlUo",
        "elements": [
          {
            "type": "rich_text_section",
            "elements": [
              {
                "type": "text",
                "text": "I might have found it; I think it has to do with my ast and some possibly empty alternations that should not be considered"
              }
            ]
          }
        ]
      }
    ],
    "thread_ts": "1608359237.225300",
    "parent_user_id": "UDUMMY"
  },
  {
    "client_msg_id": "8785ab07-b337-4ad2-94e5-0170c0f559c2",
    "type": "message",
    "text": "yep, sigh",
    "user": "U01GH44F3GC",
    "ts": "1608426792.249400",
    "team": "T06V8J4SU",
    "user_team": "T06V8J4SU",
    "source_team": "T06V8J4SU",
    "user_profile": {
      "avatar_hash": "fa06fa2baaf2",
      "image_72": "https:\/\/avatars.slack-edge.com\/2020-12-07\/1540536372007_fa06fa2baaf25c93bf33_72.jpg",
      "first_name": "D.",
      "real_name": "D. Ben Knoble",
      "display_name": "benknoble",
      "team": "T06V8J4SU",
      "name": "ben.knoble",
      "is_restricted": false,
      "is_ultra_restricted": false
    },
    "blocks": [
      {
        "type": "rich_text",
        "block_id": "Wz=",
        "elements": [
          {
            "type": "rich_text_section",
            "elements": [
              {
                "type": "text",
                "text": "yep, sigh"
              }
            ]
          }
        ]
      }
    ],
    "thread_ts": "1608359237.225300",
    "parent_user_id": "UDUMMY"
  }
]
