[
  {
    "client_msg_id": "26277bae-b8fa-4ac1-91c6-d1d21096613c",
    "type": "message",
    "text": "Really interesting puzzle; I solved it in terms of reducing equations of the form `field number in {set of fields}`. link (SML, not racket, but the general algorithm should be visible): <https://github.com/benknoble/advent2020/blob/574f858b72a03e28440b6da469865ac962e76471/day16/solution.sml#L98>",
    "user": "U01GH44F3GC",
    "ts": "1608141994.199000",
    "team": "T06V8J4SU",
    "user_team": "T06V8J4SU",
    "source_team": "T06V8J4SU",
    "user_profile": {
      "avatar_hash": "fa06fa2baaf2",
      "image_72": "https://avatars.slack-edge.com/2020-12-07/1540536372007_fa06fa2baaf25c93bf33_72.jpg",
      "first_name": "D.",
      "real_name": "D. Ben Knoble",
      "display_name": "benknoble",
      "team": "T06V8J4SU",
      "name": "ben.knoble",
      "is_restricted": false,
      "is_ultra_restricted": false
    },
    "attachments": [
      {
        "fallback": "[benknoble/advent2020] day16/solution.sml:98",
        "text": "```\n  fun solve_set_eqns cands =\n```",
        "title": "day16/solution.sml:98",
        "footer": "<https://github.com/benknoble/advent2020|benknoble/advent2020>",
        "id": 1,
        "title_link": "https://github.com/benknoble/advent2020/blob/574f858b72a03e28440b6da469865ac962e76471/day16/solution.sml#L98",
        "footer_icon": "https://github.githubassets.com/favicon.ico",
        "color": "24292f",
        "mrkdwn_in": [
          "text"
        ],
        "bot_id": "BAFR3L81E",
        "app_unfurl_url": "https://github.com/benknoble/advent2020/blob/574f858b72a03e28440b6da469865ac962e76471/day16/solution.sml#L98",
        "is_app_unfurl": true
      }
    ],
    "blocks": [
      {
        "type": "rich_text",
        "block_id": "vXi",
        "elements": [
          {
            "type": "rich_text_section",
            "elements": [
              {
                "type": "text",
                "text": "Really interesting puzzle; I solved it in terms of reducing equations of the form "
              },
              {
                "type": "text",
                "text": "field number in {set of fields}",
                "style": {
                  "code": true
                }
              },
              {
                "type": "text",
                "text": ". link (SML, not racket, but the general algorithm should be visible): "
              },
              {
                "type": "link",
                "url": "https://github.com/benknoble/advent2020/blob/574f858b72a03e28440b6da469865ac962e76471/day16/solution.sml#L98"
              }
            ]
          }
        ]
      }
    ],
    "thread_ts": "1608099924.194000",
    "parent_user_id": "UDUMMY"
  }
]
