[
  {
    "client_msg_id": "99582ecf-6a48-453e-9b44-7d36d878825c",
    "type": "message",
    "text": "Enjoyed the game-of-life; added animations to mine for fun, but had to shrink my terminals font size _way_ down to actually watch them on my full input :slightly_smiling_face:",
    "user": "U01GH44F3GC",
    "ts": "1607719167.125600",
    "team": "T06V8J4SU",
    "user_team": "T06V8J4SU",
    "source_team": "T06V8J4SU",
    "user_profile": {
      "avatar_hash": "fa06fa2baaf2",
      "image_72": "https:\/\/avatars.slack-edge.com\/2020-12-07\/1540536372007_fa06fa2baaf25c93bf33_72.jpg",
      "first_name": "D.",
      "real_name": "D. Ben Knoble",
      "display_name": "benknoble",
      "team": "T06V8J4SU",
      "name": "ben.knoble",
      "is_restricted": false,
      "is_ultra_restricted": false
    },
    "blocks": [
      {
        "type": "rich_text",
        "block_id": "17ccQ",
        "elements": [
          {
            "type": "rich_text_section",
            "elements": [
              {
                "type": "text",
                "text": "Enjoyed the game-of-life; added animations to mine for fun, but had to shrink my terminals font size "
              },
              {
                "type": "text",
                "text": "way",
                "style": {
                  "italic": true
                }
              },
              {
                "type": "text",
                "text": " down to actually watch them on my full input "
              },
              {
                "type": "emoji",
                "name": "slightly_smiling_face"
              }
            ]
          }
        ]
      }
    ]
  },
  {
    "client_msg_id": "a6030836-d851-4d7c-8172-8b42662184fa",
    "type": "message",
    "text": "I think I’m having trouble following; what is `sight` ? If it’s just the visible seats in the first generation, the ruby code never updates it, so that seems odd—makes me thing it has to be the possibly visible seats (like list of points to check or something)\n\nI actually recalculate the visible seats each time; red-black trees and tail-recursion were “fast enough” (though not blindingly fast)",
    "user": "U01GH44F3GC",
    "ts": "1607720004.126600",
    "team": "T06V8J4SU",
    "user_team": "T06V8J4SU",
    "source_team": "T06V8J4SU",
    "user_profile": {
      "avatar_hash": "fa06fa2baaf2",
      "image_72": "https:\/\/avatars.slack-edge.com\/2020-12-07\/1540536372007_fa06fa2baaf25c93bf33_72.jpg",
      "first_name": "D.",
      "real_name": "D. Ben Knoble",
      "display_name": "benknoble",
      "team": "T06V8J4SU",
      "name": "ben.knoble",
      "is_restricted": false,
      "is_ultra_restricted": false
    },
    "blocks": [
      {
        "type": "rich_text",
        "block_id": "aHs0n",
        "elements": [
          {
            "type": "rich_text_section",
            "elements": [
              {
                "type": "text",
                "text": "I think I’m having trouble following; what is "
              },
              {
                "type": "text",
                "text": "sight",
                "style": {
                  "code": true
                }
              },
              {
                "type": "text",
                "text": " ? If it’s just the visible seats in the first generation, the ruby code never updates it, so that seems odd—makes me thing it has to be the possibly visible seats (like list of points to check or something)\n\nI actually recalculate the visible seats each time; red-black trees and tail-recursion were “fast enough” (though not blindingly fast)"
              }
            ]
          }
        ]
      }
    ],
    "thread_ts": "1607719535.125800",
    "parent_user_id": "UDUMMY"
  },
  {
    "client_msg_id": "3c29f590-dcf7-487d-978b-aff611f6b290",
    "type": "message",
    "text": "ah. I missed that. oh well :slightly_smiling_face:",
    "user": "U01GH44F3GC",
    "ts": "1607720124.127000",
    "team": "T06V8J4SU",
    "user_team": "T06V8J4SU",
    "source_team": "T06V8J4SU",
    "user_profile": {
      "avatar_hash": "fa06fa2baaf2",
      "image_72": "https:\/\/avatars.slack-edge.com\/2020-12-07\/1540536372007_fa06fa2baaf25c93bf33_72.jpg",
      "first_name": "D.",
      "real_name": "D. Ben Knoble",
      "display_name": "benknoble",
      "team": "T06V8J4SU",
      "name": "ben.knoble",
      "is_restricted": false,
      "is_ultra_restricted": false
    },
    "blocks": [
      {
        "type": "rich_text",
        "block_id": "aMxq\/",
        "elements": [
          {
            "type": "rich_text_section",
            "elements": [
              {
                "type": "text",
                "text": "ah. I missed that. oh well "
              },
              {
                "type": "emoji",
                "name": "slightly_smiling_face"
              }
            ]
          }
        ]
      }
    ],
    "thread_ts": "1607719535.125800",
    "parent_user_id": "UDUMMY"
  },
  {
    "client_msg_id": "6695872c-66b4-4d59-9b15-b0c56258eb22",
    "type": "message",
    "text": "That makes sense; I’m tempted to try it on my sml solution and see what happens",
    "user": "U01GH44F3GC",
    "ts": "1607720278.127800",
    "team": "T06V8J4SU",
    "user_team": "T06V8J4SU",
    "source_team": "T06V8J4SU",
    "user_profile": {
      "avatar_hash": "fa06fa2baaf2",
      "image_72": "https:\/\/avatars.slack-edge.com\/2020-12-07\/1540536372007_fa06fa2baaf25c93bf33_72.jpg",
      "first_name": "D.",
      "real_name": "D. Ben Knoble",
      "display_name": "benknoble",
      "team": "T06V8J4SU",
      "name": "ben.knoble",
      "is_restricted": false,
      "is_ultra_restricted": false
    },
    "blocks": [
      {
        "type": "rich_text",
        "block_id": "X2kB",
        "elements": [
          {
            "type": "rich_text_section",
            "elements": [
              {
                "type": "text",
                "text": "That makes sense; I’m tempted to try it on my sml solution and see what happens"
              }
            ]
          }
        ]
      }
    ],
    "thread_ts": "1607719535.125800",
    "parent_user_id": "UDUMMY"
  },
  {
    "client_msg_id": "82c0342b-4a3f-4be1-bd48-3b1faa674544",
    "type": "message",
    "text": "In SML it sure doesn’t :slightly_smiling_face: if `curry`\/`compose`\/etc. are slower in racket, it would turn me off of that style of writing (which I happen to enjoy).",
    "user": "U01GH44F3GC",
    "ts": "1607722475.132600",
    "team": "T06V8J4SU",
    "user_team": "T06V8J4SU",
    "source_team": "T06V8J4SU",
    "user_profile": {
      "avatar_hash": "fa06fa2baaf2",
      "image_72": "https:\/\/avatars.slack-edge.com\/2020-12-07\/1540536372007_fa06fa2baaf25c93bf33_72.jpg",
      "first_name": "D.",
      "real_name": "D. Ben Knoble",
      "display_name": "benknoble",
      "team": "T06V8J4SU",
      "name": "ben.knoble",
      "is_restricted": false,
      "is_ultra_restricted": false
    },
    "blocks": [
      {
        "type": "rich_text",
        "block_id": "3O\/i",
        "elements": [
          {
            "type": "rich_text_section",
            "elements": [
              {
                "type": "text",
                "text": "In SML it sure doesn’t "
              },
              {
                "type": "emoji",
                "name": "slightly_smiling_face"
              },
              {
                "type": "text",
                "text": " if "
              },
              {
                "type": "text",
                "text": "curry",
                "style": {
                  "code": true
                }
              },
              {
                "type": "text",
                "text": "\/"
              },
              {
                "type": "text",
                "text": "compose",
                "style": {
                  "code": true
                }
              },
              {
                "type": "text",
                "text": "\/etc. are slower in racket, it would turn me off of that style of writing (which I happen to enjoy)."
              }
            ]
          }
        ]
      }
    ],
    "thread_ts": "1607719535.125800",
    "parent_user_id": "UDUMMY"
  }
]
