[
  {
    "client_msg_id": "d80aaa3f-3db5-4938-8099-f06835e2dac9",
    "type": "message",
    "text": "If you want more language comparison, here’s SML: <https:////github.com//benknoble//advent2020>",
    "user": "U01GH44F3GC",
    "ts": "1607543236.082500",
    "team": "T06V8J4SU",
    "user_team": "T06V8J4SU",
    "source_team": "T06V8J4SU",
    "user_profile": {
      "avatar_hash": "fa06fa2baaf2",
      "image_72": "https:////avatars.slack-edge.com//2020-12-07//1540536372007_fa06fa2baaf25c93bf33_72.jpg",
      "first_name": "D.",
      "real_name": "D. Ben Knoble",
      "display_name": "benknoble",
      "team": "T06V8J4SU",
      "name": "ben.knoble",
      "is_restricted": false,
      "is_ultra_restricted": false
    },
    "attachments": [
      {
        "fallback": "benknoble//advent2020",
        "title": "benknoble//advent2020",
        "footer": "<https:////github.com//benknoble//advent2020|benknoble//advent2020>",
        "id": 1,
        "footer_icon": "https:////github.githubassets.com//favicon.ico",
        "ts": 1606863193,
        "color": "24292f",
        "fields": [
          {
            "title": "Stars",
            "value": "1",
            "short": true
          },
          {
            "title": "Language",
            "value": "Standard ML",
            "short": true
          }
        ],
        "mrkdwn_in": [
          "text",
          "fields"
        ],
        "bot_id": "BAFR3L81E",
        "app_unfurl_url": "https:////github.com//benknoble//advent2020",
        "is_app_unfurl": true
      }
    ],
    "blocks": [
      {
        "type": "rich_text",
        "block_id": "3oF9",
        "elements": [
          {
            "type": "rich_text_section",
            "elements": [
              {
                "type": "text",
                "text": "If you want more language comparison, here’s SML: "
              },
              {
                "type": "link",
                "url": "https:////github.com//benknoble//advent2020"
              }
            ]
          }
        ]
      }
    ],
    "thread_ts": "1607542810.072900",
    "parent_user_id": "UDUMMY"
  },
  {
    "client_msg_id": "7bb8034b-aab6-4a9d-a5a2-659d9f3d1d07",
    "type": "message",
    "text": "Day 9 in SML: ~800 _micro-_seconds for part1, ~900 for part2. The only “optimization” I applied was a good use of sets//queues, and an efficient contiguous-subsequence algorithm. Well, that, and tail recursion :slightly_smiling_face:",
    "user": "U01GH44F3GC",
    "ts": "1607543814.091400",
    "team": "T06V8J4SU",
    "user_team": "T06V8J4SU",
    "source_team": "T06V8J4SU",
    "user_profile": {
      "avatar_hash": "fa06fa2baaf2",
      "image_72": "https:////avatars.slack-edge.com//2020-12-07//1540536372007_fa06fa2baaf25c93bf33_72.jpg",
      "first_name": "D.",
      "real_name": "D. Ben Knoble",
      "display_name": "benknoble",
      "team": "T06V8J4SU",
      "name": "ben.knoble",
      "is_restricted": false,
      "is_ultra_restricted": false
    },
    "blocks": [
      {
        "type": "rich_text",
        "block_id": "//nnCA",
        "elements": [
          {
            "type": "rich_text_section",
            "elements": [
              {
                "type": "text",
                "text": "Day 9 in SML: ~800 "
              },
              {
                "type": "text",
                "text": "micro-",
                "style": {
                  "italic": true
                }
              },
              {
                "type": "text",
                "text": "seconds for part1, ~900 for part2. The only “optimization” I applied was a good use of sets//queues, and an efficient contiguous-subsequence algorithm. Well, that, and tail recursion "
              },
              {
                "type": "emoji",
                "name": "slightly_smiling_face"
              }
            ]
          }
        ]
      }
    ],
    "thread_ts": "1607543814.091400",
    "reply_count": 2,
    "reply_users_count": 2,
    "latest_reply": "1607545459.098900",
    "reply_users": [
      "UDUMMY",
      "U01GH44F3GC"
    ],
    "replies": [
      {
        "user": "UDUMMY",
        "ts": "1607545446.098700"
      },
      {
        "user": "U01GH44F3GC",
        "ts": "1607545459.098900"
      }
    ],
    "subscribed": false
  },
  {
    "client_msg_id": "e2b5a887-a06c-4119-bd71-c8797ae076de",
    "type": "message",
    "text": "Nice!",
    "user": "U01GH44F3GC",
    "ts": "1607545459.098900",
    "team": "T06V8J4SU",
    "user_team": "T06V8J4SU",
    "source_team": "T06V8J4SU",
    "user_profile": {
      "avatar_hash": "fa06fa2baaf2",
      "image_72": "https:////avatars.slack-edge.com//2020-12-07//1540536372007_fa06fa2baaf25c93bf33_72.jpg",
      "first_name": "D.",
      "real_name": "D. Ben Knoble",
      "display_name": "benknoble",
      "team": "T06V8J4SU",
      "name": "ben.knoble",
      "is_restricted": false,
      "is_ultra_restricted": false
    },
    "blocks": [
      {
        "type": "rich_text",
        "block_id": "2Ief",
        "elements": [
          {
            "type": "rich_text_section",
            "elements": [
              {
                "type": "text",
                "text": "Nice!"
              }
            ]
          }
        ]
      }
    ],
    "thread_ts": "1607543814.091400",
    "parent_user_id": "U01GH44F3GC"
  },
  {
    "client_msg_id": "9604ded4-ff34-4b6d-b0ed-09c523ce1083",
    "type": "message",
    "text": "yep, <https:////github.com//benknoble//advent2020>",
    "user": "U01GH44F3GC",
    "ts": "1607545485.099100",
    "team": "T06V8J4SU",
    "user_team": "T06V8J4SU",
    "source_team": "T06V8J4SU",
    "user_profile": {
      "avatar_hash": "fa06fa2baaf2",
      "image_72": "https:////avatars.slack-edge.com//2020-12-07//1540536372007_fa06fa2baaf25c93bf33_72.jpg",
      "first_name": "D.",
      "real_name": "D. Ben Knoble",
      "display_name": "benknoble",
      "team": "T06V8J4SU",
      "name": "ben.knoble",
      "is_restricted": false,
      "is_ultra_restricted": false
    },
    "attachments": [
      {
        "fallback": "benknoble//advent2020",
        "title": "benknoble//advent2020",
        "footer": "<https:////github.com//benknoble//advent2020|benknoble//advent2020>",
        "id": 1,
        "footer_icon": "https:////github.githubassets.com//favicon.ico",
        "ts": 1606863193,
        "color": "24292f",
        "fields": [
          {
            "title": "Stars",
            "value": "1",
            "short": true
          },
          {
            "title": "Language",
            "value": "Standard ML",
            "short": true
          }
        ],
        "mrkdwn_in": [
          "text",
          "fields"
        ],
        "bot_id": "BAFR3L81E",
        "app_unfurl_url": "https:////github.com//benknoble//advent2020",
        "is_app_unfurl": true
      }
    ],
    "blocks": [
      {
        "type": "rich_text",
        "block_id": "B1Vxx",
        "elements": [
          {
            "type": "rich_text_section",
            "elements": [
              {
                "type": "text",
                "text": "yep, "
              },
              {
                "type": "link",
                "url": "https:////github.com//benknoble//advent2020"
              }
            ]
          }
        ]
      }
    ],
    "thread_ts": "1607544393.093600",
    "parent_user_id": "UDUMMY"
  }
]
