[
  {
    "client_msg_id": "ebf94858-e853-453a-ac21-4ef0490aae5b",
    "type": "message",
    "text": "I imagine the macro solution is quite a bit faster than without? I converted my part1 to lists for part2 to generalize; I did optimize the set of points to be checked by not doing duplicate neighbors like I was previously. But I imagine the macros get you closer to a constant time operation on many things.",
    "user": "U01GH44F3GC",
    "ts": "1608242657.208700",
    "team": "T06V8J4SU",
    "user_team": "T06V8J4SU",
    "source_team": "T06V8J4SU",
    "user_profile": {
      "avatar_hash": "fa06fa2baaf2",
      "image_72": "https://avatars.slack-edge.com/2020-12-07/1540536372007_fa06fa2baaf25c93bf33_72.jpg",
      "first_name": "D.",
      "real_name": "D. Ben Knoble",
      "display_name": "benknoble",
      "team": "T06V8J4SU",
      "name": "ben.knoble",
      "is_restricted": false,
      "is_ultra_restricted": false
    },
    "blocks": [
      {
        "type": "rich_text",
        "block_id": "eX4",
        "elements": [
          {
            "type": "rich_text_section",
            "elements": [
              {
                "type": "text",
                "text": "I imagine the macro solution is quite a bit faster than without? I converted my part1 to lists for part2 to generalize; I did optimize the set of points to be checked by not doing duplicate neighbors like I was previously. But I imagine the macros get you closer to a constant time operation on many things."
              }
            ]
          }
        ]
      }
    ],
    "thread_ts": "1608229066.202800",
    "parent_user_id": "UDUMMY"
  },
  {
    "client_msg_id": "bf330d43-2238-44f4-8269-d93ffd321b01",
    "type": "message",
    "text": "Peeked at the code; ignore my comment :stuck_out_tongue: I thought the macros were to create general n-dim point structures; they are *not*",
    "user": "U01GH44F3GC",
    "ts": "1608242730.209100",
    "team": "T06V8J4SU",
    "user_team": "T06V8J4SU",
    "source_team": "T06V8J4SU",
    "user_profile": {
      "avatar_hash": "fa06fa2baaf2",
      "image_72": "https://avatars.slack-edge.com/2020-12-07/1540536372007_fa06fa2baaf25c93bf33_72.jpg",
      "first_name": "D.",
      "real_name": "D. Ben Knoble",
      "display_name": "benknoble",
      "team": "T06V8J4SU",
      "name": "ben.knoble",
      "is_restricted": false,
      "is_ultra_restricted": false
    },
    "blocks": [
      {
        "type": "rich_text",
        "block_id": "nZ+",
        "elements": [
          {
            "type": "rich_text_section",
            "elements": [
              {
                "type": "text",
                "text": "Peeked at the code; ignore my comment "
              },
              {
                "type": "emoji",
                "name": "stuck_out_tongue"
              },
              {
                "type": "text",
                "text": " I thought the macros were to create general n-dim point structures; they are "
              },
              {
                "type": "text",
                "text": "not",
                "style": {
                  "bold": true
                }
              }
            ]
          }
        ]
      }
    ],
    "thread_ts": "1608229066.202800",
    "parent_user_id": "UDUMMY"
  }
]
