[
  {
    "id": "C06V96CKX",
    "name": "general",
    "created": 1435595372,
    "creator": "UDUMMY",
    "is_archived": false,
    "is_general": true,
    "members": [
      "U01GH44F3GC",
      "UDUMMY"
    ],
    "pins": [
      {
        "id": "1573835645.258600",
        "type": "C",
        "created": 1574153749,
        "user": "UDUMMY",
        "owner": "UDUMMY"
      },
      {
        "id": "1588873953.206900",
        "type": "C",
        "created": 1588889253,
        "user": "UDUMMY",
        "owner": "UDUMMY"
      },
      {
        "id": "1619537622.252000",
        "type": "C",
        "created": 1619537809,
        "user": "UDUMMY",
        "owner": "UDUMMY"
      }
    ],
    "topic": {
      "value": "Our general channel",
      "creator": "UDUMMY",
      "last_set": 1589590882
    },
    "purpose": {
      "value": "Our general channel",
      "creator": "UDUMMY",
      "last_set": 1589590882
    }
  },
  {
    "id": "C06V96CLD",
    "name": "random",
    "created": 1435595372,
    "creator": "UDUMMY",
    "is_archived": false,
    "is_general": false,
    "members": [
      "U01GH44F3GC",
      "UDUMMY"
    ],
    "topic": {
      "value": "Anything goes",
      "creator": "UDUMMY",
      "last_set": 1589745051
    },
    "purpose": {
      "value": "A place for fun stuff and off-topic discussion/things you'd prefer to keep out of more focused work-related channels.",
      "creator": "UDUMMY",
      "last_set": 1565914969
    }
  },
  {
    "id": "C09L257PY",
    "name": "beginners",
    "created": 1440567806,
    "creator": "UDUMMY",
    "is_archived": false,
    "is_general": false,
    "members": [
      "U01GH44F3GC",
      "UDUMMY"
    ],
    "pins": [
      {
        "id": "1602772884.229000",
        "type": "C",
        "created": 1602772889,
        "user": "UDUMMY",
        "owner": "UDUMMY"
      }
    ],
    "topic": {
      "value": "A good place to ask questions.",
      "creator": "UDUMMY",
      "last_set": 1602773421
    },
    "purpose": {
      "value": "other resources to get help",
      "creator": "UDUMMY",
      "last_set": 1593174778
    }
  },
  {
    "id": "C01CCDXATLJ",
    "name": "vim",
    "created": 1602361620,
    "creator": "UDUMMY",
    "is_archived": false,
    "is_general": false,
    "members": [
      "U01GH44F3GC",
      "UDUMMY"
    ],
    "topic": {
      "value": "",
      "creator": "",
      "last_set": 0
    },
    "purpose": {
      "value": "Vim and Neovim users",
      "creator": "UDUMMY",
      "last_set": 1602361620
    }
  },
  {
    "id": "C01R5MVFTQS",
    "created": 1602361620,
    "creator": "UDUMMY",
    "is_archived": false,
    "is_general": false,
    "name": "scribble-math",
    "topic": {
      "value": "",
      "creator": "",
      "last_set": 0
    },
    "purpose": {
      "creator": "UDUMMY",
      "last_set": 1615647195,
      "value": "Discussion of the `math-scribble` package"
    }
  }
]
