[
{"id":"U01GH44F3GC","team_id":"T06V8J4SU","name":"ben.knoble","deleted":false,"color":"e7392d","real_name":"D. Ben Knoble","tz":"America\/New_York","tz_label":"Eastern Daylight Time","tz_offset":-14400,"profile":{"title":"","phone":"","skype":"","real_name":"D. Ben Knoble","real_name_normalized":"D. Ben Knoble","display_name":"benknoble","display_name_normalized":"benknoble","fields":[],"status_text":"","status_emoji":"","status_expiration":0,"avatar_hash":"fa06fa2baaf2","image_original":"https:\/\/avatars.slack-edge.com\/2020-12-07\/1540536372007_fa06fa2baaf25c93bf33_original.jpg","is_custom_image":true,"first_name":"D.","last_name":"Ben Knoble","image_24":"https:\/\/avatars.slack-edge.com\/2020-12-07\/1540536372007_fa06fa2baaf25c93bf33_24.jpg","image_32":"https:\/\/avatars.slack-edge.com\/2020-12-07\/1540536372007_fa06fa2baaf25c93bf33_32.jpg","image_48":"https:\/\/avatars.slack-edge.com\/2020-12-07\/1540536372007_fa06fa2baaf25c93bf33_48.jpg","image_72":"https:\/\/avatars.slack-edge.com\/2020-12-07\/1540536372007_fa06fa2baaf25c93bf33_72.jpg","image_192":"https:\/\/avatars.slack-edge.com\/2020-12-07\/1540536372007_fa06fa2baaf25c93bf33_192.jpg","image_512":"https:\/\/avatars.slack-edge.com\/2020-12-07\/1540536372007_fa06fa2baaf25c93bf33_512.jpg","image_1024":"https:\/\/avatars.slack-edge.com\/2020-12-07\/1540536372007_fa06fa2baaf25c93bf33_1024.jpg","status_text_canonical":"","team":"T06V8J4SU"},"is_admin":false,"is_owner":false,"is_primary_owner":false,"is_restricted":false,"is_ultra_restricted":false,"is_bot":false,"is_app_user":false,"updated":1607355338,"is_email_confirmed":true},
{ "color": "e7392d", "deleted": false, "id": "UDUMMY", "is_admin": false, "is_app_user": false, "is_bot": false, "is_email_confirmed": true, "is_owner": false, "is_primary_owner": false, "is_restricted": false, "is_ultra_restricted": false, "name": "dummyuser", "profile": { "avatar_hash": "fa06fa2baaf2", "display_name": "dummyuser", "display_name_normalized": "dummyuser", "fields": [], "first_name": "dummy", "image_1024": "https://avatars.slack-edge.com/2020-12-07/1540536372007_fa06fa2baaf25c93bf33_1024.jpg", "image_192": "https://avatars.slack-edge.com/2020-12-07/1540536372007_fa06fa2baaf25c93bf33_192.jpg", "image_24": "https://avatars.slack-edge.com/2020-12-07/1540536372007_fa06fa2baaf25c93bf33_24.jpg", "image_32": "https://avatars.slack-edge.com/2020-12-07/1540536372007_fa06fa2baaf25c93bf33_32.jpg", "image_48": "https://avatars.slack-edge.com/2020-12-07/1540536372007_fa06fa2baaf25c93bf33_48.jpg", "image_512": "https://avatars.slack-edge.com/2020-12-07/1540536372007_fa06fa2baaf25c93bf33_512.jpg", "image_72": "https://avatars.slack-edge.com/2020-12-07/1540536372007_fa06fa2baaf25c93bf33_72.jpg", "image_original": "https://avatars.slack-edge.com/2020-12-07/1540536372007_fa06fa2baaf25c93bf33_original.jpg", "is_custom_image": true, "last_name": "user", "phone": "", "real_name": "dummy user", "real_name_normalized": "dummy user", "skype": "", "status_emoji": "", "status_expiration": 0, "status_text": "", "status_text_canonical": "", "team": "T06V8J4SU", "title": "" }, "real_name": "Dummy User", "team_id": "T06V8J4SU", "tz": "America/New_York", "tz_label": "Eastern Daylight Time", "tz_offset": -14400, "updated": 1607355338 }
]
