[
  {
    "client_msg_id": "4113a696-fecb-48fb-b35d-6eb95d09d80c",
    "type": "message",
    "text": "You could quickly add a `setlocal define=` to get better `gd` support. (Untested, but something like `(define` might work as-is)",
    "user": "U01GH44F3GC",
    "ts": "1618593053.005100",
    "team": "T06V8J4SU",
    "user_team": "T06V8J4SU",
    "source_team": "T06V8J4SU",
    "user_profile": {
      "avatar_hash": "fa06fa2baaf2",
      "image_72": "https:////avatars.slack-edge.com//2020-12-07//1540536372007_fa06fa2baaf25c93bf33_72.jpg",
      "first_name": "D.",
      "real_name": "D. Ben Knoble",
      "display_name": "benknoble",
      "team": "T06V8J4SU",
      "name": "ben.knoble",
      "is_restricted": false,
      "is_ultra_restricted": false
    },
    "blocks": [
      {
        "type": "rich_text",
        "block_id": "FYjn",
        "elements": [
          {
            "type": "rich_text_section",
            "elements": [
              {
                "type": "text",
                "text": "You could quickly add a "
              },
              {
                "type": "text",
                "text": "setlocal define=",
                "style": {
                  "code": true
                }
              },
              {
                "type": "text",
                "text": " to get better "
              },
              {
                "type": "text",
                "text": "gd",
                "style": {
                  "code": true
                }
              },
              {
                "type": "text",
                "text": " support. (Untested, but something like "
              },
              {
                "type": "text",
                "text": "(define",
                "style": {
                  "code": true
                }
              },
              {
                "type": "text",
                "text": " might work as-is)"
              }
            ]
          }
        ]
      }
    ]
  },
  {
    "client_msg_id": "f457f51b-359a-42a4-b1f4-c85d21bf5716",
    "type": "message",
    "text": "But that won’t handle `let` forms",
    "user": "U01GH44F3GC",
    "ts": "1618593083.005900",
    "team": "T06V8J4SU",
    "user_team": "T06V8J4SU",
    "source_team": "T06V8J4SU",
    "user_profile": {
      "avatar_hash": "fa06fa2baaf2",
      "image_72": "https:////avatars.slack-edge.com//2020-12-07//1540536372007_fa06fa2baaf25c93bf33_72.jpg",
      "first_name": "D.",
      "real_name": "D. Ben Knoble",
      "display_name": "benknoble",
      "team": "T06V8J4SU",
      "name": "ben.knoble",
      "is_restricted": false,
      "is_ultra_restricted": false
    },
    "blocks": [
      {
        "type": "rich_text",
        "block_id": "GJkCG",
        "elements": [
          {
            "type": "rich_text_section",
            "elements": [
              {
                "type": "text",
                "text": "But that won’t handle "
              },
              {
                "type": "text",
                "text": "let",
                "style": {
                  "code": true
                }
              },
              {
                "type": "text",
                "text": " forms"
              }
            ]
          }
        ]
      }
    ]
  },
  {
    "client_msg_id": "FDBC0239-AA60-4365-830A-18ABDD5F765C",
    "type": "message",
    "text": "Probably correct: for include searches, you’d need to work out setting the options path, include, and includeexpr. You can also use `*` and `#` for searching in the buffer for the word under the cursor",
    "user": "U01GH44F3GC",
    "ts": "1618593336.008600",
    "team": "T06V8J4SU",
    "user_team": "T06V8J4SU",
    "source_team": "T06V8J4SU",
    "user_profile": {
      "avatar_hash": "fa06fa2baaf2",
      "image_72": "https:////avatars.slack-edge.com//2020-12-07//1540536372007_fa06fa2baaf25c93bf33_72.jpg",
      "first_name": "D.",
      "real_name": "D. Ben Knoble",
      "display_name": "benknoble",
      "team": "T06V8J4SU",
      "name": "ben.knoble",
      "is_restricted": false,
      "is_ultra_restricted": false
    },
    "edited": {
      "user": "U01GH44F3GC",
      "ts": "1618593377.000000"
    },
    "blocks": [
      {
        "type": "rich_text",
        "block_id": "a1NO",
        "elements": [
          {
            "type": "rich_text_section",
            "elements": [
              {
                "type": "text",
                "text": "Probably correct: for include searches, you’d need to work out setting the options path, include, and includeexpr. You can also use "
              },
              {
                "type": "text",
                "text": "* ",
                "style": {
                  "code": true
                }
              },
              {
                "type": "text",
                "text": "and "
              },
              {
                "type": "text",
                "text": "#",
                "style": {
                  "code": true
                }
              },
              {
                "type": "text",
                "text": " for searching in the buffer for the word under the cursor"
              }
            ]
          }
        ]
      }
    ]
  },
  {
    "client_msg_id": "16E6DC67-F524-4E4E-8CE8-292C0FA93EF5",
    "type": "message",
    "text": "Path might be doable by querying racket about where all the code is; include//includeexpr is a little harder, and you would probably have to use racket in a non-trivial way. \n\nI wonder if <@UDUMMY>’s work on databases and such could be made non-emacs specific to support this?\n\nYeah, tags are great, but it’s so difficult to keep up with all the ways to define things. ",
    "user": "U01GH44F3GC",
    "ts": "1618593453.012400",
    "team": "T06V8J4SU",
    "user_team": "T06V8J4SU",
    "source_team": "T06V8J4SU",
    "user_profile": {
      "avatar_hash": "fa06fa2baaf2",
      "image_72": "https:////avatars.slack-edge.com//2020-12-07//1540536372007_fa06fa2baaf25c93bf33_72.jpg",
      "first_name": "D.",
      "real_name": "D. Ben Knoble",
      "display_name": "benknoble",
      "team": "T06V8J4SU",
      "name": "ben.knoble",
      "is_restricted": false,
      "is_ultra_restricted": false
    },
    "edited": {
      "user": "U01GH44F3GC",
      "ts": "1618593504.000000"
    },
    "blocks": [
      {
        "type": "rich_text",
        "block_id": "r+z2C",
        "elements": [
          {
            "type": "rich_text_section",
            "elements": [
              {
                "type": "text",
                "text": "Path might be doable by querying racket about where all the code is; include//includeexpr is a little harder, and you would probably have to use racket in a non-trivial way. \n\nI wonder if "
              },
              {
                "type": "user",
                "user_id": "UDUMMY"
              },
              {
                "type": "text",
                "text": "’s work on databases and such could be made non-emacs specific to support this?\n\nYeah, tags are great, but it’s so difficult to keep up with all the ways to define things. "
              }
            ]
          }
        ]
      }
    ]
  },
  {
    "client_msg_id": "02689790-913d-4409-bbc0-9ebb5240902e",
    "type": "message",
    "text": "Just a bunch of observed comments: <https:////racket.slack.com//archives//C06V96CKX//p1617284670145500?thread_ts=1617283736.138600&amp;cid=C06V96CKX>\n<https:////racket.slack.com//archives//C06V96CKX//p1612897531081800?thread_ts=1612896680.078200&amp;cid=C06V96CKX>\n<https:////racket.slack.com//archives//C06V96CKX//p1615828288265100?thread_ts=1615828172.264800&amp;cid=C06V96CKX>\n<https:////racket.slack.com//archives//C06V96CKX//p1615473077056200>\n<https:////racket.slack.com//archives//C06V96CKX//p1590542042489900>",
    "user": "U01GH44F3GC",
    "ts": "1618594125.013300",
    "team": "T06V8J4SU",
    "user_team": "T06V8J4SU",
    "source_team": "T06V8J4SU",
    "user_profile": {
      "avatar_hash": "fa06fa2baaf2",
      "image_72": "https:////avatars.slack-edge.com//2020-12-07//1540536372007_fa06fa2baaf25c93bf33_72.jpg",
      "first_name": "D.",
      "real_name": "D. Ben Knoble",
      "display_name": "benknoble",
      "team": "T06V8J4SU",
      "name": "ben.knoble",
      "is_restricted": false,
      "is_ultra_restricted": false
    },
    "attachments": [
      {
        "from_url": "https:////racket.slack.com//archives//C06V96CKX//p1617284670145500?thread_ts=1617283736.138600&amp;cid=C06V96CKX",
        "fallback": "[April 1st, 2021 6:44 AM] greg: In terms of the tooling, and say a database that captures some of this information, I think it's fine to err on the side of \"more granular\". Whether to jump incrementally or transitively can be more of a user-level configuration, probably.",
        "ts": "1617284670.145500",
        "author_id": "UDUMMY",
        "author_subname": "Greg Hendershott",
        "channel_id": "C06V96CKX",
        "channel_name": "general",
        "is_msg_unfurl": true,
        "is_reply_unfurl": true,
        "text": "In terms of the tooling, and say a database that captures some of this information, I think it's fine to err on the side of \"more granular\". Whether to jump incrementally or transitively can be more of a user-level configuration, probably.",
        "author_name": "Greg Hendershott",
        "author_link": "https:////racket.slack.com//team//UDUMMY",
        "author_icon": "https:////avatars.slack-edge.com//2020-02-25//969396841989_d9afab98f005df300551_48.png",
        "mrkdwn_in": [
          "text"
        ],
        "id": 1,
        "original_url": "https:////racket.slack.com//archives//C06V96CKX//p1617284670145500?thread_ts=1617283736.138600&amp;cid=C06V96CKX",
        "footer": "From a thread in #general"
      },
      {
        "from_url": "https:////racket.slack.com//archives//C06V96CKX//p1612897531081800?thread_ts=1612896680.078200&amp;cid=C06V96CKX",
        "fallback": "[February 9th, 2021 11:05 AM] greg: Anyway someday the \"ideal\" way would be for macros to tell tools about their indent. It might entail needing some kind of external database, akin to what scribble needs. And used for other purposes, too, such as finding external references to definitions, etc.",
        "ts": "1612897531.081800",
        "author_id": "UDUMMY",
        "author_subname": "Greg Hendershott",
        "channel_id": "C06V96CKX",
        "channel_name": "general",
        "is_msg_unfurl": true,
        "is_reply_unfurl": true,
        "text": "Anyway someday the \"ideal\" way would be for macros to tell tools about their indent. It might entail needing some kind of external database, akin to what scribble needs. And used for other purposes, too, such as finding external references to definitions, etc.",
        "author_name": "Greg Hendershott",
        "author_link": "https:////racket.slack.com//team//UDUMMY",
        "author_icon": "https:////avatars.slack-edge.com//2020-02-25//969396841989_d9afab98f005df300551_48.png",
        "mrkdwn_in": [
          "text"
        ],
        "id": 2,
        "original_url": "https:////racket.slack.com//archives//C06V96CKX//p1612897531081800?thread_ts=1612896680.078200&amp;cid=C06V96CKX",
        "footer": "From a thread in #general"
      },
      {
        "from_url": "https:////racket.slack.com//archives//C06V96CKX//p1615828288265100?thread_ts=1615828172.264800&amp;cid=C06V96CKX",
        "fallback": "[March 15th, 2021 10:11 AM] greg: (To-date, Racket Mode has tried to be clever about jumping directly to `foo`, transitively, \"through\" the contract wrapper. But I've been working on similar for a \"database\" representation, and I'm realizing it's better to be \"honest\" about the reality that there are two separate definitions, and store them as such. Any transitive jumping should be a higher-level thing if desired.)",
        "ts": "1615828288.265100",
        "author_id": "UDUMMY",
        "author_subname": "Greg Hendershott",
        "channel_id": "C06V96CKX",
        "channel_name": "general",
        "is_msg_unfurl": true,
        "is_reply_unfurl": true,
        "text": "(To-date, Racket Mode has tried to be clever about jumping directly to `foo`, transitively, \"through\" the contract wrapper. But I've been working on similar for a \"database\" representation, and I'm realizing it's better to be \"honest\" about the reality that there are two separate definitions, and store them as such. Any transitive jumping should be a higher-level thing if desired.)",
        "author_name": "Greg Hendershott",
        "author_link": "https:////racket.slack.com//team//UDUMMY",
        "author_icon": "https:////avatars.slack-edge.com//2020-02-25//969396841989_d9afab98f005df300551_48.png",
        "mrkdwn_in": [
          "text"
        ],
        "id": 3,
        "original_url": "https:////racket.slack.com//archives//C06V96CKX//p1615828288265100?thread_ts=1615828172.264800&amp;cid=C06V96CKX",
        "footer": "From a thread in #general"
      },
      {
        "from_url": "https:////racket.slack.com//archives//C06V96CKX//p1615473077056200",
        "fallback": "[March 11th, 2021 6:31 AM] greg: (Weird timing, I've been experimenting with making such a database. But that's WIP.)",
        "ts": "1615473077.056200",
        "author_id": "UDUMMY",
        "author_subname": "Greg Hendershott",
        "channel_id": "C06V96CKX",
        "channel_name": "general",
        "is_msg_unfurl": true,
        "text": "(Weird timing, I've been experimenting with making such a database. But that's WIP.)",
        "author_name": "Greg Hendershott",
        "author_link": "https:////racket.slack.com//team//UDUMMY",
        "author_icon": "https:////avatars.slack-edge.com//2020-02-25//969396841989_d9afab98f005df300551_48.png",
        "mrkdwn_in": [
          "text"
        ],
        "id": 4,
        "original_url": "https:////racket.slack.com//archives//C06V96CKX//p1615473077056200",
        "footer": "Posted in #general"
      },
      {
        "from_url": "https:////racket.slack.com//archives//C06V96CKX//p1590542042489900",
        "fallback": "[May 26th, 2020 6:14 PM] greg: <@UDUMMY> Regardless of how it is expressed in syntax and handled in expansion, it might be worth having a discussion about what the result is, where it is stored, and how it is accessed by tools?\nFor example that Clojure macro indent spec thing is defined by CIDER mode for Emacs, not by Clojure.\nAlso their indent info cannot be accessed unless you have a live REPL namespace in which the macro is defined.\nIs that desirable, for us? I'm not sure.\nAs a possible alternative, what if indentation information were handled more like documentation -- i.e. extracted as part of building, and stored in a \"database\"?\nSo that tools and editors could access it without needing to instantiate, or even fully-expand, a module that defines it?",
        "ts": "1590542042.489900",
        "author_id": "UDUMMY",
        "author_subname": "Greg Hendershott",
        "channel_id": "C06V96CKX",
        "channel_name": "general",
        "is_msg_unfurl": true,
        "is_thread_root_unfurl": true,
        "text": "<@UDUMMY> Regardless of how it is expressed in syntax and handled in expansion, it might be worth having a discussion about what the result is, where it is stored, and how it is accessed by tools?\nFor example that Clojure macro indent spec thing is defined by CIDER mode for Emacs, not by Clojure.\nAlso their indent info cannot be accessed unless you have a live REPL namespace in which the macro is defined.\nIs that desirable, for us? I'm not sure.\nAs a possible alternative, what if indentation information were handled more like documentation -- i.e. extracted as part of building, and stored in a \"database\"?\nSo that tools and editors could access it without needing to instantiate, or even fully-expand, a module that defines it?",
        "author_name": "Greg Hendershott",
        "author_link": "https:////racket.slack.com//team//UDUMMY",
        "author_icon": "https:////avatars.slack-edge.com//2020-02-25//969396841989_d9afab98f005df300551_48.png",
        "mrkdwn_in": [
          "text"
        ],
        "id": 5,
        "original_url": "https:////racket.slack.com//archives//C06V96CKX//p1590542042489900",
        "footer": "Thread in #general"
      }
    ],
    "blocks": [
      {
        "type": "rich_text",
        "block_id": "7Kx",
        "elements": [
          {
            "type": "rich_text_section",
            "elements": [
              {
                "type": "text",
                "text": "Just a bunch of observed comments: "
              },
              {
                "type": "link",
                "url": "https:////racket.slack.com//archives//C06V96CKX//p1617284670145500?thread_ts=1617283736.138600&cid=C06V96CKX"
              },
              {
                "type": "text",
                "text": "\n"
              },
              {
                "type": "link",
                "url": "https:////racket.slack.com//archives//C06V96CKX//p1612897531081800?thread_ts=1612896680.078200&cid=C06V96CKX"
              },
              {
                "type": "text",
                "text": "\n"
              },
              {
                "type": "link",
                "url": "https:////racket.slack.com//archives//C06V96CKX//p1615828288265100?thread_ts=1615828172.264800&cid=C06V96CKX"
              },
              {
                "type": "text",
                "text": "\n"
              },
              {
                "type": "link",
                "url": "https:////racket.slack.com//archives//C06V96CKX//p1615473077056200"
              },
              {
                "type": "text",
                "text": "\n"
              },
              {
                "type": "link",
                "url": "https:////racket.slack.com//archives//C06V96CKX//p1590542042489900"
              }
            ]
          }
        ]
      }
    ]
  }
]
