[
  {
    "client_msg_id": "cdf5351d-32f2-44de-b374-a355cb7c5ba6",
    "type": "message",
    "text": "Question: are any of these (automatically or easy to make) parallel? For something boolean satisfiability, that might be something to consider (rather than just “try all combinations one at a time”)",
    "user": "U01GH44F3GC",
    "ts": "1616695205.240500",
    "team": "T06V8J4SU",
    "user_team": "T06V8J4SU",
    "source_team": "T06V8J4SU",
    "user_profile": {
      "avatar_hash": "fa06fa2baaf2",
      "image_72": "https://avatars.slack-edge.com/2020-12-07/1540536372007_fa06fa2baaf25c93bf33_72.jpg",
      "first_name": "D.",
      "real_name": "D. Ben Knoble",
      "display_name": "benknoble",
      "team": "T06V8J4SU",
      "name": "ben.knoble",
      "is_restricted": false,
      "is_ultra_restricted": false
    },
    "blocks": [
      {
        "type": "rich_text",
        "block_id": "N7JX",
        "elements": [
          {
            "type": "rich_text_section",
            "elements": [
              {
                "type": "text",
                "text": "Question: are any of these (automatically or easy to make) parallel? For something boolean satisfiability, that might be something to consider (rather than just “try all combinations one at a time”)"
              }
            ]
          }
        ]
      }
    ]
  },
  {
    "client_msg_id": "5686ee1f-cf65-48a1-82d4-e03978f37990",
    "type": "message",
    "text": "interesting, thanks, didn’t know that. Should’ve figured you would know; I’m citing your Rosette-related paper in a report for my MS :slightly_smiling_face:",
    "user": "U01GH44F3GC",
    "ts": "1616696443.242700",
    "team": "T06V8J4SU",
    "user_team": "T06V8J4SU",
    "source_team": "T06V8J4SU",
    "user_profile": {
      "avatar_hash": "fa06fa2baaf2",
      "image_72": "https://avatars.slack-edge.com/2020-12-07/1540536372007_fa06fa2baaf25c93bf33_72.jpg",
      "first_name": "D.",
      "real_name": "D. Ben Knoble",
      "display_name": "benknoble",
      "team": "T06V8J4SU",
      "name": "ben.knoble",
      "is_restricted": false,
      "is_ultra_restricted": false
    },
    "blocks": [
      {
        "type": "rich_text",
        "block_id": "cFBHi",
        "elements": [
          {
            "type": "rich_text_section",
            "elements": [
              {
                "type": "text",
                "text": "interesting, thanks, didn’t know that. Should’ve figured you would know; I’m citing your Rosette-related paper in a report for my MS "
              },
              {
                "type": "emoji",
                "name": "slightly_smiling_face"
              }
            ]
          }
        ]
      }
    ],
    "thread_ts": "1616695355.242200",
    "parent_user_id": "UDUMMY"
  }
]
