[
  {
    "client_msg_id": "20ab7fa2-3fb1-4d39-aada-b630e6df74b0",
    "type": "message",
    "text": "Possibly `(map (compose values-&gt;list your-function) …)`?",
    "user": "U01GH44F3GC",
    "ts": "1622851951.039300",
    "team": "T06V8J4SU",
    "user_team": "T06V8J4SU",
    "source_team": "T06V8J4SU",
    "user_profile": {
      "avatar_hash": "fa06fa2baaf2",
      "image_72": "https:\/\/avatars.slack-edge.com\/2020-12-07\/1540536372007_fa06fa2baaf25c93bf33_72.jpg",
      "first_name": "D.",
      "real_name": "D. Ben Knoble",
      "display_name": "benknoble",
      "team": "T06V8J4SU",
      "name": "ben.knoble",
      "is_restricted": false,
      "is_ultra_restricted": false
    },
    "blocks": [
      {
        "type": "rich_text",
        "block_id": "ihUCD",
        "elements": [
          {
            "type": "rich_text_section",
            "elements": [
              {
                "type": "text",
                "text": "Possibly "
              },
              {
                "type": "text",
                "text": "(map (compose values->list your-function) …)",
                "style": {
                  "code": true
                }
              },
              {
                "type": "text",
                "text": "?"
              }
            ]
          }
        ]
      }
    ],
    "thread_ts": "1622851352.039200",
    "parent_user_id": "UDUMMY"
  }
]
