[
  {
    "client_msg_id": "73f6d168-9698-414d-b1b4-2e08b62402ad",
    "type": "message",
    "text": "<@UDUMMY> I meant to ask a similar question, perhaps units are the answer? SML has a module system, and it has parameterized modules (called “functors” in the language)—they receive a module or modules and produce a new module. Does racket have something similar?",
    "user": "U01GH44F3GC",
    "ts": "1615815258.368900",
    "team": "T06V8J4SU",
    "user_team": "T06V8J4SU",
    "source_team": "T06V8J4SU",
    "user_profile": {
      "avatar_hash": "fa06fa2baaf2",
      "image_72": "https://avatars.slack-edge.com/2020-12-07/1540536372007_fa06fa2baaf25c93bf33_72.jpg",
      "first_name": "D.",
      "real_name": "D. Ben Knoble",
      "display_name": "benknoble",
      "team": "T06V8J4SU",
      "name": "ben.knoble",
      "is_restricted": false,
      "is_ultra_restricted": false
    },
    "blocks": [
      {
        "type": "rich_text",
        "block_id": "LDLR",
        "elements": [
          {
            "type": "rich_text_section",
            "elements": [
              {
                "type": "user",
                "user_id": "UDUMMY"
              },
              {
                "type": "text",
                "text": " I meant to ask a similar question, perhaps units are the answer? SML has a module system, and it has parameterized modules (called “functors” in the language)—they receive a module or modules and produce a new module. Does racket have something similar?"
              }
            ]
          }
        ]
      }
    ],
    "thread_ts": "1615761260.361600",
    "parent_user_id": "UDUMMY"
  }
]
