[
  {
    "client_msg_id": "af5c6d4e-6ac4-4b76-9658-4e7682b9115e",
    "type": "message",
    "text": "FWIW, `found-2020` is\n```(define (found-2020 [l : (Listof Integer)]) : (U Integer False)\n  (and (eq? 2020 (apply + l))\n       (apply * l)))```\nThe times reported includes reading the file in both languages, which might be a secondary concern. I would try to time only the relevant bits (python has a `timeit` module, IIRC). I would try to make the programs do _exactly_ the same thing, and (someone correct me if I’m wrong) but maybe compiling the racket example ahead-of-time would make a difference?",
    "user": "U01GH44F3GC",
    "ts": "1617028266.269800",
    "team": "T06V8J4SU",
    "user_team": "T06V8J4SU",
    "source_team": "T06V8J4SU",
    "user_profile": {
      "avatar_hash": "fa06fa2baaf2",
      "image_72": "https://avatars.slack-edge.com/2020-12-07/1540536372007_fa06fa2baaf25c93bf33_72.jpg",
      "first_name": "D.",
      "real_name": "D. Ben Knoble",
      "display_name": "benknoble",
      "team": "T06V8J4SU",
      "name": "ben.knoble",
      "is_restricted": false,
      "is_ultra_restricted": false
    },
    "blocks": [
      {
        "type": "rich_text",
        "block_id": "STmfd",
        "elements": [
          {
            "type": "rich_text_section",
            "elements": [
              {
                "type": "text",
                "text": "FWIW, "
              },
              {
                "type": "text",
                "text": "found-2020",
                "style": {
                  "code": true
                }
              },
              {
                "type": "text",
                "text": " is\n"
              }
            ]
          },
          {
            "type": "rich_text_preformatted",
            "elements": [
              {
                "type": "text",
                "text": "(define (found-2020 [l : (Listof Integer)]) : (U Integer False)\n  (and (eq? 2020 (apply + l))\n       (apply * l)))"
              }
            ]
          },
          {
            "type": "rich_text_section",
            "elements": [
              {
                "type": "text",
                "text": "The times reported includes reading the file in both languages, which might be a secondary concern. I would try to time only the relevant bits (python has a "
              },
              {
                "type": "text",
                "text": "timeit",
                "style": {
                  "code": true
                }
              },
              {
                "type": "text",
                "text": " module, IIRC). I would try to make the programs do "
              },
              {
                "type": "text",
                "text": "exactly",
                "style": {
                  "italic": true
                }
              },
              {
                "type": "text",
                "text": " the same thing, and (someone correct me if I’m wrong) but maybe compiling the racket example ahead-of-time would make a difference?"
              }
            ]
          }
        ]
      }
    ]
  },
  {
    "client_msg_id": "646d0f5d-6c79-4d98-9f8e-7db0204ce571",
    "type": "message",
    "text": "IOW comparing times is *hard*",
    "user": "U01GH44F3GC",
    "ts": "1617028277.270100",
    "team": "T06V8J4SU",
    "user_team": "T06V8J4SU",
    "source_team": "T06V8J4SU",
    "user_profile": {
      "avatar_hash": "fa06fa2baaf2",
      "image_72": "https://avatars.slack-edge.com/2020-12-07/1540536372007_fa06fa2baaf25c93bf33_72.jpg",
      "first_name": "D.",
      "real_name": "D. Ben Knoble",
      "display_name": "benknoble",
      "team": "T06V8J4SU",
      "name": "ben.knoble",
      "is_restricted": false,
      "is_ultra_restricted": false
    },
    "blocks": [
      {
        "type": "rich_text",
        "block_id": "4Kr",
        "elements": [
          {
            "type": "rich_text_section",
            "elements": [
              {
                "type": "text",
                "text": "IOW comparing times is "
              },
              {
                "type": "text",
                "text": "hard",
                "style": {
                  "bold": true
                }
              }
            ]
          }
        ]
      }
    ]
  },
  {
    "client_msg_id": "cf55ddba-2227-4b3e-a615-ba6d48d5ebaa",
    "type": "message",
    "text": "Right; I’m suppose in a convoluted way I’m suggesting part of the difference is Racket’s startup time, which is apples-and-oranges to python, maybe?",
    "user": "U01GH44F3GC",
    "ts": "1617028397.271900",
    "team": "T06V8J4SU",
    "user_team": "T06V8J4SU",
    "source_team": "T06V8J4SU",
    "user_profile": {
      "avatar_hash": "fa06fa2baaf2",
      "image_72": "https://avatars.slack-edge.com/2020-12-07/1540536372007_fa06fa2baaf25c93bf33_72.jpg",
      "first_name": "D.",
      "real_name": "D. Ben Knoble",
      "display_name": "benknoble",
      "team": "T06V8J4SU",
      "name": "ben.knoble",
      "is_restricted": false,
      "is_ultra_restricted": false
    },
    "blocks": [
      {
        "type": "rich_text",
        "block_id": "XkHi",
        "elements": [
          {
            "type": "rich_text_section",
            "elements": [
              {
                "type": "text",
                "text": "Right; I’m suppose in a convoluted way I’m suggesting part of the difference is Racket’s startup time, which is apples-and-oranges to python, maybe?"
              }
            ]
          }
        ]
      }
    ]
  },
  {
    "client_msg_id": "c7058070-376e-4cf8-96f8-2fc827403326",
    "type": "message",
    "text": "Not targeted at you specifically, but a good read: <https://ericlippert.com/2012/12/17/performance-rant/>",
    "user": "U01GH44F3GC",
    "ts": "1617028456.272200",
    "team": "T06V8J4SU",
    "user_team": "T06V8J4SU",
    "source_team": "T06V8J4SU",
    "user_profile": {
      "avatar_hash": "fa06fa2baaf2",
      "image_72": "https://avatars.slack-edge.com/2020-12-07/1540536372007_fa06fa2baaf25c93bf33_72.jpg",
      "first_name": "D.",
      "real_name": "D. Ben Knoble",
      "display_name": "benknoble",
      "team": "T06V8J4SU",
      "name": "ben.knoble",
      "is_restricted": false,
      "is_ultra_restricted": false
    },
    "attachments": [
      {
        "service_name": "Fabulous adventures in coding",
        "service_url": "http://ericlippert.com",
        "title": "Which is faster?",
        "title_link": "https://ericlippert.com/2012/12/17/performance-rant/",
        "author_name": "ericlippert",
        "author_link": "https://ericlippert.com/author/ericlippert/",
        "thumb_url": "http://upload.wikimedia.org/wikipedia/commons/1/1d/Horserace_520133030.jpg",
        "text": "Which is faster, QueryLightBulbFrobStatusEx() or __WGetBulbFrobberState2()?\nHold it right there, buddy.&nbsp;Before answering that question I must give you my standard six-part rant about why I probably cannot sensibly answer questions that begin &ldquo;which is faster&ldquo;.\nPart the first: Why are you even asking me? \nIf you have two horses and you want to know which of the two is the faster then race&nbsp;your&nbsp;horses. Don&rsquo;t write short descriptions of the horses, post them on the Internet, and ask random strangers to guess which is faster! Even if by sheer chance you got an accurate answer, how would you have any confidence in its accuracy? You can easily and accurately discover which of two programs is faster by running both yourself and measuring them with a stopwatch.\n(Caveat: writing performance benchmarks that provide high-quality, meaningful results can be somewhat tricky in a garbage-collected, JIT-compiled runtime. I see this done wrong a lot. I will return to this topic in a future blog post.)\nMoreover: performance is highly sensitive to things like what hardware you are using, what software you have installed, what other processes are doing, and a host of other factors. You&rsquo;re the only person who knows what environment the code is going to be run in, so you&rsquo;re the only person who can do realistic performance testing in that environment.\nPart the second: Do you really need to answer that question?\nThe question presupposes that there actually is a performance problem to be solved. If the code as it stands &mdash; the working, debugged, tested code &mdash; is already fast enough for your customer&nbsp;then knowing which of two ways to write the code is the faster is just trivia.&nbsp;Spend your valuable time worrying&nbsp;about something else, like testing, robustness, security, and so on. Unnecessary code changes are expensive and dangerous; don&rsquo;t&nbsp;make performance-based changes&nbsp;unless you&rsquo;ve identified a performance problem.\nPart the third:&nbsp;Is that really the bottleneck?\nSuppose that you really do have an identified&nbsp;performance problem: asking which of two things is faster is premature if neither thing is the cause of the problem! The most important thing that I&rsquo;ve learned about performance analysis is that my highly educated and experienced guess about the root cause of a performance problem is dead wrong probably more than a third of the time. Use a profiler or other analysis tool to determine empirically where the bottleneck is before you start investigating alternatives.\nPart the fourth: Is the difference relevant?\nSuppose that you have actually identified a bottleneck: now the relevant question is not actually &ldquo;which horse is faster?&rdquo; Rather, the relevant question is actually &ldquo;are either of these horses fast enough to meet my customer&rsquo;s needs?&rdquo; If neither horse is fast enough for your purposes then knowing which is faster is irrelevant. And if both are fast enough then you can base your decision on important factors other than performance, as discussed in part the second.\n(The question also presupposes that the two alternatives proposed are semantic equivalents. If one of those is a horse and the other is a refrigerator, asking which one runs faster is maybe a non-starter.)\nPart the fifth: What is this &ldquo;faster&rdquo; you speak of?\nThere are lots of kinds of speed, and optimizing for one&nbsp;kind can deoptimize for another.&nbsp;I&rsquo;m sure you&rsquo;ve all encountered situations where&nbsp;normal-case-scenario performance is acceptable but worst-case-scenario performance is&nbsp;terrible. Anyone who has been unable to&nbsp;get&nbsp;a long-distance phone call placed on Mother&rsquo;s Day knows what I&rsquo;m talking about; the telephone network was designed to handle slightly-higher-than-average load, not highest-likely load. Unfortunately, implementing code that ensures an upper bound on your worst-possible-scenario behaviour often ends up making the&nbsp;typical-case-scenario unacceptably slower, and vice versa.\nLeaving the difference between best, worst and typical aside, there are all kinds of speed metrics. When I was working on Visual Studio Tools For Office we did comparatively little making the customization framework code run faster because our tests showed that&nbsp;it typically ran fast enough to satisfy customers. But we did an enormous amount of work making the framework code load faster, because our research showed that Office power users were highly irritated by noticable-by-humans delays when loading customized documents for the first time. Similarly, in the web services realm there is a big difference between optimizing for time-to-first-byte, time-to-last-byte and throughput. You have to know what kind of speed is really important to the customer.\nPart the sixth: Are you looking at the big picture?\nAlmost all performance analysis questions I see are solely about improving speed. There are lots of non-speed metrics like memory usage, disk usage, network usage,&nbsp;processor usage, and so on, that might be more relevant than raw speed to your customer. Making code faster often involves trading less time for more memory, which might be a bad trade. Don&rsquo;t over-focus on speed metrics; look at the big picture.\nWell, that rant used up this whole episode. Next time on FAIC: Which is faster, Nullable.Value or Nullable.GetValueOrDefault()?\nThe photo credits are on Wikimedia Commons.",
        "fallback": "Fabulous adventures in coding Link: Which is faster?",
        "from_url": "https://ericlippert.com/2012/12/17/performance-rant/",
        "thumb_width": 726,
        "thumb_height": 505,
        "service_icon": "https://s2.wp.com/i/webclip.png",
        "id": 1,
        "original_url": "https://ericlippert.com/2012/12/17/performance-rant/"
      }
    ],
    "blocks": [
      {
        "type": "rich_text",
        "block_id": "LOG",
        "elements": [
          {
            "type": "rich_text_section",
            "elements": [
              {
                "type": "text",
                "text": "Not targeted at you specifically, but a good read: "
              },
              {
                "type": "link",
                "url": "https://ericlippert.com/2012/12/17/performance-rant/"
              }
            ]
          }
        ]
      }
    ]
  }
]
