[
  {
    "type": "message",
    "subtype": "thread_broadcast",
    "text": "But remember when working with a language, you don’t get input evaluated (i.e., `(jsonic-sexp (// 3 5.0))` at the REPL is not what your language gets—the REPL evaluates the argument, which is not what happens when you parse the input and put this in a syntax object). I struggled with stuff like this too; you need to provide bindings for the language; IIRC this needs to happen in the expander, so that when the actual module (something like `#'(#%module-begin (jsonic-program (jsonic-sexp (// 3 5.0)))))`) gets expanded the binding for `//` is available.",
    "user": "U01GH44F3GC",
    "ts": "1617398045.345700",
    "thread_ts": "1617382727.326800",
    "root": {
      "client_msg_id": "3dcd4a33-9582-449e-9540-d6eff1b289af",
      "type": "message",
      "text": "The reason you get an error is because you're passing in a list to jsexpr-&gt;string.  If you remove the quote, Racket computes the division and jsexpr-&gt;string gets just a number, which is what's suppose to happen using the language `jsonic4`.  (But Racket doesn't compute the division saying // is not bound, which actually confirms me what's happening --- I just didn't expect // not to be available.)",
      "user": "UDUMMY",
      "ts": "1617382727.326800",
      "team": "T06V8J4SU",
      "edited": {
        "user": "UDUMMY",
        "ts": "1617382778.000000"
      },
      "blocks": [
        {
          "type": "rich_text",
          "block_id": "g3Mg",
          "elements": [
            {
              "type": "rich_text_section",
              "elements": [
                {
                  "type": "text",
                  "text": "The reason you get an error is because you're passing in a list to jsexpr->string.  If you remove the quote, Racket computes the division and jsexpr->string gets just a number, which is what's suppose to happen using the language "
                },
                {
                  "type": "text",
                  "text": "jsonic4",
                  "style": {
                    "code": true
                  }
                },
                {
                  "type": "text",
                  "text": ".  (But Racket doesn't compute the division saying // is not bound, which actually confirms me what's happening --- I just didn't expect // not to be available.)"
                }
              ]
            }
          ]
        }
      ],
      "thread_ts": "1617382727.326800",
      "reply_count": 3,
      "reply_users_count": 2,
      "latest_reply": "1617409518.348200",
      "reply_users": [
        "U01GH44F3GC",
        "UDUMMY"
      ],
      "is_locked": false,
      "subscribed": false
    },
    "blocks": [
      {
        "type": "rich_text",
        "block_id": "L2JjB",
        "elements": [
          {
            "type": "rich_text_section",
            "elements": [
              {
                "type": "text",
                "text": "But remember when working with a language, you don’t get input evaluated (i.e., "
              },
              {
                "type": "text",
                "text": "(jsonic-sexp (// 3 5.0))",
                "style": {
                  "code": true
                }
              },
              {
                "type": "text",
                "text": " at the REPL is not what your language gets—the REPL evaluates the argument, which is not what happens when you parse the input and put this in a syntax object). I struggled with stuff like this too; you need to provide bindings for the language; IIRC this needs to happen in the expander, so that when the actual module (something like "
              },
              {
                "type": "text",
                "text": "#'(#%module-begin (jsonic-program (jsonic-sexp (// 3 5.0)))))",
                "style": {
                  "code": true
                }
              },
              {
                "type": "text",
                "text": ") gets expanded the binding for "
              },
              {
                "type": "text",
                "text": "//",
                "style": {
                  "code": true
                }
              },
              {
                "type": "text",
                "text": " is available."
              }
            ]
          }
        ]
      }
    ],
    "client_msg_id": "e6cb04f8-b424-4cb6-a88a-dfa0e69b6f87",
    "reactions": [
      {
        "name": "plusone",
        "users": [
          "UDUMMY"
        ],
        "count": 1
      }
    ]
  },
  {
    "client_msg_id": "F7CC5E75-E96F-4264-A22F-AD72883A1AFA",
    "type": "message",
    "text": "Preaching to the choir there! I’m still a racket beginner, i just remember the bindings stuff tripping me up. Otoh i was sure this was a source of confusion (what gets evaluated when), so wanted to chime in on that",
    "user": "U01GH44F3GC",
    "ts": "1617409518.348200",
    "team": "T06V8J4SU",
    "user_team": "T06V8J4SU",
    "source_team": "T06V8J4SU",
    "user_profile": {
      "avatar_hash": "fa06fa2baaf2",
      "image_72": "https:////avatars.slack-edge.com//2020-12-07//1540536372007_fa06fa2baaf25c93bf33_72.jpg",
      "first_name": "D.",
      "real_name": "D. Ben Knoble",
      "display_name": "benknoble",
      "team": "T06V8J4SU",
      "name": "ben.knoble",
      "is_restricted": false,
      "is_ultra_restricted": false
    },
    "blocks": [
      {
        "type": "rich_text",
        "block_id": "SZs",
        "elements": [
          {
            "type": "rich_text_section",
            "elements": [
              {
                "type": "text",
                "text": "Preaching to the choir there! I’m still a racket beginner, i just remember the bindings stuff tripping me up. Otoh i was sure this was a source of confusion (what gets evaluated when), so wanted to chime in on that"
              }
            ]
          }
        ]
      }
    ],
    "thread_ts": "1617382727.326800",
    "parent_user_id": "UDUMMY",
    "reactions": [
      {
        "name": "heavy_check_mark",
        "users": [
          "UDUMMY"
        ],
        "count": 1
      }
    ]
  }
]
