[
  {
    "client_msg_id": "741de9a3-657b-4ca6-95cd-f98a9f61e6e2",
    "type": "message",
    "text": "And\/or anchor the regex on the line: `(regexp-match #rx\"^(a|b)*$\" \"c\")` is `#false`.",
    "user": "U01GH44F3GC",
    "ts": "1618967256.430800",
    "team": "T06V8J4SU",
    "user_team": "T06V8J4SU",
    "source_team": "T06V8J4SU",
    "user_profile": {
      "avatar_hash": "fa06fa2baaf2",
      "image_72": "https:\/\/avatars.slack-edge.com\/2020-12-07\/1540536372007_fa06fa2baaf25c93bf33_72.jpg",
      "first_name": "D.",
      "real_name": "D. Ben Knoble",
      "display_name": "benknoble",
      "team": "T06V8J4SU",
      "name": "ben.knoble",
      "is_restricted": false,
      "is_ultra_restricted": false
    },
    "blocks": [
      {
        "type": "rich_text",
        "block_id": "sXWKB",
        "elements": [
          {
            "type": "rich_text_section",
            "elements": [
              {
                "type": "text",
                "text": "And\/or anchor the regex on the line: "
              },
              {
                "type": "text",
                "text": "(regexp-match #rx\"^(a|b)*$\" \"c\")",
                "style": {
                  "code": true
                }
              },
              {
                "type": "text",
                "text": " is "
              },
              {
                "type": "text",
                "text": "#false",
                "style": {
                  "code": true
                }
              },
              {
                "type": "text",
                "text": "."
              }
            ]
          }
        ]
      }
    ],
    "reactions": [
      {
        "name": "+1",
        "users": [
          "UDUMMY"
        ],
        "count": 1
      }
    ]
  }
]
