[
  {
    "client_msg_id": "84511345-5426-44fc-b573-0cab8af830ce",
    "type": "message",
    "text": "At least in my area, that would be very frowned upon if not downright cheating. Course policies generally ban online resources, with the exceptions of those listed (e.g., racket docs is probably ok, but SO &amp; co. is usually not).\nre: plagiarism, I wonder if perhaps they meant the later transpose? Of course, the _exact_ simple transpose may be an issue, too, for some professors",
    "user": "U01GH44F3GC",
    "ts": "1610743206.016600",
    "team": "T06V8J4SU",
    "user_team": "T06V8J4SU",
    "source_team": "T06V8J4SU",
    "user_profile": {
      "avatar_hash": "fa06fa2baaf2",
      "image_72": "https:////avatars.slack-edge.com//2020-12-07//1540536372007_fa06fa2baaf25c93bf33_72.jpg",
      "first_name": "D.",
      "real_name": "D. Ben Knoble",
      "display_name": "benknoble",
      "team": "T06V8J4SU",
      "name": "ben.knoble",
      "is_restricted": false,
      "is_ultra_restricted": false
    },
    "blocks": [
      {
        "type": "rich_text",
        "block_id": "zQE",
        "elements": [
          {
            "type": "rich_text_section",
            "elements": [
              {
                "type": "text",
                "text": "At least in my area, that would be very frowned upon if not downright cheating. Course policies generally ban online resources, with the exceptions of those listed (e.g., racket docs is probably ok, but SO & co. is usually not).\nre: plagiarism, I wonder if perhaps they meant the later transpose? Of course, the "
              },
              {
                "type": "text",
                "text": "exact",
                "style": {
                  "italic": true
                }
              },
              {
                "type": "text",
                "text": " simple transpose may be an issue, too, for some professors"
              }
            ]
          }
        ]
      }
    ],
    "reactions": [
      {
        "name": "+1",
        "users": [
          "UDUMMY",
          "UDUMMY"
        ],
        "count": 2
      }
    ]
  },
  {
    "client_msg_id": "13bf5984-32e9-43e4-88d9-7b13a49cd4a1",
    "type": "message",
    "text": "I likely wouldn’t bother about it unless it were one instance of a widespread issue with that student",
    "user": "U01GH44F3GC",
    "ts": "1610743229.017400",
    "team": "T06V8J4SU",
    "user_team": "T06V8J4SU",
    "source_team": "T06V8J4SU",
    "user_profile": {
      "avatar_hash": "fa06fa2baaf2",
      "image_72": "https:////avatars.slack-edge.com//2020-12-07//1540536372007_fa06fa2baaf25c93bf33_72.jpg",
      "first_name": "D.",
      "real_name": "D. Ben Knoble",
      "display_name": "benknoble",
      "team": "T06V8J4SU",
      "name": "ben.knoble",
      "is_restricted": false,
      "is_ultra_restricted": false
    },
    "blocks": [
      {
        "type": "rich_text",
        "block_id": "2W5c2",
        "elements": [
          {
            "type": "rich_text_section",
            "elements": [
              {
                "type": "text",
                "text": "I likely wouldn’t bother about it unless it were one instance of a widespread issue with that student"
              }
            ]
          }
        ]
      }
    ]
  }
]
