[
  {
    "client_msg_id": "44ECD3A4-E24C-48C5-AE4B-D6F38FE2D4CE",
    "type": "message",
    "text": "When macro expansion goes awry: <https:////stackoverflow.com//q//66593868//4400820|https:////stackoverflow.com//q//66593868//4400820>",
    "user": "U01GH44F3GC",
    "ts": "1615556756.006500",
    "team": "T06V8J4SU",
    "user_team": "T06V8J4SU",
    "source_team": "T06V8J4SU",
    "user_profile": {
      "avatar_hash": "fa06fa2baaf2",
      "image_72": "https:////avatars.slack-edge.com//2020-12-07//1540536372007_fa06fa2baaf25c93bf33_72.jpg",
      "first_name": "D.",
      "real_name": "D. Ben Knoble",
      "display_name": "benknoble",
      "team": "T06V8J4SU",
      "name": "ben.knoble",
      "is_restricted": false,
      "is_ultra_restricted": false
    },
    "attachments": [
      {
        "service_name": "Stack Overflow",
        "title": "Understanding the behavior of C's preprocessor when a macro indirectly expands itself",
        "title_link": "https:////stackoverflow.com//q//66593868//4400820",
        "text": "While I was working on a big project full of macro tricks and wizardry, I stumbled upon a bug in which a macro was not expanding properly. The resulting output was &amp;quot;EXPAND(0)&amp;quot;, but EXPAND...",
        "fallback": "Stack Overflow: Understanding the behavior of C's preprocessor when a macro indirectly expands itself",
        "thumb_url": "https:////cdn.sstatic.net//Sites//stackoverflow//Img//apple-touch-icon@2.png?v=73d79a89bded",
        "from_url": "https:////stackoverflow.com//q//66593868//4400820",
        "thumb_width": 316,
        "thumb_height": 316,
        "service_icon": "https:////cdn.sstatic.net//Sites//stackoverflow//Img//apple-touch-icon.png?v=c78bd457575a",
        "id": 1,
        "original_url": "https:////stackoverflow.com//q//66593868//4400820"
      }
    ],
    "blocks": [
      {
        "type": "rich_text",
        "block_id": "+AAZO",
        "elements": [
          {
            "type": "rich_text_section",
            "elements": [
              {
                "type": "text",
                "text": "When macro expansion goes awry: "
              },
              {
                "type": "link",
                "url": "https:////stackoverflow.com//q//66593868//4400820",
                "text": "https:////stackoverflow.com//q//66593868//4400820"
              }
            ]
          }
        ]
      }
    ],
    "reactions": [
      {
        "name": "tada",
        "users": [
          "UDUMMY"
        ],
        "count": 1
      }
    ]
  }
]
