[
  {
    "client_msg_id": "b75bfd91-1b5e-4eed-8d55-623c8341a2aa",
    "type": "message",
    "text": "Yeah, the rename happened (IIUC) b/c Perl 6 had sort of deviated from Perl enough that they wanted a new name to not confuse people? Smth like that",
    "user": "U01GH44F3GC",
    "ts": "1610642398.002400",
    "team": "T06V8J4SU",
    "user_team": "T06V8J4SU",
    "source_team": "T06V8J4SU",
    "user_profile": {
      "avatar_hash": "fa06fa2baaf2",
      "image_72": "https://avatars.slack-edge.com/2020-12-07/1540536372007_fa06fa2baaf25c93bf33_72.jpg",
      "first_name": "D.",
      "real_name": "D. Ben Knoble",
      "display_name": "benknoble",
      "team": "T06V8J4SU",
      "name": "ben.knoble",
      "is_restricted": false,
      "is_ultra_restricted": false
    },
    "blocks": [
      {
        "type": "rich_text",
        "block_id": "SWs",
        "elements": [
          {
            "type": "rich_text_section",
            "elements": [
              {
                "type": "text",
                "text": "Yeah, the rename happened (IIUC) b/c Perl 6 had sort of deviated from Perl enough that they wanted a new name to not confuse people? Smth like that"
              }
            ]
          }
        ]
      }
    ],
    "thread_ts": "1610636304.001900",
    "parent_user_id": "UDUMMY"
  },
  {
    "client_msg_id": "a4589dd3-7287-4bb7-9133-159ce60d7afe",
    "type": "message",
    "text": "<@UDUMMY> thanks for that lovely diversion",
    "user": "U01GH44F3GC",
    "ts": "1610651999.002900",
    "team": "T06V8J4SU",
    "user_team": "T06V8J4SU",
    "source_team": "T06V8J4SU",
    "user_profile": {
      "avatar_hash": "fa06fa2baaf2",
      "image_72": "https://avatars.slack-edge.com/2020-12-07/1540536372007_fa06fa2baaf25c93bf33_72.jpg",
      "first_name": "D.",
      "real_name": "D. Ben Knoble",
      "display_name": "benknoble",
      "team": "T06V8J4SU",
      "name": "ben.knoble",
      "is_restricted": false,
      "is_ultra_restricted": false
    },
    "blocks": [
      {
        "type": "rich_text",
        "block_id": "6gTG",
        "elements": [
          {
            "type": "rich_text_section",
            "elements": [
              {
                "type": "user",
                "user_id": "UDUMMY"
              },
              {
                "type": "text",
                "text": " thanks for that lovely diversion"
              }
            ]
          }
        ]
      }
    ],
    "thread_ts": "1610636304.001900",
    "parent_user_id": "UDUMMY"
  }
]
