[
  {
    "client_msg_id": "bf6bca91-6680-425b-9c2e-96d2f4cd0dfd",
    "type": "message",
    "text": "I’ve written a hefty amount of SML, and even in that you occasionally *need* type annotations to compile. I’ve never taught it, but I tend to code\/experiment as “leave off the types” and then make a pass later when things are more set to add annotations back.",
    "user": "U01GH44F3GC",
    "ts": "1615301537.003700",
    "team": "T06V8J4SU",
    "user_team": "T06V8J4SU",
    "source_team": "T06V8J4SU",
    "user_profile": {
      "avatar_hash": "fa06fa2baaf2",
      "image_72": "https:\/\/avatars.slack-edge.com\/2020-12-07\/1540536372007_fa06fa2baaf25c93bf33_72.jpg",
      "first_name": "D.",
      "real_name": "D. Ben Knoble",
      "display_name": "benknoble",
      "team": "T06V8J4SU",
      "name": "ben.knoble",
      "is_restricted": false,
      "is_ultra_restricted": false
    },
    "blocks": [
      {
        "type": "rich_text",
        "block_id": "44miD",
        "elements": [
          {
            "type": "rich_text_section",
            "elements": [
              {
                "type": "text",
                "text": "I’ve written a hefty amount of SML, and even in that you occasionally "
              },
              {
                "type": "text",
                "text": "need",
                "style": {
                  "bold": true
                }
              },
              {
                "type": "text",
                "text": " type annotations to compile. I’ve never taught it, but I tend to code\/experiment as “leave off the types” and then make a pass later when things are more set to add annotations back."
              }
            ]
          }
        ]
      }
    ],
    "thread_ts": "1615297174.002100",
    "parent_user_id": "UDUMMY",
    "reactions": [
      {
        "name": "100",
        "users": [
          "UDUMMY"
        ],
        "count": 1
      }
    ]
  }
]
