[
  {
    "client_msg_id": "3E56B48D-FF64-40DA-A58B-8269E10D360F",
    "type": "message",
    "text": "&gt; Many programmers still use Chez Scheme with emacs, and true power users like me use it with vi, but many others use SWL as their interface to Chez Scheme or Petite Chez Scheme, especially under Windows and the Mac.\n&gt; \nthis from the creator of chez scheme; I and #vim feel somewhat vindicated :)",
    "user": "U01GH44F3GC",
    "ts": "1610222481.006200",
    "team": "T06V8J4SU",
    "user_team": "T06V8J4SU",
    "source_team": "T06V8J4SU",
    "user_profile": {
      "avatar_hash": "fa06fa2baaf2",
      "image_72": "https:////avatars.slack-edge.com//2020-12-07//1540536372007_fa06fa2baaf25c93bf33_72.jpg",
      "first_name": "D.",
      "real_name": "D. Ben Knoble",
      "display_name": "benknoble",
      "team": "T06V8J4SU",
      "name": "ben.knoble",
      "is_restricted": false,
      "is_ultra_restricted": false
    },
    "blocks": [
      {
        "type": "rich_text",
        "block_id": "Hgg4",
        "elements": [
          {
            "type": "rich_text_quote",
            "elements": [
              {
                "type": "text",
                "text": "Many programmers still use Chez Scheme with emacs, and true power users like me use it with vi, but many others use SWL as their interface to Chez Scheme or Petite Chez Scheme, especially under Windows and the Mac."
              },
              {
                "type": "text",
                "text": "\n"
              }
            ]
          },
          {
            "type": "rich_text_section",
            "elements": [
              {
                "type": "text",
                "text": "this from the creator of chez scheme; I and #vim feel somewhat vindicated :)"
              }
            ]
          }
        ]
      }
    ],
    "thread_ts": "1610222481.006200",
    "reply_count": 4,
    "reply_users_count": 2,
    "latest_reply": "1610243605.008100",
    "reply_users": [
      "UDUMMY",
      "U01GH44F3GC"
    ],
    "replies": [
      {
        "user": "UDUMMY",
        "ts": "1610229812.006300"
      },
      {
        "user": "U01GH44F3GC",
        "ts": "1610230184.006700"
      },
      {
        "user": "UDUMMY",
        "ts": "1610242767.006900"
      },
      {
        "user": "U01GH44F3GC",
        "ts": "1610243605.008100"
      }
    ],
    "subscribed": false
  },
  {
    "client_msg_id": "C775F544-A9C7-40C5-873B-B0CA6D82143D",
    "type": "message",
    "text": "<https:////www.scheme.com//swl.html|https:////www.scheme.com//swl.html>",
    "user": "U01GH44F3GC",
    "ts": "1610230184.006700",
    "team": "T06V8J4SU",
    "user_team": "T06V8J4SU",
    "source_team": "T06V8J4SU",
    "user_profile": {
      "avatar_hash": "fa06fa2baaf2",
      "image_72": "https:////avatars.slack-edge.com//2020-12-07//1540536372007_fa06fa2baaf25c93bf33_72.jpg",
      "first_name": "D.",
      "real_name": "D. Ben Knoble",
      "display_name": "benknoble",
      "team": "T06V8J4SU",
      "name": "ben.knoble",
      "is_restricted": false,
      "is_ultra_restricted": false
    },
    "blocks": [
      {
        "type": "rich_text",
        "block_id": "Nr=R",
        "elements": [
          {
            "type": "rich_text_section",
            "elements": [
              {
                "type": "link",
                "url": "https:////www.scheme.com//swl.html",
                "text": "https:////www.scheme.com//swl.html"
              }
            ]
          }
        ]
      }
    ],
    "thread_ts": "1610222481.006200",
    "parent_user_id": "U01GH44F3GC"
  },
  {
    "client_msg_id": "48FFC0B7-220B-48C9-A667-A85294BA1504",
    "type": "message",
    "text": "It is; there was a scheme programming environment built as part of its original release.",
    "user": "U01GH44F3GC",
    "ts": "1610243605.008100",
    "team": "T06V8J4SU",
    "user_team": "T06V8J4SU",
    "source_team": "T06V8J4SU",
    "user_profile": {
      "avatar_hash": "fa06fa2baaf2",
      "image_72": "https:////avatars.slack-edge.com//2020-12-07//1540536372007_fa06fa2baaf25c93bf33_72.jpg",
      "first_name": "D.",
      "real_name": "D. Ben Knoble",
      "display_name": "benknoble",
      "team": "T06V8J4SU",
      "name": "ben.knoble",
      "is_restricted": false,
      "is_ultra_restricted": false
    },
    "blocks": [
      {
        "type": "rich_text",
        "block_id": "mtV",
        "elements": [
          {
            "type": "rich_text_section",
            "elements": [
              {
                "type": "text",
                "text": "It is; there was a scheme programming environment built as part of its original release."
              }
            ]
          }
        ]
      }
    ],
    "thread_ts": "1610222481.006200",
    "parent_user_id": "U01GH44F3GC",
    "reactions": [
      {
        "name": "face_with_monocle",
        "users": [
          "UDUMMY"
        ],
        "count": 1
      }
    ]
  }
]
