[
  {
    "client_msg_id": "3EADF6B5-3B0F-48E6-B44D-84740D1CE415",
    "type": "message",
    "text": "I think I saw that paper—very intriguing. The idea was to eliminate contract checks when they were proven not to fail (basically not across type boundaries), right?",
    "user": "U01GH44F3GC",
    "ts": "1610815914.028500",
    "team": "T06V8J4SU",
    "user_team": "T06V8J4SU",
    "source_team": "T06V8J4SU",
    "user_profile": {
      "avatar_hash": "fa06fa2baaf2",
      "image_72": "https:\/\/avatars.slack-edge.com\/2020-12-07\/1540536372007_fa06fa2baaf25c93bf33_72.jpg",
      "first_name": "D.",
      "real_name": "D. Ben Knoble",
      "display_name": "benknoble",
      "team": "T06V8J4SU",
      "name": "ben.knoble",
      "is_restricted": false,
      "is_ultra_restricted": false
    },
    "blocks": [
      {
        "type": "rich_text",
        "block_id": "OiN27",
        "elements": [
          {
            "type": "rich_text_section",
            "elements": [
              {
                "type": "text",
                "text": "I think I saw that paper—very intriguing. The idea was to eliminate contract checks when they were proven not to fail (basically not across type boundaries), right?"
              }
            ]
          }
        ]
      }
    ],
    "thread_ts": "1610812731.023100",
    "parent_user_id": "UDUMMY"
  },
  {
    "client_msg_id": "5FE21907-C9A6-4E77-8E0D-E243CDCA76B0",
    "type": "message",
    "text": "Seconding^ it was a good idea and well-presented. ",
    "user": "U01GH44F3GC",
    "ts": "1610815960.029300",
    "team": "T06V8J4SU",
    "user_team": "T06V8J4SU",
    "source_team": "T06V8J4SU",
    "user_profile": {
      "avatar_hash": "fa06fa2baaf2",
      "image_72": "https:\/\/avatars.slack-edge.com\/2020-12-07\/1540536372007_fa06fa2baaf25c93bf33_72.jpg",
      "first_name": "D.",
      "real_name": "D. Ben Knoble",
      "display_name": "benknoble",
      "team": "T06V8J4SU",
      "name": "ben.knoble",
      "is_restricted": false,
      "is_ultra_restricted": false
    },
    "blocks": [
      {
        "type": "rich_text",
        "block_id": "bq7X",
        "elements": [
          {
            "type": "rich_text_section",
            "elements": [
              {
                "type": "text",
                "text": "Seconding^ it was a good idea and well-presented. "
              }
            ]
          }
        ]
      }
    ],
    "reactions": [
      {
        "name": "smile",
        "users": [
          "UDUMMY"
        ],
        "count": 1
      }
    ]
  }
]
