[
  {
    "type": "message",
    "subtype": "channel_join",
    "ts": "1607349783.359300",
    "user": "U01GH44F3GC",
    "text": "<@U01GH44F3GC> has joined the channel"
  },
  {
    "client_msg_id": "62020FFB-68E4-4133-AE34-227AAE8B5E0D",
    "type": "message",
    "text": "Anyone know a decent scribble syntax plugin for vim ? The Vimscripts one linked from the racket/vim page is not working as well as I would like. ",
    "user": "U01GH44F3GC",
    "ts": "1607351552.360200",
    "team": "T06V8J4SU",
    "user_team": "T06V8J4SU",
    "source_team": "T06V8J4SU",
    "user_profile": {
      "avatar_hash": "fa06fa2baaf2",
      "image_72": "https://avatars.slack-edge.com/2020-12-07/1540536372007_fa06fa2baaf25c93bf33_72.jpg",
      "first_name": "D.",
      "real_name": "D. Ben Knoble",
      "display_name": "benknoble",
      "team": "T06V8J4SU",
      "name": "ben.knoble",
      "is_restricted": false,
      "is_ultra_restricted": false
    },
    "blocks": [
      {
        "type": "rich_text",
        "block_id": "m9bQ",
        "elements": [
          {
            "type": "rich_text_section",
            "elements": [
              {
                "type": "text",
                "text": "Anyone know a decent scribble syntax plugin for vim ? The Vimscripts one linked from the racket/vim page is not working as well as I would like. "
              }
            ]
          }
        ]
      }
    ],
    "thread_ts": "1607351552.360200",
    "reply_count": 3,
    "reply_users_count": 3,
    "latest_reply": "1607361056.361400",
    "reply_users": [
      "UDUMMY",
      "UDUMMY",
      "U01GH44F3GC"
    ],
    "replies": [
      {
        "user": "UDUMMY",
        "ts": "1607351785.360300"
      },
      {
        "user": "UDUMMY",
        "ts": "1607360995.361200"
      },
      {
        "user": "U01GH44F3GC",
        "ts": "1607361056.361400"
      }
    ],
    "subscribed": false
  },
  {
    "client_msg_id": "360f8eb9-3004-4831-95aa-20fd4c469c78",
    "type": "message",
    "text": "Oh trust me <@UDUMMY> I’m aware; syntax is just one of the harder parts of vim customization (and not something I’ve dived deeply into). It probably will come down to doing so, though. When it happens, I’ll release it and let people know.",
    "user": "U01GH44F3GC",
    "ts": "1607361056.361400",
    "team": "T06V8J4SU",
    "user_team": "T06V8J4SU",
    "source_team": "T06V8J4SU",
    "user_profile": {
      "avatar_hash": "fa06fa2baaf2",
      "image_72": "https://avatars.slack-edge.com/2020-12-07/1540536372007_fa06fa2baaf25c93bf33_72.jpg",
      "first_name": "D.",
      "real_name": "D. Ben Knoble",
      "display_name": "benknoble",
      "team": "T06V8J4SU",
      "name": "ben.knoble",
      "is_restricted": false,
      "is_ultra_restricted": false
    },
    "blocks": [
      {
        "type": "rich_text",
        "block_id": "4/x",
        "elements": [
          {
            "type": "rich_text_section",
            "elements": [
              {
                "type": "text",
                "text": "Oh trust me "
              },
              {
                "type": "user",
                "user_id": "UDUMMY"
              },
              {
                "type": "text",
                "text": " I’m aware; syntax is just one of the harder parts of vim customization (and not something I’ve dived deeply into). It probably will come down to doing so, though. When it happens, I’ll release it and let people know."
              }
            ]
          }
        ]
      }
    ],
    "thread_ts": "1607351552.360200",
    "parent_user_id": "U01GH44F3GC",
    "reactions": [
      {
        "name": "raised_hands",
        "users": [
          "UDUMMY"
        ],
        "count": 1
      }
    ]
  }
]
