[
  {
    "client_msg_id": "666ae430-9fdc-4d1a-9d31-ace3f88d8235",
    "type": "message",
    "text": "You’re not talking about Jeff T at a uni in NC, are you?",
    "user": "U01GH44F3GC",
    "ts": "1608316821.157600",
    "team": "T06V8J4SU",
    "user_team": "T06V8J4SU",
    "source_team": "T06V8J4SU",
    "user_profile": {
      "avatar_hash": "fa06fa2baaf2",
      "image_72": "https://avatars.slack-edge.com/2020-12-07/1540536372007_fa06fa2baaf25c93bf33_72.jpg",
      "first_name": "D.",
      "real_name": "D. Ben Knoble",
      "display_name": "benknoble",
      "team": "T06V8J4SU",
      "name": "ben.knoble",
      "is_restricted": false,
      "is_ultra_restricted": false
    },
    "blocks": [
      {
        "type": "rich_text",
        "block_id": "oiDkW",
        "elements": [
          {
            "type": "rich_text_section",
            "elements": [
              {
                "type": "text",
                "text": "You’re not talking about Jeff T at a uni in NC, are you?"
              }
            ]
          }
        ]
      }
    ],
    "thread_ts": "1608310536.152200",
    "parent_user_id": "UDUMMY"
  },
  {
    "client_msg_id": "c316da16-9368-470b-9201-b189f190a5c4",
    "type": "message",
    "text": "I’m TA’ing for that class with him, good to know :slightly_smiling_face:",
    "user": "U01GH44F3GC",
    "ts": "1608321331.158300",
    "team": "T06V8J4SU",
    "user_team": "T06V8J4SU",
    "source_team": "T06V8J4SU",
    "user_profile": {
      "avatar_hash": "fa06fa2baaf2",
      "image_72": "https://avatars.slack-edge.com/2020-12-07/1540536372007_fa06fa2baaf25c93bf33_72.jpg",
      "first_name": "D.",
      "real_name": "D. Ben Knoble",
      "display_name": "benknoble",
      "team": "T06V8J4SU",
      "name": "ben.knoble",
      "is_restricted": false,
      "is_ultra_restricted": false
    },
    "blocks": [
      {
        "type": "rich_text",
        "block_id": "gKJRf",
        "elements": [
          {
            "type": "rich_text_section",
            "elements": [
              {
                "type": "text",
                "text": "I’m TA’ing for that class with him, good to know "
              },
              {
                "type": "emoji",
                "name": "slightly_smiling_face"
              }
            ]
          }
        ]
      }
    ],
    "thread_ts": "1608310536.152200",
    "parent_user_id": "UDUMMY"
  },
  {
    "client_msg_id": "4d5cf589-82b2-4194-bfaf-606b0da13850",
    "type": "message",
    "text": "Small indeed! No, didn’t know that existed.",
    "user": "U01GH44F3GC",
    "ts": "1608321395.158700",
    "team": "T06V8J4SU",
    "user_team": "T06V8J4SU",
    "source_team": "T06V8J4SU",
    "user_profile": {
      "avatar_hash": "fa06fa2baaf2",
      "image_72": "https://avatars.slack-edge.com/2020-12-07/1540536372007_fa06fa2baaf25c93bf33_72.jpg",
      "first_name": "D.",
      "real_name": "D. Ben Knoble",
      "display_name": "benknoble",
      "team": "T06V8J4SU",
      "name": "ben.knoble",
      "is_restricted": false,
      "is_ultra_restricted": false
    },
    "blocks": [
      {
        "type": "rich_text",
        "block_id": "n2g",
        "elements": [
          {
            "type": "rich_text_section",
            "elements": [
              {
                "type": "text",
                "text": "Small indeed! No, didn’t know that existed."
              }
            ]
          }
        ]
      }
    ],
    "thread_ts": "1608310536.152200",
    "parent_user_id": "UDUMMY"
  }
]
