[
  {
    "type": "message",
    "subtype": "thread_broadcast",
    "text": "Two Qs on this video that I would love to know the answers to:\n• Why `#,`  (and the splicing counterpart) in the `#`` templates? Is `,` not enough because of the `#`?\n• Is `(define foo #f)` really the best way to handle `#:literals (foo)` in `syntax-parse`? That seems… odd… at best, to me. An example that shows it is unbound (`(syntax-parse #'(foobar x) #:literals (foobar) [(foobar n:id) 'ok])` ), but then how to properly bind it without either `(define-for-syntax foobar #f)` , which the video doesn’t use, or `(define foobar #f)` which seems to pollute the module name-space?",
    "user": "U01GH44F3GC",
    "ts": "1609267214.468800",
    "thread_ts": "1609238635.457800",
    "root": {
      "client_msg_id": "b4fad6e3-ecd8-41f3-a93c-3762cfe50afe",
      "type": "message",
      "text": "<https://media.ccc.de/v/rc3-257534-all_programming_language_suck_just_build_your_own_language_oriented_programming_with_racket>",
      "user": "UDUMMY",
      "ts": "1609238635.457800",
      "team": "T06V8J4SU",
      "attachments": [
        {
          "title": "All Programming Language Suck?  Just Build Your Own! – Language-Oriented Programming with Racket",
          "title_link": "https://media.ccc.de/v/rc3-257534-all_programming_language_suck_just_build_your_own_language_oriented_programming_with_racket",
          "fallback": "All Programming Language Suck?  Just Build Your Own! – Language-Oriented Programming with Racket",
          "image_url": "https://static.media.ccc.de/media/events/rc3/83-257afa53-d41f-5e28-9fb6-d2e91d0d80b2_preview.jpg",
          "from_url": "https://media.ccc.de/v/rc3-257534-all_programming_language_suck_just_build_your_own_language_oriented_programming_with_racket",
          "image_width": 444,
          "image_height": 250,
          "image_bytes": 133586,
          "service_icon": "https://media.ccc.de/favicon.ico",
          "service_name": "media.ccc.de",
          "id": 1,
          "original_url": "https://media.ccc.de/v/rc3-257534-all_programming_language_suck_just_build_your_own_language_oriented_programming_with_racket"
        }
      ],
      "blocks": [
        {
          "type": "rich_text",
          "block_id": "BJ8",
          "elements": [
            {
              "type": "rich_text_section",
              "elements": [
                {
                  "type": "link",
                  "url": "https://media.ccc.de/v/rc3-257534-all_programming_language_suck_just_build_your_own_language_oriented_programming_with_racket"
                }
              ]
            }
          ]
        }
      ],
      "thread_ts": "1609238635.457800",
      "reply_count": 16,
      "reply_users_count": 5,
      "latest_reply": "1609285365.483200",
      "reply_users": [
        "U01GH44F3GC",
        "UDUMMY",
        "UDUMMY",
        "UDUMMY",
        "UDUMMY"
      ],
      "subscribed": false
    },
    "blocks": [
      {
        "type": "rich_text",
        "block_id": "Bmf4k",
        "elements": [
          {
            "type": "rich_text_section",
            "elements": [
              {
                "type": "text",
                "text": "Two Qs on this video that I would love to know the answers to:\n"
              }
            ]
          },
          {
            "type": "rich_text_list",
            "elements": [
              {
                "type": "rich_text_section",
                "elements": [
                  {
                    "type": "text",
                    "text": "Why "
                  },
                  {
                    "type": "text",
                    "text": "#,",
                    "style": {
                      "code": true
                    }
                  },
                  {
                    "type": "text",
                    "text": "  (and the splicing counterpart) in the "
                  },
                  {
                    "type": "text",
                    "text": "#`",
                    "style": {
                      "code": true
                    }
                  },
                  {
                    "type": "text",
                    "text": " templates? Is "
                  },
                  {
                    "type": "text",
                    "text": ",",
                    "style": {
                      "code": true
                    }
                  },
                  {
                    "type": "text",
                    "text": " not enough because of the "
                  },
                  {
                    "type": "text",
                    "text": "#",
                    "style": {
                      "code": true
                    }
                  },
                  {
                    "type": "text",
                    "text": "?"
                  }
                ]
              },
              {
                "type": "rich_text_section",
                "elements": [
                  {
                    "type": "text",
                    "text": "Is "
                  },
                  {
                    "type": "text",
                    "text": "(define foo #f)",
                    "style": {
                      "code": true
                    }
                  },
                  {
                    "type": "text",
                    "text": " really the best way to handle "
                  },
                  {
                    "type": "text",
                    "text": "#:literals (foo)",
                    "style": {
                      "code": true
                    }
                  },
                  {
                    "type": "text",
                    "text": " in "
                  },
                  {
                    "type": "text",
                    "text": "syntax-parse",
                    "style": {
                      "code": true
                    }
                  },
                  {
                    "type": "text",
                    "text": "? That seems… odd… at best, to me. An example that shows it is unbound ("
                  },
                  {
                    "type": "text",
                    "text": "(syntax-parse #'(foobar x) #:literals (foobar) [(foobar n:id) 'ok])",
                    "style": {
                      "code": true
                    }
                  },
                  {
                    "type": "text",
                    "text": " ), but then how to properly bind it without either "
                  },
                  {
                    "type": "text",
                    "text": "(define-for-syntax foobar #f)",
                    "style": {
                      "code": true
                    }
                  },
                  {
                    "type": "text",
                    "text": " , which the video doesn’t use, or "
                  },
                  {
                    "type": "text",
                    "text": "(define foobar #f)",
                    "style": {
                      "code": true
                    }
                  },
                  {
                    "type": "text",
                    "text": " which seems to pollute the module name-space?"
                  }
                ]
              }
            ],
            "style": "bullet",
            "indent": 0
          }
        ]
      }
    ],
    "client_msg_id": "87d48607-6b0f-4dbf-807a-f84728a73587"
  },
  {
    "client_msg_id": "54d92c58-1eeb-4fbb-865c-1b17bef3c0d3",
    "type": "message",
    "text": "Hm. I like `(define-syntax foo #f)` slightly better? But it still seems wrong to me. The point of `#:literals` seemed to be to treat things, well, literally. Not by looking them up in an environment of bindings",
    "user": "U01GH44F3GC",
    "ts": "1609267732.472300",
    "team": "T06V8J4SU",
    "user_team": "T06V8J4SU",
    "source_team": "T06V8J4SU",
    "user_profile": {
      "avatar_hash": "fa06fa2baaf2",
      "image_72": "https://avatars.slack-edge.com/2020-12-07/1540536372007_fa06fa2baaf25c93bf33_72.jpg",
      "first_name": "D.",
      "real_name": "D. Ben Knoble",
      "display_name": "benknoble",
      "team": "T06V8J4SU",
      "name": "ben.knoble",
      "is_restricted": false,
      "is_ultra_restricted": false
    },
    "blocks": [
      {
        "type": "rich_text",
        "block_id": "kvv",
        "elements": [
          {
            "type": "rich_text_section",
            "elements": [
              {
                "type": "text",
                "text": "Hm. I like "
              },
              {
                "type": "text",
                "text": "(define-syntax foo #f)",
                "style": {
                  "code": true
                }
              },
              {
                "type": "text",
                "text": " slightly better? But it still seems wrong to me. The point of "
              },
              {
                "type": "text",
                "text": "#:literals",
                "style": {
                  "code": true
                }
              },
              {
                "type": "text",
                "text": " seemed to be to treat things, well, literally. Not by looking them up in an environment of bindings"
              }
            ]
          }
        ]
      }
    ],
    "thread_ts": "1609238635.457800",
    "parent_user_id": "UDUMMY"
  },
  {
    "client_msg_id": "987ccca7-7f5c-4e5d-921b-804b480551e3",
    "type": "message",
    "text": "Re: quotes, I see in my syntax matching (vim) there are unquote forms for both `#,` and `,#`—are they different?",
    "user": "U01GH44F3GC",
    "ts": "1609267775.473700",
    "team": "T06V8J4SU",
    "user_team": "T06V8J4SU",
    "source_team": "T06V8J4SU",
    "user_profile": {
      "avatar_hash": "fa06fa2baaf2",
      "image_72": "https://avatars.slack-edge.com/2020-12-07/1540536372007_fa06fa2baaf25c93bf33_72.jpg",
      "first_name": "D.",
      "real_name": "D. Ben Knoble",
      "display_name": "benknoble",
      "team": "T06V8J4SU",
      "name": "ben.knoble",
      "is_restricted": false,
      "is_ultra_restricted": false
    },
    "blocks": [
      {
        "type": "rich_text",
        "block_id": "70wqv",
        "elements": [
          {
            "type": "rich_text_section",
            "elements": [
              {
                "type": "text",
                "text": "Re: quotes, I see in my syntax matching (vim) there are unquote forms for both "
              },
              {
                "type": "text",
                "text": "#,",
                "style": {
                  "code": true
                }
              },
              {
                "type": "text",
                "text": " and "
              },
              {
                "type": "text",
                "text": ",#",
                "style": {
                  "code": true
                }
              },
              {
                "type": "text",
                "text": "—are they different?"
              }
            ]
          }
        ]
      }
    ],
    "thread_ts": "1609238635.457800",
    "parent_user_id": "UDUMMY"
  },
  {
    "client_msg_id": "ad82b4aa-dbb8-4596-b3af-b42e7fbee8c3",
    "type": "message",
    "text": "_sighs_ I really thought I was getting the hang of it. That does make sense, though.",
    "user": "U01GH44F3GC",
    "ts": "1609267854.475200",
    "team": "T06V8J4SU",
    "user_team": "T06V8J4SU",
    "source_team": "T06V8J4SU",
    "user_profile": {
      "avatar_hash": "fa06fa2baaf2",
      "image_72": "https://avatars.slack-edge.com/2020-12-07/1540536372007_fa06fa2baaf25c93bf33_72.jpg",
      "first_name": "D.",
      "real_name": "D. Ben Knoble",
      "display_name": "benknoble",
      "team": "T06V8J4SU",
      "name": "ben.knoble",
      "is_restricted": false,
      "is_ultra_restricted": false
    },
    "blocks": [
      {
        "type": "rich_text",
        "block_id": "qKzQ",
        "elements": [
          {
            "type": "rich_text_section",
            "elements": [
              {
                "type": "text",
                "text": "sighs",
                "style": {
                  "italic": true
                }
              },
              {
                "type": "text",
                "text": " I really thought I was getting the hang of it. That does make sense, though."
              }
            ]
          }
        ]
      }
    ],
    "thread_ts": "1609238635.457800",
    "parent_user_id": "UDUMMY"
  },
  {
    "client_msg_id": "3cadd116-2f0b-411e-86f8-6ade4c851ee4",
    "type": "message",
    "text": "<@UDUMMY> thanks, `#:datum-literals` worked w/o having a binding in place!",
    "user": "U01GH44F3GC",
    "ts": "1609267884.475700",
    "team": "T06V8J4SU",
    "user_team": "T06V8J4SU",
    "source_team": "T06V8J4SU",
    "user_profile": {
      "avatar_hash": "fa06fa2baaf2",
      "image_72": "https://avatars.slack-edge.com/2020-12-07/1540536372007_fa06fa2baaf25c93bf33_72.jpg",
      "first_name": "D.",
      "real_name": "D. Ben Knoble",
      "display_name": "benknoble",
      "team": "T06V8J4SU",
      "name": "ben.knoble",
      "is_restricted": false,
      "is_ultra_restricted": false
    },
    "blocks": [
      {
        "type": "rich_text",
        "block_id": "yuCv",
        "elements": [
          {
            "type": "rich_text_section",
            "elements": [
              {
                "type": "user",
                "user_id": "UDUMMY"
              },
              {
                "type": "text",
                "text": " thanks, "
              },
              {
                "type": "text",
                "text": "#:datum-literals",
                "style": {
                  "code": true
                }
              },
              {
                "type": "text",
                "text": " worked w/o having a binding in place!"
              }
            ]
          }
        ]
      }
    ],
    "thread_ts": "1609238635.457800",
    "parent_user_id": "UDUMMY"
  }
]
