[
  {
    "client_msg_id": "87f27602-ca50-4878-b251-02ae23e065ee",
    "type": "message",
    "text": "Just about to start the Macros chapter in the Racket Guide. Wrote this after much experimentation and would love some feedback. It provides a `for//enumerate` form that actually emulates any `for` form (including all the `//` variants) except `for*` while providing an anaphoric `i` that tracks the index in the sequence (like Python’s `enumerate`). I don’t know that it serves any practical purpose (one can always add the `[i (in-naturals)]` clauses manually), but it was an interesting experience. I found myself needing to write a “low level” macro to get around hygiene—is that the only way to do anaphoric macros? I’m not even sure if `with-syntax` or similar would work here. Also, `match` with `quasiquote` was harder than I anticipated; needing to `unquote` the underscore was surprising.\n```(require (for-syntax racket//match racket//syntax))\n(define-syntax (for//enumerate stx)\n  (match (syntax-&gt;datum stx)\n    [`(,_ (,clause ...) ,body ..1)\n      (datum-&gt;syntax stx `(for ([i (in-naturals)]\n                                ,@clause)\n                            ,@body))]\n    ; handle fold first because ,for-type matches anything\n    [`(,_ //fold (,acc ..1) (,clause ...) ,body ..1)\n      (datum-&gt;syntax stx `(for//fold (,@acc) ([i (in-naturals)] ,@clause)\n                            ,@body))]\n    [`(,_ ,for-type (,clause ...) ,body ..1)\n      (when (eq? for-type '*)\n        (raise-syntax-error #f \"type cannot be * because of (in-naturals)\"\n                            stx #'*))\n      (let ([for-name (format-id stx \"for~a\" for-type)])\n        (datum-&gt;syntax stx `(,for-name ([i (in-naturals)]\n                                        ,@clause)\n                                       ,@body)))]))```",
    "user": "U01GH44F3GC",
    "ts": "1609175511.432300",
    "team": "T06V8J4SU",
    "user_team": "T06V8J4SU",
    "source_team": "T06V8J4SU",
    "user_profile": {
      "avatar_hash": "fa06fa2baaf2",
      "image_72": "https:////avatars.slack-edge.com//2020-12-07//1540536372007_fa06fa2baaf25c93bf33_72.jpg",
      "first_name": "D.",
      "real_name": "D. Ben Knoble",
      "display_name": "benknoble",
      "team": "T06V8J4SU",
      "name": "ben.knoble",
      "is_restricted": false,
      "is_ultra_restricted": false
    },
    "blocks": [
      {
        "type": "rich_text",
        "block_id": "QDt",
        "elements": [
          {
            "type": "rich_text_section",
            "elements": [
              {
                "type": "text",
                "text": "Just about to start the Macros chapter in the Racket Guide. Wrote this after much experimentation and would love some feedback. It provides a "
              },
              {
                "type": "text",
                "text": "for//enumerate",
                "style": {
                  "code": true
                }
              },
              {
                "type": "text",
                "text": " form that actually emulates any "
              },
              {
                "type": "text",
                "text": "for",
                "style": {
                  "code": true
                }
              },
              {
                "type": "text",
                "text": " form (including all the "
              },
              {
                "type": "text",
                "text": "//",
                "style": {
                  "code": true
                }
              },
              {
                "type": "text",
                "text": " variants) except "
              },
              {
                "type": "text",
                "text": "for*",
                "style": {
                  "code": true
                }
              },
              {
                "type": "text",
                "text": " while providing an anaphoric "
              },
              {
                "type": "text",
                "text": "i",
                "style": {
                  "code": true
                }
              },
              {
                "type": "text",
                "text": " that tracks the index in the sequence (like Python’s "
              },
              {
                "type": "text",
                "text": "enumerate",
                "style": {
                  "code": true
                }
              },
              {
                "type": "text",
                "text": "). I don’t know that it serves any practical purpose (one can always add the "
              },
              {
                "type": "text",
                "text": "[i (in-naturals)]",
                "style": {
                  "code": true
                }
              },
              {
                "type": "text",
                "text": " clauses manually), but it was an interesting experience. I found myself needing to write a “low level” macro to get around hygiene—is that the only way to do anaphoric macros? I’m not even sure if "
              },
              {
                "type": "text",
                "text": "with-syntax",
                "style": {
                  "code": true
                }
              },
              {
                "type": "text",
                "text": " or similar would work here. Also, "
              },
              {
                "type": "text",
                "text": "match",
                "style": {
                  "code": true
                }
              },
              {
                "type": "text",
                "text": " with "
              },
              {
                "type": "text",
                "text": "quasiquote",
                "style": {
                  "code": true
                }
              },
              {
                "type": "text",
                "text": " was harder than I anticipated; needing to "
              },
              {
                "type": "text",
                "text": "unquote",
                "style": {
                  "code": true
                }
              },
              {
                "type": "text",
                "text": " the underscore was surprising.\n"
              }
            ]
          },
          {
            "type": "rich_text_preformatted",
            "elements": [
              {
                "type": "text",
                "text": "(require (for-syntax racket//match racket//syntax))\n(define-syntax (for//enumerate stx)\n  (match (syntax->datum stx)\n    [`(,_ (,clause ...) ,body ..1)\n      (datum->syntax stx `(for ([i (in-naturals)]\n                                ,@clause)\n                            ,@body))]\n    ; handle fold first because ,for-type matches anything\n    [`(,_ //fold (,acc ..1) (,clause ...) ,body ..1)\n      (datum->syntax stx `(for//fold (,@acc) ([i (in-naturals)] ,@clause)\n                            ,@body))]\n    [`(,_ ,for-type (,clause ...) ,body ..1)\n      (when (eq? for-type '*)\n        (raise-syntax-error #f \"type cannot be * because of (in-naturals)\"\n                            stx #'*))\n      (let ([for-name (format-id stx \"for~a\" for-type)])\n        (datum->syntax stx `(,for-name ([i (in-naturals)]\n                                        ,@clause)\n                                       ,@body)))]))"
              }
            ]
          }
        ]
      }
    ],
    "thread_ts": "1609175511.432300",
    "reply_count": 11,
    "reply_users_count": 3,
    "latest_reply": "1609178330.436000",
    "reply_users": [
      "U01GH44F3GC",
      "UDUMMY",
      "UDUMMY"
    ],
    "replies": [
      {
        "user": "U01GH44F3GC",
        "ts": "1609175552.432400"
      },
      {
        "user": "UDUMMY",
        "ts": "1609177831.433800"
      },
      {
        "user": "UDUMMY",
        "ts": "1609177877.434000"
      },
      {
        "user": "U01GH44F3GC",
        "ts": "1609177888.434200"
      },
      {
        "user": "U01GH44F3GC",
        "ts": "1609177987.434400"
      },
      {
        "user": "UDUMMY",
        "ts": "1609178053.434600"
      },
      {
        "user": "UDUMMY",
        "ts": "1609178130.434800"
      },
      {
        "user": "UDUMMY",
        "ts": "1609178172.435000"
      },
      {
        "user": "UDUMMY",
        "ts": "1609178205.435200"
      },
      {
        "user": "U01GH44F3GC",
        "ts": "1609178247.435700"
      },
      {
        "user": "UDUMMY",
        "ts": "1609178330.436000"
      }
    ],
    "subscribed": false
  },
  {
    "client_msg_id": "4d34c0c6-6eb7-484d-875e-fa62786f9862",
    "type": "message",
    "text": "Some samples based on the iterations chapter:\n```(for//enumerate ([book '(\"Guide\" \"Reference\" \"Notes\")]\n                #:when (not (equal? book \"Notes\"))\n                [chapter '(\"Intro\" \"Details\" \"Conclusion\" \"Index\")]\n                #:when (not (equal? chapter \"Index\")))\n  (printf \"~a Chapter ~a. ~a\\n\" book (add1 i) chapter))\n\n(for//enumerate //list ([holiday '(\"Christmas\" \"New Year's Eve\")])\n  (format \"~a. ~a\" (add1 i) holiday))\n\n(for//enumerate //and ([num '(1 2 3)])\n  (= i (sub1 num)))\n\n(for//enumerate //fold ([len 0]) ([chapter '(\"Intro\" \"Conclusion\")])\n  (+ len i (string-length chapter)))```",
    "user": "U01GH44F3GC",
    "ts": "1609175552.432400",
    "team": "T06V8J4SU",
    "user_team": "T06V8J4SU",
    "source_team": "T06V8J4SU",
    "user_profile": {
      "avatar_hash": "fa06fa2baaf2",
      "image_72": "https:////avatars.slack-edge.com//2020-12-07//1540536372007_fa06fa2baaf25c93bf33_72.jpg",
      "first_name": "D.",
      "real_name": "D. Ben Knoble",
      "display_name": "benknoble",
      "team": "T06V8J4SU",
      "name": "ben.knoble",
      "is_restricted": false,
      "is_ultra_restricted": false
    },
    "blocks": [
      {
        "type": "rich_text",
        "block_id": "dNsx",
        "elements": [
          {
            "type": "rich_text_section",
            "elements": [
              {
                "type": "text",
                "text": "Some samples based on the iterations chapter:\n"
              }
            ]
          },
          {
            "type": "rich_text_preformatted",
            "elements": [
              {
                "type": "text",
                "text": "(for//enumerate ([book '(\"Guide\" \"Reference\" \"Notes\")]\n                #:when (not (equal? book \"Notes\"))\n                [chapter '(\"Intro\" \"Details\" \"Conclusion\" \"Index\")]\n                #:when (not (equal? chapter \"Index\")))\n  (printf \"~a Chapter ~a. ~a\\n\" book (add1 i) chapter))\n\n(for//enumerate //list ([holiday '(\"Christmas\" \"New Year's Eve\")])\n  (format \"~a. ~a\" (add1 i) holiday))\n\n(for//enumerate //and ([num '(1 2 3)])\n  (= i (sub1 num)))\n\n(for//enumerate //fold ([len 0]) ([chapter '(\"Intro\" \"Conclusion\")])\n  (+ len i (string-length chapter)))"
              }
            ]
          }
        ]
      }
    ],
    "thread_ts": "1609175511.432300",
    "parent_user_id": "U01GH44F3GC"
  },
  {
    "client_msg_id": "ef993dc6-85c8-42b3-a1c3-bb4d84435366",
    "type": "message",
    "text": "Hmm, that’s nice to see <@UDUMMY>, thanks!",
    "user": "U01GH44F3GC",
    "ts": "1609177888.434200",
    "team": "T06V8J4SU",
    "user_team": "T06V8J4SU",
    "source_team": "T06V8J4SU",
    "user_profile": {
      "avatar_hash": "fa06fa2baaf2",
      "image_72": "https:////avatars.slack-edge.com//2020-12-07//1540536372007_fa06fa2baaf25c93bf33_72.jpg",
      "first_name": "D.",
      "real_name": "D. Ben Knoble",
      "display_name": "benknoble",
      "team": "T06V8J4SU",
      "name": "ben.knoble",
      "is_restricted": false,
      "is_ultra_restricted": false
    },
    "blocks": [
      {
        "type": "rich_text",
        "block_id": "lwu",
        "elements": [
          {
            "type": "rich_text_section",
            "elements": [
              {
                "type": "text",
                "text": "Hmm, that’s nice to see "
              },
              {
                "type": "user",
                "user_id": "UDUMMY"
              },
              {
                "type": "text",
                "text": ", thanks!"
              }
            ]
          }
        ]
      }
    ],
    "thread_ts": "1609175511.432300",
    "parent_user_id": "U01GH44F3GC"
  },
  {
    "client_msg_id": "0d4d1a61-df97-4381-8cad-71b19fbdec59",
    "type": "message",
    "text": "<@UDUMMY> it’s called an “anaphoric” macro—you can actually use anaphoric macros to add OO systems on top of lisps (imagine defining a method on a class and having access to a magic `this` variable—same concept). Point is, the goal was to introduce a magic variable :slightly_smiling_face:",
    "user": "U01GH44F3GC",
    "ts": "1609177987.434400",
    "team": "T06V8J4SU",
    "user_team": "T06V8J4SU",
    "source_team": "T06V8J4SU",
    "user_profile": {
      "avatar_hash": "fa06fa2baaf2",
      "image_72": "https:////avatars.slack-edge.com//2020-12-07//1540536372007_fa06fa2baaf25c93bf33_72.jpg",
      "first_name": "D.",
      "real_name": "D. Ben Knoble",
      "display_name": "benknoble",
      "team": "T06V8J4SU",
      "name": "ben.knoble",
      "is_restricted": false,
      "is_ultra_restricted": false
    },
    "blocks": [
      {
        "type": "rich_text",
        "block_id": "rHRN//",
        "elements": [
          {
            "type": "rich_text_section",
            "elements": [
              {
                "type": "user",
                "user_id": "UDUMMY"
              },
              {
                "type": "text",
                "text": " it’s called an “anaphoric” macro—you can actually use anaphoric macros to add OO systems on top of lisps (imagine defining a method on a class and having access to a magic "
              },
              {
                "type": "text",
                "text": "this",
                "style": {
                  "code": true
                }
              },
              {
                "type": "text",
                "text": " variable—same concept). Point is, the goal was to introduce a magic variable "
              },
              {
                "type": "emoji",
                "name": "slightly_smiling_face"
              }
            ]
          }
        ]
      }
    ],
    "thread_ts": "1609175511.432300",
    "parent_user_id": "U01GH44F3GC"
  },
  {
    "client_msg_id": "c0a459e9-93d0-4c0a-b7c6-07b6c830a93b",
    "type": "message",
    "text": "hmmm. good point. I tried require-ing it at a repl after adding `(provide for//enumerate)` to the module, and at least the `for//enumerate //and` example worked. As for using it in another macro, tbd",
    "user": "U01GH44F3GC",
    "ts": "1609178247.435700",
    "team": "T06V8J4SU",
    "user_team": "T06V8J4SU",
    "source_team": "T06V8J4SU",
    "user_profile": {
      "avatar_hash": "fa06fa2baaf2",
      "image_72": "https:////avatars.slack-edge.com//2020-12-07//1540536372007_fa06fa2baaf25c93bf33_72.jpg",
      "first_name": "D.",
      "real_name": "D. Ben Knoble",
      "display_name": "benknoble",
      "team": "T06V8J4SU",
      "name": "ben.knoble",
      "is_restricted": false,
      "is_ultra_restricted": false
    },
    "blocks": [
      {
        "type": "rich_text",
        "block_id": "b6z",
        "elements": [
          {
            "type": "rich_text_section",
            "elements": [
              {
                "type": "text",
                "text": "hmmm. good point. I tried require-ing it at a repl after adding "
              },
              {
                "type": "text",
                "text": "(provide for//enumerate)",
                "style": {
                  "code": true
                }
              },
              {
                "type": "text",
                "text": " to the module, and at least the "
              },
              {
                "type": "text",
                "text": "for//enumerate //and",
                "style": {
                  "code": true
                }
              },
              {
                "type": "text",
                "text": " example worked. As for using it in another macro, tbd"
              }
            ]
          }
        ]
      }
    ],
    "thread_ts": "1609175511.432300",
    "parent_user_id": "U01GH44F3GC",
    "reactions": [
      {
        "name": "+1",
        "users": [
          "UDUMMY"
        ],
        "count": 1
      }
    ]
  }
]
