[
  {
    "client_msg_id": "19b3c926-7e98-46ab-a5bd-c3982b6ed07f",
    "type": "message",
    "text": "`#lang` question. Let’s say my `#%module-begin` macro expands to something like (with the used `#%module-begin` basically, say, racket’s)\n```#'(#%module-begin\n   (provide run)\n   (define (run) prog)\n   (module+ main (run)))```\nWhere `prog` is (in this case) a single expression, the result of the `read-syntax`. The following work fine:\n• `(require \"my-module.rkt\") (run)`\n• `$ racket my-module.rkt`\nHowever, when I `,enter \"my-module.rkt\"` , which is what I normally do at the REPL, I can’t execute `(run)` !\n```; run: undefined;\n;  cannot reference an identifier before its definition```\nWhat voodoo am I missing, here? I thought I had finally wrapped my head around the reader//expander and provide definitions for runtime thing; in the `,enter` version I _can_ access “runtime functions” provided by my lang",
    "user": "U01GH44F3GC",
    "ts": "1610482388.087100",
    "team": "T06V8J4SU",
    "user_team": "T06V8J4SU",
    "source_team": "T06V8J4SU",
    "user_profile": {
      "avatar_hash": "fa06fa2baaf2",
      "image_72": "https:////avatars.slack-edge.com//2020-12-07//1540536372007_fa06fa2baaf25c93bf33_72.jpg",
      "first_name": "D.",
      "real_name": "D. Ben Knoble",
      "display_name": "benknoble",
      "team": "T06V8J4SU",
      "name": "ben.knoble",
      "is_restricted": false,
      "is_ultra_restricted": false
    },
    "blocks": [
      {
        "type": "rich_text",
        "block_id": "LPy=",
        "elements": [
          {
            "type": "rich_text_section",
            "elements": [
              {
                "type": "text",
                "text": "#lang",
                "style": {
                  "code": true
                }
              },
              {
                "type": "text",
                "text": " question. Let’s say my "
              },
              {
                "type": "text",
                "text": "#%module-begin",
                "style": {
                  "code": true
                }
              },
              {
                "type": "text",
                "text": " macro expands to something like (with the used "
              },
              {
                "type": "text",
                "text": "#%module-begin",
                "style": {
                  "code": true
                }
              },
              {
                "type": "text",
                "text": " basically, say, racket’s)\n"
              }
            ]
          },
          {
            "type": "rich_text_preformatted",
            "elements": [
              {
                "type": "text",
                "text": "#'(#%module-begin\n   (provide run)\n   (define (run) prog)\n   (module+ main (run)))"
              }
            ]
          },
          {
            "type": "rich_text_section",
            "elements": [
              {
                "type": "text",
                "text": "Where "
              },
              {
                "type": "text",
                "text": "prog",
                "style": {
                  "code": true
                }
              },
              {
                "type": "text",
                "text": " is (in this case) a single expression, the result of the "
              },
              {
                "type": "text",
                "text": "read-syntax",
                "style": {
                  "code": true
                }
              },
              {
                "type": "text",
                "text": ". The following work fine:\n"
              }
            ]
          },
          {
            "type": "rich_text_list",
            "elements": [
              {
                "type": "rich_text_section",
                "elements": [
                  {
                    "type": "text",
                    "text": "(require \"my-module.rkt\") (run)",
                    "style": {
                      "code": true
                    }
                  }
                ]
              },
              {
                "type": "rich_text_section",
                "elements": [
                  {
                    "type": "text",
                    "text": "$ racket my-module.rkt",
                    "style": {
                      "code": true
                    }
                  }
                ]
              }
            ],
            "style": "bullet",
            "indent": 0
          },
          {
            "type": "rich_text_section",
            "elements": [
              {
                "type": "text",
                "text": "However, when I "
              },
              {
                "type": "text",
                "text": ",enter \"my-module.rkt\"",
                "style": {
                  "code": true
                }
              },
              {
                "type": "text",
                "text": " , which is what I normally do at the REPL, I can’t execute "
              },
              {
                "type": "text",
                "text": "(run)",
                "style": {
                  "code": true
                }
              },
              {
                "type": "text",
                "text": " !\n"
              }
            ]
          },
          {
            "type": "rich_text_preformatted",
            "elements": [
              {
                "type": "text",
                "text": "; run: undefined;\n;  cannot reference an identifier before its definition"
              }
            ]
          },
          {
            "type": "rich_text_section",
            "elements": [
              {
                "type": "text",
                "text": "What voodoo am I missing, here? I thought I had finally wrapped my head around the reader//expander and provide definitions for runtime thing; in the "
              },
              {
                "type": "text",
                "text": ",enter",
                "style": {
                  "code": true
                }
              },
              {
                "type": "text",
                "text": " version I "
              },
              {
                "type": "text",
                "text": "can",
                "style": {
                  "italic": true
                }
              },
              {
                "type": "text",
                "text": " access “runtime functions” provided by my lang"
              }
            ]
          }
        ]
      }
    ],
    "thread_ts": "1610482388.087100",
    "reply_count": 8,
    "reply_users_count": 2,
    "latest_reply": "1610484240.092200",
    "reply_users": [
      "UDUMMY",
      "U01GH44F3GC"
    ],
    "replies": [
      {
        "user": "UDUMMY",
        "ts": "1610483924.090200"
      },
      {
        "user": "UDUMMY",
        "ts": "1610483984.090900"
      },
      {
        "user": "U01GH44F3GC",
        "ts": "1610484010.091100"
      },
      {
        "user": "UDUMMY",
        "ts": "1610484045.091300"
      },
      {
        "user": "UDUMMY",
        "ts": "1610484050.091500"
      },
      {
        "user": "UDUMMY",
        "ts": "1610484076.091700"
      },
      {
        "user": "U01GH44F3GC",
        "ts": "1610484115.092000"
      },
      {
        "user": "U01GH44F3GC",
        "ts": "1610484240.092200"
      }
    ],
    "subscribed": false
  },
  {
    "client_msg_id": "487d17c1-1927-4917-b2bc-b17458816a11",
    "type": "message",
    "text": "Only slightly related note: let’s say `read-syntax` expands to roughly ``(module m \"lang.rkt\" (lambda (x) ,expr))` where `expr` contains a quoted `x` somewhere (very much side-stepping hygiene, but this is sort of what beautiful racket does in stacker, with some hacks).\n\nNow, I’d like to make this work without re-providing `lambda` in lang.rkt—any thoughts?",
    "user": "U01GH44F3GC",
    "ts": "1610483089.089800",
    "team": "T06V8J4SU",
    "user_team": "T06V8J4SU",
    "source_team": "T06V8J4SU",
    "user_profile": {
      "avatar_hash": "fa06fa2baaf2",
      "image_72": "https:////avatars.slack-edge.com//2020-12-07//1540536372007_fa06fa2baaf25c93bf33_72.jpg",
      "first_name": "D.",
      "real_name": "D. Ben Knoble",
      "display_name": "benknoble",
      "team": "T06V8J4SU",
      "name": "ben.knoble",
      "is_restricted": false,
      "is_ultra_restricted": false
    },
    "blocks": [
      {
        "type": "rich_text",
        "block_id": "W4fc",
        "elements": [
          {
            "type": "rich_text_section",
            "elements": [
              {
                "type": "text",
                "text": "Only slightly related note: let’s say `read-syntax` expands to roughly "
              },
              {
                "type": "text",
                "text": "`(module m \"lang.rkt\" (lambda (x) ,expr))",
                "style": {
                  "code": true
                }
              },
              {
                "type": "text",
                "text": " where "
              },
              {
                "type": "text",
                "text": "expr",
                "style": {
                  "code": true
                }
              },
              {
                "type": "text",
                "text": " contains a quoted "
              },
              {
                "type": "text",
                "text": "x",
                "style": {
                  "code": true
                }
              },
              {
                "type": "text",
                "text": " somewhere (very much side-stepping hygiene, but this is sort of what beautiful racket does in stacker, with some hacks).\n\nNow, I’d like to make this work without re-providing "
              },
              {
                "type": "text",
                "text": "lambda",
                "style": {
                  "code": true
                }
              },
              {
                "type": "text",
                "text": " in lang.rkt—any thoughts?"
              }
            ]
          }
        ]
      }
    ],
    "thread_ts": "1610483089.089800",
    "reply_count": 8,
    "reply_users_count": 2,
    "latest_reply": "1610486358.094000",
    "reply_users": [
      "U01GH44F3GC",
      "UDUMMY"
    ],
    "replies": [
      {
        "user": "U01GH44F3GC",
        "ts": "1610483265.089900"
      },
      {
        "user": "UDUMMY",
        "ts": "1610484941.092600"
      },
      {
        "user": "UDUMMY",
        "ts": "1610484959.092800"
      },
      {
        "user": "UDUMMY",
        "ts": "1610484973.093000"
      },
      {
        "user": "U01GH44F3GC",
        "ts": "1610485068.093300"
      },
      {
        "user": "UDUMMY",
        "ts": "1610485258.093500"
      },
      {
        "user": "U01GH44F3GC",
        "ts": "1610485307.093700"
      },
      {
        "user": "U01GH44F3GC",
        "ts": "1610486358.094000"
      }
    ],
    "subscribed": false
  },
  {
    "client_msg_id": "ae6b6915-b6b7-410a-9a4b-dc8ee6a6d88b",
    "type": "message",
    "text": "I know I can’t move the `lambda` to `%#module-begin` at present because of hygiene; the quoted `x` is nested deeply in `expr` and is not a syntax-object. Moving it to the expander means the lambda formal `x` and the expr `x` aren’t the same.",
    "user": "U01GH44F3GC",
    "ts": "1610483265.089900",
    "team": "T06V8J4SU",
    "user_team": "T06V8J4SU",
    "source_team": "T06V8J4SU",
    "user_profile": {
      "avatar_hash": "fa06fa2baaf2",
      "image_72": "https:////avatars.slack-edge.com//2020-12-07//1540536372007_fa06fa2baaf25c93bf33_72.jpg",
      "first_name": "D.",
      "real_name": "D. Ben Knoble",
      "display_name": "benknoble",
      "team": "T06V8J4SU",
      "name": "ben.knoble",
      "is_restricted": false,
      "is_ultra_restricted": false
    },
    "blocks": [
      {
        "type": "rich_text",
        "block_id": "WrQM",
        "elements": [
          {
            "type": "rich_text_section",
            "elements": [
              {
                "type": "text",
                "text": "I know I can’t move the "
              },
              {
                "type": "text",
                "text": "lambda",
                "style": {
                  "code": true
                }
              },
              {
                "type": "text",
                "text": " to "
              },
              {
                "type": "text",
                "text": "%#module-begin",
                "style": {
                  "code": true
                }
              },
              {
                "type": "text",
                "text": " at present because of hygiene; the quoted "
              },
              {
                "type": "text",
                "text": "x",
                "style": {
                  "code": true
                }
              },
              {
                "type": "text",
                "text": " is nested deeply in "
              },
              {
                "type": "text",
                "text": "expr",
                "style": {
                  "code": true
                }
              },
              {
                "type": "text",
                "text": " and is not a syntax-object. Moving it to the expander means the lambda formal "
              },
              {
                "type": "text",
                "text": "x",
                "style": {
                  "code": true
                }
              },
              {
                "type": "text",
                "text": " and the expr "
              },
              {
                "type": "text",
                "text": "x",
                "style": {
                  "code": true
                }
              },
              {
                "type": "text",
                "text": " aren’t the same."
              }
            ]
          }
        ]
      }
    ],
    "thread_ts": "1610483089.089800",
    "parent_user_id": "U01GH44F3GC"
  },
  {
    "client_msg_id": "1455835d-9d86-480d-9abf-6435453a72d9",
    "type": "message",
    "text": "In `syntax-parse`, is that similar to `(with-syntax ([run #'run]) (#% …))`? I wrote that at one point, and don’t remember if I tried it.",
    "user": "U01GH44F3GC",
    "ts": "1610484010.091100",
    "team": "T06V8J4SU",
    "user_team": "T06V8J4SU",
    "source_team": "T06V8J4SU",
    "user_profile": {
      "avatar_hash": "fa06fa2baaf2",
      "image_72": "https:////avatars.slack-edge.com//2020-12-07//1540536372007_fa06fa2baaf25c93bf33_72.jpg",
      "first_name": "D.",
      "real_name": "D. Ben Knoble",
      "display_name": "benknoble",
      "team": "T06V8J4SU",
      "name": "ben.knoble",
      "is_restricted": false,
      "is_ultra_restricted": false
    },
    "blocks": [
      {
        "type": "rich_text",
        "block_id": "zUU",
        "elements": [
          {
            "type": "rich_text_section",
            "elements": [
              {
                "type": "text",
                "text": "In "
              },
              {
                "type": "text",
                "text": "syntax-parse",
                "style": {
                  "code": true
                }
              },
              {
                "type": "text",
                "text": ", is that similar to "
              },
              {
                "type": "text",
                "text": "(with-syntax ([run #'run]) (#% …))",
                "style": {
                  "code": true
                }
              },
              {
                "type": "text",
                "text": "? I wrote that at one point, and don’t remember if I tried it."
              }
            ]
          }
        ]
      }
    ],
    "thread_ts": "1610482388.087100",
    "parent_user_id": "U01GH44F3GC"
  },
  {
    "client_msg_id": "64340552-982f-4963-adc8-ade4e78a6d9b",
    "type": "message",
    "text": "grrrr… ok, let’s try that",
    "user": "U01GH44F3GC",
    "ts": "1610484115.092000",
    "team": "T06V8J4SU",
    "user_team": "T06V8J4SU",
    "source_team": "T06V8J4SU",
    "user_profile": {
      "avatar_hash": "fa06fa2baaf2",
      "image_72": "https:////avatars.slack-edge.com//2020-12-07//1540536372007_fa06fa2baaf25c93bf33_72.jpg",
      "first_name": "D.",
      "real_name": "D. Ben Knoble",
      "display_name": "benknoble",
      "team": "T06V8J4SU",
      "name": "ben.knoble",
      "is_restricted": false,
      "is_ultra_restricted": false
    },
    "blocks": [
      {
        "type": "rich_text",
        "block_id": "1c97w",
        "elements": [
          {
            "type": "rich_text_section",
            "elements": [
              {
                "type": "text",
                "text": "grrrr… ok, let’s try that"
              }
            ]
          }
        ]
      }
    ],
    "thread_ts": "1610482388.087100",
    "parent_user_id": "U01GH44F3GC"
  },
  {
    "client_msg_id": "8fc20fe8-c915-4093-8272-622fc0d0ae68",
    "type": "message",
    "text": "thank you <@UDUMMY> that made a big difference, at least for `,enter`!",
    "user": "U01GH44F3GC",
    "ts": "1610484240.092200",
    "team": "T06V8J4SU",
    "user_team": "T06V8J4SU",
    "source_team": "T06V8J4SU",
    "user_profile": {
      "avatar_hash": "fa06fa2baaf2",
      "image_72": "https:////avatars.slack-edge.com//2020-12-07//1540536372007_fa06fa2baaf25c93bf33_72.jpg",
      "first_name": "D.",
      "real_name": "D. Ben Knoble",
      "display_name": "benknoble",
      "team": "T06V8J4SU",
      "name": "ben.knoble",
      "is_restricted": false,
      "is_ultra_restricted": false
    },
    "blocks": [
      {
        "type": "rich_text",
        "block_id": "ZlynM",
        "elements": [
          {
            "type": "rich_text_section",
            "elements": [
              {
                "type": "text",
                "text": "thank you "
              },
              {
                "type": "user",
                "user_id": "UDUMMY"
              },
              {
                "type": "text",
                "text": " that made a big difference, at least for "
              },
              {
                "type": "text",
                "text": ",enter",
                "style": {
                  "code": true
                }
              },
              {
                "type": "text",
                "text": "!"
              }
            ]
          }
        ]
      }
    ],
    "thread_ts": "1610482388.087100",
    "parent_user_id": "U01GH44F3GC"
  },
  {
    "client_msg_id": "99295ae3-edbc-45b4-9603-b59d063ff67a",
    "type": "message",
    "text": "But won’t `X` be different than whatever is in `prog` (let’s say `prog` is formed by `'(list x)` by the reader, to be concrete)",
    "user": "U01GH44F3GC",
    "ts": "1610485068.093300",
    "team": "T06V8J4SU",
    "user_team": "T06V8J4SU",
    "source_team": "T06V8J4SU",
    "user_profile": {
      "avatar_hash": "fa06fa2baaf2",
      "image_72": "https:////avatars.slack-edge.com//2020-12-07//1540536372007_fa06fa2baaf25c93bf33_72.jpg",
      "first_name": "D.",
      "real_name": "D. Ben Knoble",
      "display_name": "benknoble",
      "team": "T06V8J4SU",
      "name": "ben.knoble",
      "is_restricted": false,
      "is_ultra_restricted": false
    },
    "blocks": [
      {
        "type": "rich_text",
        "block_id": "mJ4X3",
        "elements": [
          {
            "type": "rich_text_section",
            "elements": [
              {
                "type": "text",
                "text": "But won’t "
              },
              {
                "type": "text",
                "text": "X",
                "style": {
                  "code": true
                }
              },
              {
                "type": "text",
                "text": " be different than whatever is in "
              },
              {
                "type": "text",
                "text": "prog",
                "style": {
                  "code": true
                }
              },
              {
                "type": "text",
                "text": " (let’s say "
              },
              {
                "type": "text",
                "text": "prog",
                "style": {
                  "code": true
                }
              },
              {
                "type": "text",
                "text": " is formed by "
              },
              {
                "type": "text",
                "text": "'(list x)",
                "style": {
                  "code": true
                }
              },
              {
                "type": "text",
                "text": " by the reader, to be concrete)"
              }
            ]
          }
        ]
      }
    ],
    "thread_ts": "1610483089.089800",
    "parent_user_id": "U01GH44F3GC"
  },
  {
    "client_msg_id": "111a26ae-936d-45e4-85ae-24b11a208fb1",
    "type": "message",
    "text": "Hm. I’ll have to try it, as you said, though this is an instance where I really can’t visualize the various interactions",
    "user": "U01GH44F3GC",
    "ts": "1610485307.093700",
    "team": "T06V8J4SU",
    "user_team": "T06V8J4SU",
    "source_team": "T06V8J4SU",
    "user_profile": {
      "avatar_hash": "fa06fa2baaf2",
      "image_72": "https:////avatars.slack-edge.com//2020-12-07//1540536372007_fa06fa2baaf25c93bf33_72.jpg",
      "first_name": "D.",
      "real_name": "D. Ben Knoble",
      "display_name": "benknoble",
      "team": "T06V8J4SU",
      "name": "ben.knoble",
      "is_restricted": false,
      "is_ultra_restricted": false
    },
    "blocks": [
      {
        "type": "rich_text",
        "block_id": "o5jP",
        "elements": [
          {
            "type": "rich_text_section",
            "elements": [
              {
                "type": "text",
                "text": "Hm. I’ll have to try it, as you said, though this is an instance where I really can’t visualize the various interactions"
              }
            ]
          }
        ]
      }
    ],
    "thread_ts": "1610483089.089800",
    "parent_user_id": "U01GH44F3GC"
  },
  {
    "client_msg_id": "42297edd-64fd-43e7-84ad-9153254e0660",
    "type": "message",
    "text": "Well, it worked :slightly_smiling_face: so that’s nice, at least. One thing I keep forgetting about the `,enter` stuff is that I’m in the context of the other lang’s expander, so I can’t do `'(1 2 3)`; I’ve got to `,top` , `(require)` , and re-type. Sigh. Oh well.",
    "user": "U01GH44F3GC",
    "ts": "1610486358.094000",
    "team": "T06V8J4SU",
    "user_team": "T06V8J4SU",
    "source_team": "T06V8J4SU",
    "user_profile": {
      "avatar_hash": "fa06fa2baaf2",
      "image_72": "https:////avatars.slack-edge.com//2020-12-07//1540536372007_fa06fa2baaf25c93bf33_72.jpg",
      "first_name": "D.",
      "real_name": "D. Ben Knoble",
      "display_name": "benknoble",
      "team": "T06V8J4SU",
      "name": "ben.knoble",
      "is_restricted": false,
      "is_ultra_restricted": false
    },
    "blocks": [
      {
        "type": "rich_text",
        "block_id": "anq",
        "elements": [
          {
            "type": "rich_text_section",
            "elements": [
              {
                "type": "text",
                "text": "Well, it worked "
              },
              {
                "type": "emoji",
                "name": "slightly_smiling_face"
              },
              {
                "type": "text",
                "text": " so that’s nice, at least. One thing I keep forgetting about the "
              },
              {
                "type": "text",
                "text": ",enter",
                "style": {
                  "code": true
                }
              },
              {
                "type": "text",
                "text": " stuff is that I’m in the context of the other lang’s expander, so I can’t do "
              },
              {
                "type": "text",
                "text": "'(1 2 3)",
                "style": {
                  "code": true
                }
              },
              {
                "type": "text",
                "text": "; I’ve got to "
              },
              {
                "type": "text",
                "text": ",top",
                "style": {
                  "code": true
                }
              },
              {
                "type": "text",
                "text": " , "
              },
              {
                "type": "text",
                "text": "(require)",
                "style": {
                  "code": true
                }
              },
              {
                "type": "text",
                "text": " , and re-type. Sigh. Oh well."
              }
            ]
          }
        ]
      }
    ],
    "thread_ts": "1610483089.089800",
    "parent_user_id": "U01GH44F3GC"
  }
]
