[
  {
    "client_msg_id": "88284edd-70c9-4b97-8914-f3d544035a4a",
    "type": "message",
    "text": "Odd behavior. Trying to produce (another koan) `(hash #\\a '(1 2 3 4 5) #\\b #(1 4 9 16 25) #\\c \"bdcea\")`; I have a working approach, but I got tired of writing `(list …)` and ``(,… …)` , so I wrote it with `'(…)` and used `(eval …)` in a few places. Suddenly I get this strange error:\n```list: unbound identifier;\n also, no #%top syntax transformer is bound\n  in: list\n  context...:\n   \"//Users//Knoble//code//learn-racket//racket-koans//koans//iterations.rkt\": [running body]```\nHere’s the code that gives the error:\n```(for//hash ([ch \"abc\"]\n             [build '(list vector string)]\n             [xform '(identity (λ (i) (* i i)) integer-&gt;char)]\n             [seq '((range 1 6) (range 1 6) '(98 100 99 101 97))])\n    (values ch\n            (apply (eval build) (map (eval xform) (eval seq)))))```\nAnd here’s a “check” version:\n```(check-equal?\n  (for//hash ([ch \"abc\"]\n             [build '(list vector string)]\n             [xform '(identity (λ (i) (* i i)) integer-&gt;char)]\n             [seq '((range 1 6) (range 1 6) '(98 100 99 101 97))])\n    (values ch\n            (apply (eval build) (map (eval xform) (eval seq)))))\n  (hash\n    #\\a '(1 2 3 4 5)\n    #\\b #(1 4 9 16 25)\n    #\\c \"bdcea\"))```\nProbably a hopeless top-level situation, but this is even more strange:\n```&gt; ,enter koans//iterations.rkt\n'#hash((#\\a . (1 2 3 4 5)) (#\\b . #(1 4 9 16 25)) (#\\c . \"bdcea\"))```",
    "user": "U01GH44F3GC",
    "ts": "1610052440.381200",
    "team": "T06V8J4SU",
    "user_team": "T06V8J4SU",
    "source_team": "T06V8J4SU",
    "user_profile": {
      "avatar_hash": "fa06fa2baaf2",
      "image_72": "https:////avatars.slack-edge.com//2020-12-07//1540536372007_fa06fa2baaf25c93bf33_72.jpg",
      "first_name": "D.",
      "real_name": "D. Ben Knoble",
      "display_name": "benknoble",
      "team": "T06V8J4SU",
      "name": "ben.knoble",
      "is_restricted": false,
      "is_ultra_restricted": false
    },
    "blocks": [
      {
        "type": "rich_text",
        "block_id": "NRDS",
        "elements": [
          {
            "type": "rich_text_section",
            "elements": [
              {
                "type": "text",
                "text": "Odd behavior. Trying to produce (another koan) "
              },
              {
                "type": "text",
                "text": "(hash #\\a '(1 2 3 4 5) #\\b #(1 4 9 16 25) #\\c \"bdcea\")",
                "style": {
                  "code": true
                }
              },
              {
                "type": "text",
                "text": "; I have a working approach, but I got tired of writing "
              },
              {
                "type": "text",
                "text": "(list …)",
                "style": {
                  "code": true
                }
              },
              {
                "type": "text",
                "text": " and "
              },
              {
                "type": "text",
                "text": "`(,… …)",
                "style": {
                  "code": true
                }
              },
              {
                "type": "text",
                "text": " , so I wrote it with "
              },
              {
                "type": "text",
                "text": "'(…)",
                "style": {
                  "code": true
                }
              },
              {
                "type": "text",
                "text": " and used "
              },
              {
                "type": "text",
                "text": "(eval …)",
                "style": {
                  "code": true
                }
              },
              {
                "type": "text",
                "text": " in a few places. Suddenly I get this strange error:\n"
              }
            ]
          },
          {
            "type": "rich_text_preformatted",
            "elements": [
              {
                "type": "text",
                "text": "list: unbound identifier;\n also, no #%top syntax transformer is bound\n  in: list\n  context...:\n   \"//Users//Knoble//code//learn-racket//racket-koans//koans//iterations.rkt\": [running body]"
              }
            ]
          },
          {
            "type": "rich_text_section",
            "elements": [
              {
                "type": "text",
                "text": "Here’s the code that gives the error:\n"
              }
            ]
          },
          {
            "type": "rich_text_preformatted",
            "elements": [
              {
                "type": "text",
                "text": "(for//hash ([ch \"abc\"]\n             [build '(list vector string)]\n             [xform '(identity (λ (i) (* i i)) integer->char)]\n             [seq '((range 1 6) (range 1 6) '(98 100 99 101 97))])\n    (values ch\n            (apply (eval build) (map (eval xform) (eval seq)))))"
              }
            ]
          },
          {
            "type": "rich_text_section",
            "elements": [
              {
                "type": "text",
                "text": "And here’s a “check” version:\n"
              }
            ]
          },
          {
            "type": "rich_text_preformatted",
            "elements": [
              {
                "type": "text",
                "text": "(check-equal?\n  (for//hash ([ch \"abc\"]\n             [build '(list vector string)]\n             [xform '(identity (λ (i) (* i i)) integer->char)]\n             [seq '((range 1 6) (range 1 6) '(98 100 99 101 97))])\n    (values ch\n            (apply (eval build) (map (eval xform) (eval seq)))))\n  (hash\n    #\\a '(1 2 3 4 5)\n    #\\b #(1 4 9 16 25)\n    #\\c \"bdcea\"))"
              }
            ]
          },
          {
            "type": "rich_text_section",
            "elements": [
              {
                "type": "text",
                "text": "Probably a hopeless top-level situation, but this is even more strange:\n"
              }
            ]
          },
          {
            "type": "rich_text_preformatted",
            "elements": [
              {
                "type": "text",
                "text": "> ,enter koans//iterations.rkt\n'#hash((#\\a . (1 2 3 4 5)) (#\\b . #(1 4 9 16 25)) (#\\c . \"bdcea\"))"
              }
            ]
          }
        ]
      }
    ]
  },
  {
    "client_msg_id": "AB75BAB8-397A-457F-BFE6-6F18383090BB",
    "type": "message",
    "text": "Yes; I’m not sure I follow your comment about eval though",
    "user": "U01GH44F3GC",
    "ts": "1610072227.385100",
    "team": "T06V8J4SU",
    "user_team": "T06V8J4SU",
    "source_team": "T06V8J4SU",
    "user_profile": {
      "avatar_hash": "fa06fa2baaf2",
      "image_72": "https:////avatars.slack-edge.com//2020-12-07//1540536372007_fa06fa2baaf25c93bf33_72.jpg",
      "first_name": "D.",
      "real_name": "D. Ben Knoble",
      "display_name": "benknoble",
      "team": "T06V8J4SU",
      "name": "ben.knoble",
      "is_restricted": false,
      "is_ultra_restricted": false
    },
    "blocks": [
      {
        "type": "rich_text",
        "block_id": "Lfbcl",
        "elements": [
          {
            "type": "rich_text_section",
            "elements": [
              {
                "type": "text",
                "text": "Yes; I’m not sure I follow your comment about eval though"
              }
            ]
          }
        ]
      }
    ],
    "thread_ts": "1610053069.383100",
    "parent_user_id": "UDUMMY"
  }
]
