[
  {
    "client_msg_id": "c04ce4b6-2c09-4349-9f2b-e939ab8effeb",
    "type": "message",
    "text": "I was looking for an idiom make stuff like `(cond [test-expr #f] ...)` more palatable, and I like `(cond [test-expr =&gt; not] ...)` , but I wonder if there are others?",
    "user": "U01GH44F3GC",
    "ts": "1609794301.275000",
    "team": "T06V8J4SU",
    "user_team": "T06V8J4SU",
    "source_team": "T06V8J4SU",
    "user_profile": {
      "avatar_hash": "fa06fa2baaf2",
      "image_72": "https:\/\/avatars.slack-edge.com\/2020-12-07\/1540536372007_fa06fa2baaf25c93bf33_72.jpg",
      "first_name": "D.",
      "real_name": "D. Ben Knoble",
      "display_name": "benknoble",
      "team": "T06V8J4SU",
      "name": "ben.knoble",
      "is_restricted": false,
      "is_ultra_restricted": false
    },
    "blocks": [
      {
        "type": "rich_text",
        "block_id": "HMK",
        "elements": [
          {
            "type": "rich_text_section",
            "elements": [
              {
                "type": "text",
                "text": "I was looking for an idiom make stuff like "
              },
              {
                "type": "text",
                "text": "(cond [test-expr #f] ...)",
                "style": {
                  "code": true
                }
              },
              {
                "type": "text",
                "text": " more palatable, and I like "
              },
              {
                "type": "text",
                "text": "(cond [test-expr => not] ...)",
                "style": {
                  "code": true
                }
              },
              {
                "type": "text",
                "text": " , but I wonder if there are others?"
              }
            ]
          }
        ]
      }
    ]
  }
]
