[
  {
    "client_msg_id": "98c758c1-df7d-4000-a4d2-7e47bbbc3279",
    "type": "message",
    "text": "I’m not sure how I would go about transforming the mpi’s into that form, though.\n\nHm, I might give that a look. I have limited control; students submit a file (ostensibly beginning with `#lang racket`) which I `dynamic-require` to get certain vars (reasons). If require transformers need me to actually adjust the student code, that probably won’t work.",
    "user": "U01GH44F3GC",
    "ts": "1612447949.378500",
    "team": "T06V8J4SU",
    "user_team": "T06V8J4SU",
    "source_team": "T06V8J4SU",
    "user_profile": {
      "avatar_hash": "fa06fa2baaf2",
      "image_72": "https:////avatars.slack-edge.com//2020-12-07//1540536372007_fa06fa2baaf25c93bf33_72.jpg",
      "first_name": "D.",
      "real_name": "D. Ben Knoble",
      "display_name": "benknoble",
      "team": "T06V8J4SU",
      "name": "ben.knoble",
      "is_restricted": false,
      "is_ultra_restricted": false
    },
    "blocks": [
      {
        "type": "rich_text",
        "block_id": "XrbE9",
        "elements": [
          {
            "type": "rich_text_section",
            "elements": [
              {
                "type": "text",
                "text": "I’m not sure how I would go about transforming the mpi’s into that form, though.\n\nHm, I might give that a look. I have limited control; students submit a file (ostensibly beginning with "
              },
              {
                "type": "text",
                "text": "#lang racket",
                "style": {
                  "code": true
                }
              },
              {
                "type": "text",
                "text": ") which I "
              },
              {
                "type": "text",
                "text": "dynamic-require",
                "style": {
                  "code": true
                }
              },
              {
                "type": "text",
                "text": " to get certain vars (reasons). If require transformers need me to actually adjust the student code, that probably won’t work."
              }
            ]
          }
        ]
      }
    ],
    "thread_ts": "1612372641.289400",
    "parent_user_id": "U01GH44F3GC"
  },
  {
    "client_msg_id": "9813a2a7-1ddd-4b9a-9055-e9cd0889e188",
    "type": "message",
    "text": "If I understood that write, _if_ I could change `require` to use my `require-transformer`, I could do… something… My use-case is just to collect all the things being required. _sigh_ back to the drawing board.",
    "user": "U01GH44F3GC",
    "ts": "1612448433.379400",
    "team": "T06V8J4SU",
    "user_team": "T06V8J4SU",
    "source_team": "T06V8J4SU",
    "user_profile": {
      "avatar_hash": "fa06fa2baaf2",
      "image_72": "https:////avatars.slack-edge.com//2020-12-07//1540536372007_fa06fa2baaf25c93bf33_72.jpg",
      "first_name": "D.",
      "real_name": "D. Ben Knoble",
      "display_name": "benknoble",
      "team": "T06V8J4SU",
      "name": "ben.knoble",
      "is_restricted": false,
      "is_ultra_restricted": false
    },
    "blocks": [
      {
        "type": "rich_text",
        "block_id": "n2w",
        "elements": [
          {
            "type": "rich_text_section",
            "elements": [
              {
                "type": "text",
                "text": "If I understood that write, "
              },
              {
                "type": "text",
                "text": "if",
                "style": {
                  "italic": true
                }
              },
              {
                "type": "text",
                "text": " I could change "
              },
              {
                "type": "text",
                "text": "require",
                "style": {
                  "code": true
                }
              },
              {
                "type": "text",
                "text": " to use my "
              },
              {
                "type": "text",
                "text": "require-transformer",
                "style": {
                  "code": true
                }
              },
              {
                "type": "text",
                "text": ", I could do… something… My use-case is just to collect all the things being required. "
              },
              {
                "type": "text",
                "text": "sigh",
                "style": {
                  "italic": true
                }
              },
              {
                "type": "text",
                "text": " back to the drawing board."
              }
            ]
          }
        ]
      }
    ],
    "thread_ts": "1612372641.289400",
    "parent_user_id": "U01GH44F3GC"
  },
  {
    "client_msg_id": "61fa2318-8aec-483c-9e2f-f2caa3ef5793",
    "type": "message",
    "text": "Hm, that’s pretty clever. (Of course, I have to figure out how to `record-import-path` in such a way that I can get to it again later :thinking_face: )\n\nWhy shadow module//module*//module+? To insert the `(require my-hack)` again?",
    "user": "U01GH44F3GC",
    "ts": "1612454493.382700",
    "team": "T06V8J4SU",
    "user_team": "T06V8J4SU",
    "source_team": "T06V8J4SU",
    "user_profile": {
      "avatar_hash": "fa06fa2baaf2",
      "image_72": "https:////avatars.slack-edge.com//2020-12-07//1540536372007_fa06fa2baaf25c93bf33_72.jpg",
      "first_name": "D.",
      "real_name": "D. Ben Knoble",
      "display_name": "benknoble",
      "team": "T06V8J4SU",
      "name": "ben.knoble",
      "is_restricted": false,
      "is_ultra_restricted": false
    },
    "blocks": [
      {
        "type": "rich_text",
        "block_id": "iVBgy",
        "elements": [
          {
            "type": "rich_text_section",
            "elements": [
              {
                "type": "text",
                "text": "Hm, that’s pretty clever. (Of course, I have to figure out how to "
              },
              {
                "type": "text",
                "text": "record-import-path",
                "style": {
                  "code": true
                }
              },
              {
                "type": "text",
                "text": " in such a way that I can get to it again later "
              },
              {
                "type": "emoji",
                "name": "thinking_face"
              },
              {
                "type": "text",
                "text": " )\n\nWhy shadow module//module*//module+? To insert the "
              },
              {
                "type": "text",
                "text": "(require my-hack)",
                "style": {
                  "code": true
                }
              },
              {
                "type": "text",
                "text": " again?"
              }
            ]
          }
        ]
      }
    ],
    "thread_ts": "1612372641.289400",
    "parent_user_id": "U01GH44F3GC"
  },
  {
    "client_msg_id": "7c88c72c-9f20-4621-b5cd-881d50ff0985",
    "type": "message",
    "text": "Yeah, we’ve used sandboxes before. I’m hoping to avoid that here; it would require some infra changes I don’t want to deal with. I’ll take a look at that gist, thanks.",
    "user": "U01GH44F3GC",
    "ts": "1612455017.383500",
    "team": "T06V8J4SU",
    "user_team": "T06V8J4SU",
    "source_team": "T06V8J4SU",
    "user_profile": {
      "avatar_hash": "fa06fa2baaf2",
      "image_72": "https:////avatars.slack-edge.com//2020-12-07//1540536372007_fa06fa2baaf25c93bf33_72.jpg",
      "first_name": "D.",
      "real_name": "D. Ben Knoble",
      "display_name": "benknoble",
      "team": "T06V8J4SU",
      "name": "ben.knoble",
      "is_restricted": false,
      "is_ultra_restricted": false
    },
    "blocks": [
      {
        "type": "rich_text",
        "block_id": "diBV",
        "elements": [
          {
            "type": "rich_text_section",
            "elements": [
              {
                "type": "text",
                "text": "Yeah, we’ve used sandboxes before. I’m hoping to avoid that here; it would require some infra changes I don’t want to deal with. I’ll take a look at that gist, thanks."
              }
            ]
          }
        ]
      }
    ],
    "thread_ts": "1612372641.289400",
    "parent_user_id": "U01GH44F3GC",
    "reactions": [
      {
        "name": "tada",
        "users": [
          "UDUMMY"
        ],
        "count": 1
      }
    ]
  }
]
