[
  {
    "client_msg_id": "d4771b55-8fc7-415f-ad98-451555c50fa1",
    "type": "message",
    "text": "I get a 404/uncaught exception for the pollen website; I think <http://pollenpub.com|pollenpub.com> redirects to the same place as <https://docs.racket-lang.org/pollen/>",
    "user": "U01GH44F3GC",
    "ts": "1615225210.133200",
    "team": "T06V8J4SU",
    "user_team": "T06V8J4SU",
    "source_team": "T06V8J4SU",
    "user_profile": {
      "avatar_hash": "fa06fa2baaf2",
      "image_72": "https://avatars.slack-edge.com/2020-12-07/1540536372007_fa06fa2baaf25c93bf33_72.jpg",
      "first_name": "D.",
      "real_name": "D. Ben Knoble",
      "display_name": "benknoble",
      "team": "T06V8J4SU",
      "name": "ben.knoble",
      "is_restricted": false,
      "is_ultra_restricted": false
    },
    "blocks": [
      {
        "type": "rich_text",
        "block_id": "1w3",
        "elements": [
          {
            "type": "rich_text_section",
            "elements": [
              {
                "type": "text",
                "text": "I get a 404/uncaught exception for the pollen website; I think "
              },
              {
                "type": "link",
                "url": "http://pollenpub.com",
                "text": "pollenpub.com"
              },
              {
                "type": "text",
                "text": " redirects to the same place as "
              },
              {
                "type": "link",
                "url": "https://docs.racket-lang.org/pollen/"
              }
            ]
          }
        ]
      }
    ],
    "thread_ts": "1615225210.133200",
    "reply_count": 8,
    "reply_users_count": 4,
    "latest_reply": "1615301729.011200",
    "reply_users": [
      "UDUMMY",
      "UDUMMY",
      "UDUMMY",
      "UDUMMY"
    ],
    "replies": [
      {
        "user": "UDUMMY",
        "ts": "1615226019.133300"
      },
      {
        "user": "UDUMMY",
        "ts": "1615233364.133700"
      },
      {
        "user": "UDUMMY",
        "ts": "1615238423.133900"
      },
      {
        "user": "UDUMMY",
        "ts": "1615242312.135100"
      },
      {
        "user": "UDUMMY",
        "ts": "1615256214.002900"
      },
      {
        "user": "UDUMMY",
        "ts": "1615256258.003100"
      },
      {
        "user": "UDUMMY",
        "ts": "1615259741.003900"
      },
      {
        "user": "UDUMMY",
        "ts": "1615301729.011200"
      }
    ],
    "subscribed": false
  }
]
