[
  {
    "type": "message",
    "text": "",
    "files": [
      {
        "id": "F01JSKN2KTM",
        "created": 1610664551,
        "timestamp": 1610664551,
        "name": "python+flask_running_racket.png",
        "title": "python+flask_running_racket.png",
        "mimetype": "image//png",
        "filetype": "png",
        "pretty_type": "PNG",
        "user": "U01GH44F3GC",
        "editable": false,
        "size": 67882,
        "mode": "hosted",
        "is_external": false,
        "external_type": "",
        "is_public": true,
        "public_url_shared": false,
        "display_as_bot": false,
        "username": "",
        "url_private": "https:////files.slack.com//files-pri//T06V8J4SU-F01JSKN2KTM//python_flask_running_racket.png?t=xoxe-6994616912-1856667008194-1862835411588-d2e60f16e347f2863cb87e6cf80a98e6",
        "url_private_download": "https:////files.slack.com//files-pri//T06V8J4SU-F01JSKN2KTM//download//python_flask_running_racket.png?t=xoxe-6994616912-1856667008194-1862835411588-d2e60f16e347f2863cb87e6cf80a98e6",
        "thumb_64": "https:////files.slack.com//files-tmb//T06V8J4SU-F01JSKN2KTM-ef76445c15//python_flask_running_racket_64.png?t=xoxe-6994616912-1856667008194-1862835411588-d2e60f16e347f2863cb87e6cf80a98e6",
        "thumb_80": "https:////files.slack.com//files-tmb//T06V8J4SU-F01JSKN2KTM-ef76445c15//python_flask_running_racket_80.png?t=xoxe-6994616912-1856667008194-1862835411588-d2e60f16e347f2863cb87e6cf80a98e6",
        "thumb_360": "https:////files.slack.com//files-tmb//T06V8J4SU-F01JSKN2KTM-ef76445c15//python_flask_running_racket_360.png?t=xoxe-6994616912-1856667008194-1862835411588-d2e60f16e347f2863cb87e6cf80a98e6",
        "thumb_360_w": 360,
        "thumb_360_h": 117,
        "thumb_480": "https:////files.slack.com//files-tmb//T06V8J4SU-F01JSKN2KTM-ef76445c15//python_flask_running_racket_480.png?t=xoxe-6994616912-1856667008194-1862835411588-d2e60f16e347f2863cb87e6cf80a98e6",
        "thumb_480_w": 480,
        "thumb_480_h": 156,
        "thumb_160": "https:////files.slack.com//files-tmb//T06V8J4SU-F01JSKN2KTM-ef76445c15//python_flask_running_racket_160.png?t=xoxe-6994616912-1856667008194-1862835411588-d2e60f16e347f2863cb87e6cf80a98e6",
        "thumb_720": "https:////files.slack.com//files-tmb//T06V8J4SU-F01JSKN2KTM-ef76445c15//python_flask_running_racket_720.png?t=xoxe-6994616912-1856667008194-1862835411588-d2e60f16e347f2863cb87e6cf80a98e6",
        "thumb_720_w": 720,
        "thumb_720_h": 235,
        "thumb_800": "https:////files.slack.com//files-tmb//T06V8J4SU-F01JSKN2KTM-ef76445c15//python_flask_running_racket_800.png?t=xoxe-6994616912-1856667008194-1862835411588-d2e60f16e347f2863cb87e6cf80a98e6",
        "thumb_800_w": 800,
        "thumb_800_h": 261,
        "thumb_960": "https:////files.slack.com//files-tmb//T06V8J4SU-F01JSKN2KTM-ef76445c15//python_flask_running_racket_960.png?t=xoxe-6994616912-1856667008194-1862835411588-d2e60f16e347f2863cb87e6cf80a98e6",
        "thumb_960_w": 960,
        "thumb_960_h": 313,
        "thumb_1024": "https:////files.slack.com//files-tmb//T06V8J4SU-F01JSKN2KTM-ef76445c15//python_flask_running_racket_1024.png?t=xoxe-6994616912-1856667008194-1862835411588-d2e60f16e347f2863cb87e6cf80a98e6",
        "thumb_1024_w": 1024,
        "thumb_1024_h": 334,
        "original_w": 2276,
        "original_h": 742,
        "thumb_tiny": "AwAPADDSIzS0h6iloAKKKKACiiigD////Z",
        "permalink": "https:////racket.slack.com//files//U01GH44F3GC//F01JSKN2KTM//python_flask_running_racket.png",
        "permalink_public": "https:////slack-files.com//T06V8J4SU-F01JSKN2KTM-0c329c9c7e",
        "is_starred": false,
        "has_rich_preview": false
      }
    ],
    "upload": false,
    "user": "U01GH44F3GC",
    "display_as_bot": false,
    "ts": "1610664565.026300"
  },
  {
    "client_msg_id": "ad28571a-ccc4-47c4-83ad-6ab0c73df219",
    "type": "message",
    "text": "Just changed the text-area to a monospace as well, but this is a hack I put together today using `racket//sandbox`",
    "user": "U01GH44F3GC",
    "ts": "1610664687.027100",
    "team": "T06V8J4SU",
    "user_team": "T06V8J4SU",
    "source_team": "T06V8J4SU",
    "user_profile": {
      "avatar_hash": "fa06fa2baaf2",
      "image_72": "https:////avatars.slack-edge.com//2020-12-07//1540536372007_fa06fa2baaf25c93bf33_72.jpg",
      "first_name": "D.",
      "real_name": "D. Ben Knoble",
      "display_name": "benknoble",
      "team": "T06V8J4SU",
      "name": "ben.knoble",
      "is_restricted": false,
      "is_ultra_restricted": false
    },
    "blocks": [
      {
        "type": "rich_text",
        "block_id": "QLgF9",
        "elements": [
          {
            "type": "rich_text_section",
            "elements": [
              {
                "type": "text",
                "text": "Just changed the text-area to a monospace as well, but this is a hack I put together today using "
              },
              {
                "type": "text",
                "text": "racket//sandbox",
                "style": {
                  "code": true
                }
              }
            ]
          }
        ]
      }
    ],
    "reactions": [
      {
        "name": "+1::skin-tone-2",
        "users": [
          "UDUMMY"
        ],
        "count": 1
      }
    ]
  }
]
