[
  {
    "client_msg_id": "dc553740-e742-4654-854d-f5ec1554b8ee",
    "type": "message",
    "text": "Another “koan,” this time with continuations. I thought I understood things, but I had to twist myself around to get this to work:\n```#lang racket\n;; 3. Prompts, aborts and continuations\n\n\n;; Exceptions are powered by an underlying mechanism of prompts, aborts and\n;; continuations. If we take a simplified analogy with Algol family languages,\n;; 'prompts' in use are a generalization of 'try..catch', 'aborts' are a\n;; generalization of 'throw', and continuations are a generalization of some\n;; WIP state of computation. These three concepts power the ability to divide\n;; up Racket's work, then jump to the dividing lines at the author's\n;; discretion.\n;;\n;; For helpful visual aids, see <https:////stackoverflow.com//a//29838823//394397>\n\n;; Complete and then capture this foldl computation such\n;; that you may apply it using only a list.\n(define *captured-fold*\n  (lambda (l) (fail \"Redefine *captured-fold* to pass the test.\")))```\nThis was the template I had to fill in:\n```; (call//cc\n;   (lambda (k)\n;     (foldl (lambda (a b) \"?\") \"?\" '())\n;     (void)))```\nHere was my eventual solution\n```(call-with-continuation-prompt\n  (λ ()\n    (foldl\n      +\n      0\n      (call-with-composable-continuation\n        (λ (k)\n          (set! *captured-fold* k)\n          '())))))\n\n(check-eqv? (*captured-fold* '(1 2 3)) 6)```\nBut I tried using `call//cc` and nested `call//cc` or `call-with-composable-continuation` and kept getting continuations that looked like they returned void (no print at repl) or multiple values (like 0 0 at repl or 0 6 at repl). Further, the `check-eqv?` stayed silent, even if I changed it to `(check-eqv? … 7)` on all of my attempts except the one shown… color me _very_ confused",
    "user": "U01GH44F3GC",
    "ts": "1609950315.325800",
    "team": "T06V8J4SU",
    "user_team": "T06V8J4SU",
    "source_team": "T06V8J4SU",
    "user_profile": {
      "avatar_hash": "fa06fa2baaf2",
      "image_72": "https:////avatars.slack-edge.com//2020-12-07//1540536372007_fa06fa2baaf25c93bf33_72.jpg",
      "first_name": "D.",
      "real_name": "D. Ben Knoble",
      "display_name": "benknoble",
      "team": "T06V8J4SU",
      "name": "ben.knoble",
      "is_restricted": false,
      "is_ultra_restricted": false
    },
    "blocks": [
      {
        "type": "rich_text",
        "block_id": "zB01A",
        "elements": [
          {
            "type": "rich_text_section",
            "elements": [
              {
                "type": "text",
                "text": "Another “koan,” this time with continuations. I thought I understood things, but I had to twist myself around to get this to work:\n"
              }
            ]
          },
          {
            "type": "rich_text_preformatted",
            "elements": [
              {
                "type": "text",
                "text": "#lang racket\n;; 3. Prompts, aborts and continuations\n\n\n;; Exceptions are powered by an underlying mechanism of prompts, aborts and\n;; continuations. If we take a simplified analogy with Algol family languages,\n;; 'prompts' in use are a generalization of 'try..catch', 'aborts' are a\n;; generalization of 'throw', and continuations are a generalization of some\n;; WIP state of computation. These three concepts power the ability to divide\n;; up Racket's work, then jump to the dividing lines at the author's\n;; discretion.\n;;\n;; For helpful visual aids, see "
              },
              {
                "type": "link",
                "url": "https:////stackoverflow.com//a//29838823//394397"
              },
              {
                "type": "text",
                "text": "\n\n;; Complete and then capture this foldl computation such\n;; that you may apply it using only a list.\n(define *captured-fold*\n  (lambda (l) (fail \"Redefine *captured-fold* to pass the test.\")))"
              }
            ]
          },
          {
            "type": "rich_text_section",
            "elements": [
              {
                "type": "text",
                "text": "This was the template I had to fill in:\n"
              }
            ]
          },
          {
            "type": "rich_text_preformatted",
            "elements": [
              {
                "type": "text",
                "text": "; (call//cc\n;   (lambda (k)\n;     (foldl (lambda (a b) \"?\") \"?\" '())\n;     (void)))"
              }
            ]
          },
          {
            "type": "rich_text_section",
            "elements": [
              {
                "type": "text",
                "text": "Here was my eventual solution\n"
              }
            ]
          },
          {
            "type": "rich_text_preformatted",
            "elements": [
              {
                "type": "text",
                "text": "(call-with-continuation-prompt\n  (λ ()\n    (foldl\n      +\n      0\n      (call-with-composable-continuation\n        (λ (k)\n          (set! *captured-fold* k)\n          '())))))\n\n(check-eqv? (*captured-fold* '(1 2 3)) 6)"
              }
            ]
          },
          {
            "type": "rich_text_section",
            "elements": [
              {
                "type": "text",
                "text": "But I tried using "
              },
              {
                "type": "text",
                "text": "call//cc",
                "style": {
                  "code": true
                }
              },
              {
                "type": "text",
                "text": " and nested "
              },
              {
                "type": "text",
                "text": "call//cc",
                "style": {
                  "code": true
                }
              },
              {
                "type": "text",
                "text": " or "
              },
              {
                "type": "text",
                "text": "call-with-composable-continuation",
                "style": {
                  "code": true
                }
              },
              {
                "type": "text",
                "text": " and kept getting continuations that looked like they returned void (no print at repl) or multiple values (like 0 0 at repl or 0 6 at repl). Further, the "
              },
              {
                "type": "text",
                "text": "check-eqv?",
                "style": {
                  "code": true
                }
              },
              {
                "type": "text",
                "text": " stayed silent, even if I changed it to "
              },
              {
                "type": "text",
                "text": "(check-eqv? … 7)",
                "style": {
                  "code": true
                }
              },
              {
                "type": "text",
                "text": " on all of my attempts except the one shown… color me "
              },
              {
                "type": "text",
                "text": "very",
                "style": {
                  "italic": true
                }
              },
              {
                "type": "text",
                "text": " confused"
              }
            ]
          }
        ]
      }
    ]
  },
  {
    "client_msg_id": "04c27dd9-3e8c-4609-b66b-443d7ce0bb6d",
    "type": "message",
    "text": "<@UDUMMY> so the continuation-prompt seems necessary? Otherwise, calling `*captured-fold*` would jump out of `check-eqv?`, right? Hm, maybe I need two `call//cc`s to get this right.",
    "user": "U01GH44F3GC",
    "ts": "1609953648.327800",
    "team": "T06V8J4SU",
    "user_team": "T06V8J4SU",
    "source_team": "T06V8J4SU",
    "user_profile": {
      "avatar_hash": "fa06fa2baaf2",
      "image_72": "https:////avatars.slack-edge.com//2020-12-07//1540536372007_fa06fa2baaf25c93bf33_72.jpg",
      "first_name": "D.",
      "real_name": "D. Ben Knoble",
      "display_name": "benknoble",
      "team": "T06V8J4SU",
      "name": "ben.knoble",
      "is_restricted": false,
      "is_ultra_restricted": false
    },
    "blocks": [
      {
        "type": "rich_text",
        "block_id": "NHWx",
        "elements": [
          {
            "type": "rich_text_section",
            "elements": [
              {
                "type": "user",
                "user_id": "UDUMMY"
              },
              {
                "type": "text",
                "text": " so the continuation-prompt seems necessary? Otherwise, calling "
              },
              {
                "type": "text",
                "text": "*captured-fold*",
                "style": {
                  "code": true
                }
              },
              {
                "type": "text",
                "text": " would jump out of "
              },
              {
                "type": "text",
                "text": "check-eqv?",
                "style": {
                  "code": true
                }
              },
              {
                "type": "text",
                "text": ", right? Hm, maybe I need two "
              },
              {
                "type": "text",
                "text": "call//cc",
                "style": {
                  "code": true
                }
              },
              {
                "type": "text",
                "text": "s to get this right."
              }
            ]
          }
        ]
      }
    ]
  },
  {
    "client_msg_id": "5fb4964f-7111-49de-a4ed-328023e8657e",
    "type": "message",
    "text": "Yeah, two cc’s didn’t make sense. I think you’re correct re: “too much”—the guide says _*A more traditional continuation operator in Racket (or Scheme) is call-with-current-continuation, which is usually abbreviated call//cc. It is like call-with-composable-continuation, but applying the captured continuation first aborts (to the current prompt) before restoring the saved continuation.*_ And each REPL interaction implicitly has a prompt. But I still wonder at having to compose the prompt and the composable continuation to avoid ignoring `check-eqv?`…",
    "user": "U01GH44F3GC",
    "ts": "1609954140.330700",
    "team": "T06V8J4SU",
    "user_team": "T06V8J4SU",
    "source_team": "T06V8J4SU",
    "user_profile": {
      "avatar_hash": "fa06fa2baaf2",
      "image_72": "https:////avatars.slack-edge.com//2020-12-07//1540536372007_fa06fa2baaf25c93bf33_72.jpg",
      "first_name": "D.",
      "real_name": "D. Ben Knoble",
      "display_name": "benknoble",
      "team": "T06V8J4SU",
      "name": "ben.knoble",
      "is_restricted": false,
      "is_ultra_restricted": false
    },
    "blocks": [
      {
        "type": "rich_text",
        "block_id": "pLM",
        "elements": [
          {
            "type": "rich_text_section",
            "elements": [
              {
                "type": "text",
                "text": "Yeah, two cc’s didn’t make sense. I think you’re correct re: “too much”—the guide says "
              },
              {
                "type": "text",
                "text": "A more traditional continuation operator in Racket (or Scheme) is call-with-current-continuation, which is usually abbreviated call//cc. It is like call-with-composable-continuation, but applying the captured continuation first aborts (to the current prompt) before restoring the saved continuation. ",
                "style": {
                  "bold": true,
                  "italic": true
                }
              },
              {
                "type": "text",
                "text": "And each REPL interaction implicitly has a prompt. But I still wonder at having to compose the prompt and the composable continuation to avoid ignoring "
              },
              {
                "type": "text",
                "text": "check-eqv?",
                "style": {
                  "code": true
                }
              },
              {
                "type": "text",
                "text": "…"
              }
            ]
          }
        ]
      }
    ]
  }
]
