[
  {
    "client_msg_id": "8061ca5f-80c3-4e95-aa31-aaf65c171d5f",
    "type": "message",
    "text": "Why does `read-line` always return `\"\"` in the REPL and how can I use it (or something similar) to temporarily hijack stdin for a custom repl? I wrote something like\n```(define (repl)\n  (let ([input (read-line)])\n    (unless (eof-object? input)\n      (print (eval-top input))\n      (repl))))```\nwhere `eval-top` is a custom function",
    "user": "U01GH44F3GC",
    "ts": "1614271644.117000",
    "team": "T06V8J4SU",
    "user_team": "T06V8J4SU",
    "source_team": "T06V8J4SU",
    "user_profile": {
      "avatar_hash": "fa06fa2baaf2",
      "image_72": "https://avatars.slack-edge.com/2020-12-07/1540536372007_fa06fa2baaf25c93bf33_72.jpg",
      "first_name": "D.",
      "real_name": "D. Ben Knoble",
      "display_name": "benknoble",
      "team": "T06V8J4SU",
      "name": "ben.knoble",
      "is_restricted": false,
      "is_ultra_restricted": false
    },
    "blocks": [
      {
        "type": "rich_text",
        "block_id": "qY4N",
        "elements": [
          {
            "type": "rich_text_section",
            "elements": [
              {
                "type": "text",
                "text": "Why does "
              },
              {
                "type": "text",
                "text": "read-line",
                "style": {
                  "code": true
                }
              },
              {
                "type": "text",
                "text": " always return "
              },
              {
                "type": "text",
                "text": "\"\"",
                "style": {
                  "code": true
                }
              },
              {
                "type": "text",
                "text": " in the REPL and how can I use it (or something similar) to temporarily hijack stdin for a custom repl? I wrote something like\n"
              }
            ]
          },
          {
            "type": "rich_text_preformatted",
            "elements": [
              {
                "type": "text",
                "text": "(define (repl)\n  (let ([input (read-line)])\n    (unless (eof-object? input)\n      (print (eval-top input))\n      (repl))))"
              }
            ]
          },
          {
            "type": "rich_text_section",
            "elements": [
              {
                "type": "text",
                "text": "where "
              },
              {
                "type": "text",
                "text": "eval-top",
                "style": {
                  "code": true
                }
              },
              {
                "type": "text",
                "text": " is a custom function"
              }
            ]
          }
        ]
      }
    ],
    "thread_ts": "1614271644.117000",
    "reply_count": 8,
    "reply_users_count": 3,
    "latest_reply": "1614346038.121200",
    "reply_users": [
      "UDUMMY",
      "U01GH44F3GC",
      "UDUMMY"
    ],
    "replies": [
      {
        "user": "UDUMMY",
        "ts": "1614272166.117100"
      },
      {
        "user": "UDUMMY",
        "ts": "1614272174.117300"
      },
      {
        "user": "U01GH44F3GC",
        "ts": "1614272361.117500"
      },
      {
        "user": "UDUMMY",
        "ts": "1614272983.117700"
      },
      {
        "user": "U01GH44F3GC",
        "ts": "1614273063.117900"
      },
      {
        "user": "UDUMMY",
        "ts": "1614273218.118100"
      },
      {
        "user": "U01GH44F3GC",
        "ts": "1614274254.118300"
      },
      {
        "user": "UDUMMY",
        "ts": "1614346038.121200"
      }
    ],
    "subscribed": false
  },
  {
    "client_msg_id": "31e20fcd-d707-412f-bf0c-97ef01010514",
    "type": "message",
    "text": "Hm, thanks, I’ll give that whirl",
    "user": "U01GH44F3GC",
    "ts": "1614272361.117500",
    "team": "T06V8J4SU",
    "user_team": "T06V8J4SU",
    "source_team": "T06V8J4SU",
    "user_profile": {
      "avatar_hash": "fa06fa2baaf2",
      "image_72": "https://avatars.slack-edge.com/2020-12-07/1540536372007_fa06fa2baaf25c93bf33_72.jpg",
      "first_name": "D.",
      "real_name": "D. Ben Knoble",
      "display_name": "benknoble",
      "team": "T06V8J4SU",
      "name": "ben.knoble",
      "is_restricted": false,
      "is_ultra_restricted": false
    },
    "blocks": [
      {
        "type": "rich_text",
        "block_id": "N54",
        "elements": [
          {
            "type": "rich_text_section",
            "elements": [
              {
                "type": "text",
                "text": "Hm, thanks, I’ll give that whirl"
              }
            ]
          }
        ]
      }
    ],
    "thread_ts": "1614271644.117000",
    "parent_user_id": "U01GH44F3GC"
  },
  {
    "client_msg_id": "92cc38da-d077-46e9-889f-cc35f1a651b5",
    "type": "message",
    "text": "I wasn’t able to get too far here; I couldn’t change the prompt even with\n```(parameterize ([current-prompt-read (λ ()\n                                        (print \"524-lang&gt; \")\n                                        (let ([in ((current-get-interaction-input-port))])\n                                          ((current-read-interaction) (object-name in) in)))])\n    (read-eval-print-loop))```\nand my `eval-top` ’s interface is to take a string, which it parses itself. I couldn’t figure out how to get the reader to fit that.",
    "user": "U01GH44F3GC",
    "ts": "1614273063.117900",
    "team": "T06V8J4SU",
    "user_team": "T06V8J4SU",
    "source_team": "T06V8J4SU",
    "user_profile": {
      "avatar_hash": "fa06fa2baaf2",
      "image_72": "https://avatars.slack-edge.com/2020-12-07/1540536372007_fa06fa2baaf25c93bf33_72.jpg",
      "first_name": "D.",
      "real_name": "D. Ben Knoble",
      "display_name": "benknoble",
      "team": "T06V8J4SU",
      "name": "ben.knoble",
      "is_restricted": false,
      "is_ultra_restricted": false
    },
    "blocks": [
      {
        "type": "rich_text",
        "block_id": "sklY",
        "elements": [
          {
            "type": "rich_text_section",
            "elements": [
              {
                "type": "text",
                "text": "I wasn’t able to get too far here; I couldn’t change the prompt even with\n"
              }
            ]
          },
          {
            "type": "rich_text_preformatted",
            "elements": [
              {
                "type": "text",
                "text": "(parameterize ([current-prompt-read (λ ()\n                                        (print \"524-lang> \")\n                                        (let ([in ((current-get-interaction-input-port))])\n                                          ((current-read-interaction) (object-name in) in)))])\n    (read-eval-print-loop))"
              }
            ]
          },
          {
            "type": "rich_text_section",
            "elements": [
              {
                "type": "text",
                "text": "and my "
              },
              {
                "type": "text",
                "text": "eval-top",
                "style": {
                  "code": true
                }
              },
              {
                "type": "text",
                "text": " ’s interface is to take a string, which it parses itself. I couldn’t figure out how to get the reader to fit that."
              }
            ]
          }
        ]
      }
    ],
    "thread_ts": "1614271644.117000",
    "parent_user_id": "U01GH44F3GC"
  },
  {
    "client_msg_id": "63b1af95-a285-410e-8af2-ec10df2b043a",
    "type": "message",
    "text": "Pretty hacky, but it works for me :slightly_smiling_face:\n```(define (repl)\n  (parameterize ([current-read-interaction (λ (_ in)\n                                             (read-line in))]\n                 [current-eval (λ (e)\n                                 (when (non-empty-string? (cdr e))\n                                   (eval-top (cdr e))))])\n    (read-eval-print-loop)))```\n`cdr` because everything is `(#%top-interaction . value)`",
    "user": "U01GH44F3GC",
    "ts": "1614274254.118300",
    "team": "T06V8J4SU",
    "user_team": "T06V8J4SU",
    "source_team": "T06V8J4SU",
    "user_profile": {
      "avatar_hash": "fa06fa2baaf2",
      "image_72": "https://avatars.slack-edge.com/2020-12-07/1540536372007_fa06fa2baaf25c93bf33_72.jpg",
      "first_name": "D.",
      "real_name": "D. Ben Knoble",
      "display_name": "benknoble",
      "team": "T06V8J4SU",
      "name": "ben.knoble",
      "is_restricted": false,
      "is_ultra_restricted": false
    },
    "blocks": [
      {
        "type": "rich_text",
        "block_id": "dt/RD",
        "elements": [
          {
            "type": "rich_text_section",
            "elements": [
              {
                "type": "text",
                "text": "Pretty hacky, but it works for me "
              },
              {
                "type": "emoji",
                "name": "slightly_smiling_face"
              },
              {
                "type": "text",
                "text": "\n"
              }
            ]
          },
          {
            "type": "rich_text_preformatted",
            "elements": [
              {
                "type": "text",
                "text": "(define (repl)\n  (parameterize ([current-read-interaction (λ (_ in)\n                                             (read-line in))]\n                 [current-eval (λ (e)\n                                 (when (non-empty-string? (cdr e))\n                                   (eval-top (cdr e))))])\n    (read-eval-print-loop)))"
              }
            ]
          },
          {
            "type": "rich_text_section",
            "elements": [
              {
                "type": "text",
                "text": "cdr",
                "style": {
                  "code": true
                }
              },
              {
                "type": "text",
                "text": " because everything is "
              },
              {
                "type": "text",
                "text": "(#%top-interaction . value)",
                "style": {
                  "code": true
                }
              }
            ]
          }
        ]
      }
    ],
    "thread_ts": "1614271644.117000",
    "parent_user_id": "U01GH44F3GC",
    "reactions": [
      {
        "name": "+1",
        "users": [
          "UDUMMY"
        ],
        "count": 1
      }
    ]
  }
]
