[
  {
    "client_msg_id": "9F83F7D8-FAA7-45A2-907A-44042FAA0EB3",
    "type": "message",
    "text": "Had to go see the README to get it, but this is awesome! Destructuring let//lambda//define next, anyone?",
    "user": "U01GH44F3GC",
    "ts": "1615497388.066700",
    "team": "T06V8J4SU",
    "user_team": "T06V8J4SU",
    "source_team": "T06V8J4SU",
    "user_profile": {
      "avatar_hash": "fa06fa2baaf2",
      "image_72": "https:////avatars.slack-edge.com//2020-12-07//1540536372007_fa06fa2baaf25c93bf33_72.jpg",
      "first_name": "D.",
      "real_name": "D. Ben Knoble",
      "display_name": "benknoble",
      "team": "T06V8J4SU",
      "name": "ben.knoble",
      "is_restricted": false,
      "is_ultra_restricted": false
    },
    "blocks": [
      {
        "type": "rich_text",
        "block_id": "t32vt",
        "elements": [
          {
            "type": "rich_text_section",
            "elements": [
              {
                "type": "text",
                "text": "Had to go see the README to get it, but this is awesome! Destructuring let//lambda//define next, anyone?"
              }
            ]
          }
        ]
      }
    ],
    "thread_ts": "1615485662.059000",
    "parent_user_id": "UDUMMY"
  },
  {
    "client_msg_id": "b20d0f0e-e83d-4a2f-9564-e3c892a92874",
    "type": "message",
    "text": "No, maybe I will be interested… it’s the one thing I miss from Clojure, honestly.",
    "user": "U01GH44F3GC",
    "ts": "1615498079.067400",
    "team": "T06V8J4SU",
    "user_team": "T06V8J4SU",
    "source_team": "T06V8J4SU",
    "user_profile": {
      "avatar_hash": "fa06fa2baaf2",
      "image_72": "https:////avatars.slack-edge.com//2020-12-07//1540536372007_fa06fa2baaf25c93bf33_72.jpg",
      "first_name": "D.",
      "real_name": "D. Ben Knoble",
      "display_name": "benknoble",
      "team": "T06V8J4SU",
      "name": "ben.knoble",
      "is_restricted": false,
      "is_ultra_restricted": false
    },
    "blocks": [
      {
        "type": "rich_text",
        "block_id": "iyM",
        "elements": [
          {
            "type": "rich_text_section",
            "elements": [
              {
                "type": "text",
                "text": "No, maybe I will be interested… it’s the one thing I miss from Clojure, honestly."
              }
            ]
          }
        ]
      }
    ],
    "thread_ts": "1615485662.059000",
    "parent_user_id": "UDUMMY"
  },
  {
    "client_msg_id": "24098007-3c87-47d9-9371-e28f42097599",
    "type": "message",
    "text": "That’s cool; it’s unfortunate that the syntax is a bit different. In Clojure, the syntax for the destructuring looks exactly like the literal syntax.",
    "user": "U01GH44F3GC",
    "ts": "1615498201.067800",
    "team": "T06V8J4SU",
    "user_team": "T06V8J4SU",
    "source_team": "T06V8J4SU",
    "user_profile": {
      "avatar_hash": "fa06fa2baaf2",
      "image_72": "https:////avatars.slack-edge.com//2020-12-07//1540536372007_fa06fa2baaf25c93bf33_72.jpg",
      "first_name": "D.",
      "real_name": "D. Ben Knoble",
      "display_name": "benknoble",
      "team": "T06V8J4SU",
      "name": "ben.knoble",
      "is_restricted": false,
      "is_ultra_restricted": false
    },
    "blocks": [
      {
        "type": "rich_text",
        "block_id": "BFhV+",
        "elements": [
          {
            "type": "rich_text_section",
            "elements": [
              {
                "type": "text",
                "text": "That’s cool; it’s unfortunate that the syntax is a bit different. In Clojure, the syntax for the destructuring looks exactly like the literal syntax."
              }
            ]
          }
        ]
      }
    ],
    "thread_ts": "1615485662.059000",
    "parent_user_id": "UDUMMY"
  },
  {
    "client_msg_id": "2954807D-D41B-4DA5-B409-122C500663FD",
    "type": "message",
    "text": "Yeah, I do understand that. ",
    "user": "U01GH44F3GC",
    "ts": "1615499409.068500",
    "team": "T06V8J4SU",
    "user_team": "T06V8J4SU",
    "source_team": "T06V8J4SU",
    "user_profile": {
      "avatar_hash": "fa06fa2baaf2",
      "image_72": "https:////avatars.slack-edge.com//2020-12-07//1540536372007_fa06fa2baaf25c93bf33_72.jpg",
      "first_name": "D.",
      "real_name": "D. Ben Knoble",
      "display_name": "benknoble",
      "team": "T06V8J4SU",
      "name": "ben.knoble",
      "is_restricted": false,
      "is_ultra_restricted": false
    },
    "blocks": [
      {
        "type": "rich_text",
        "block_id": "WviYd",
        "elements": [
          {
            "type": "rich_text_section",
            "elements": [
              {
                "type": "text",
                "text": "Yeah, I do understand that. "
              }
            ]
          }
        ]
      }
    ],
    "thread_ts": "1615485662.059000",
    "parent_user_id": "UDUMMY"
  }
]
