[
  {
    "client_msg_id": "c4875bb8-50f9-4bf7-b6bd-5f1279c76545",
    "type": "message",
    "text": "Why is it that `struct?` is `#f` when the value is a made from a struct without `#:transparent` and vice-versa?",
    "user": "U01GH44F3GC",
    "ts": "1609627792.208900",
    "team": "T06V8J4SU",
    "user_team": "T06V8J4SU",
    "source_team": "T06V8J4SU",
    "user_profile": {
      "avatar_hash": "fa06fa2baaf2",
      "image_72": "https://avatars.slack-edge.com/2020-12-07/1540536372007_fa06fa2baaf25c93bf33_72.jpg",
      "first_name": "D.",
      "real_name": "D. Ben Knoble",
      "display_name": "benknoble",
      "team": "T06V8J4SU",
      "name": "ben.knoble",
      "is_restricted": false,
      "is_ultra_restricted": false
    },
    "blocks": [
      {
        "type": "rich_text",
        "block_id": "4az5",
        "elements": [
          {
            "type": "rich_text_section",
            "elements": [
              {
                "type": "text",
                "text": "Why is it that "
              },
              {
                "type": "text",
                "text": "struct?",
                "style": {
                  "code": true
                }
              },
              {
                "type": "text",
                "text": " is "
              },
              {
                "type": "text",
                "text": "#f",
                "style": {
                  "code": true
                }
              },
              {
                "type": "text",
                "text": " when the value is a made from a struct without "
              },
              {
                "type": "text",
                "text": "#:transparent",
                "style": {
                  "code": true
                }
              },
              {
                "type": "text",
                "text": " and vice-versa?"
              }
            ]
          }
        ]
      }
    ],
    "thread_ts": "1609627792.208900",
    "reply_count": 4,
    "reply_users_count": 3,
    "latest_reply": "1609645092.216500",
    "reply_users": [
      "U01GH44F3GC",
      "UDUMMY",
      "UDUMMY"
    ],
    "replies": [
      {
        "user": "U01GH44F3GC",
        "ts": "1609629099.213500"
      },
      {
        "user": "UDUMMY",
        "ts": "1609638919.216000"
      },
      {
        "user": "UDUMMY",
        "ts": "1609643245.216300"
      },
      {
        "user": "UDUMMY",
        "ts": "1609645092.216500"
      }
    ],
    "subscribed": false
  },
  {
    "client_msg_id": "26191236-45DC-4714-80E2-BE66A1B934A2",
    "type": "message",
    "text": "Quick example: \n```(struct foo (a))\n(struct? (foo 1))\n(struct bar (a) #:transparent)\n(struct? (bar 1))\n```\nI think it might have to do with inspectors, but I don’t know what those are or why they’re relevant. ",
    "user": "U01GH44F3GC",
    "ts": "1609629099.213500",
    "team": "T06V8J4SU",
    "user_team": "T06V8J4SU",
    "source_team": "T06V8J4SU",
    "user_profile": {
      "avatar_hash": "fa06fa2baaf2",
      "image_72": "https://avatars.slack-edge.com/2020-12-07/1540536372007_fa06fa2baaf25c93bf33_72.jpg",
      "first_name": "D.",
      "real_name": "D. Ben Knoble",
      "display_name": "benknoble",
      "team": "T06V8J4SU",
      "name": "ben.knoble",
      "is_restricted": false,
      "is_ultra_restricted": false
    },
    "edited": {
      "user": "U01GH44F3GC",
      "ts": "1609629154.000000"
    },
    "blocks": [
      {
        "type": "rich_text",
        "block_id": "3ZA",
        "elements": [
          {
            "type": "rich_text_section",
            "elements": [
              {
                "type": "text",
                "text": "Quick example: \n"
              }
            ]
          },
          {
            "type": "rich_text_preformatted",
            "elements": [
              {
                "type": "text",
                "text": "(struct foo (a))\n"
              },
              {
                "type": "text",
                "text": "(struct? (foo 1))\n"
              },
              {
                "type": "text",
                "text": "(struct bar (a) #:transparent)\n"
              },
              {
                "type": "text",
                "text": "(struct? (bar 1))\n"
              }
            ]
          },
          {
            "type": "rich_text_section",
            "elements": [
              {
                "type": "text",
                "text": "\nI think it might have to do with inspectors, but I don’t know what those are or why they’re relevant. "
              }
            ]
          }
        ]
      }
    ],
    "thread_ts": "1609627792.208900",
    "parent_user_id": "U01GH44F3GC"
  }
]
