[
  {
    "client_msg_id": "53e1d04c-1793-4b54-a73a-ac2e4a9d28b2",
    "type": "message",
    "text": "Q about processing a module’s imports: I can get the list of imports with something like\n```(dynamic-require mod #f)\n(module-&gt;imports mod)```\nBut I want to collect symbol forms of the module, so I’m looking at something like\n```(append-map (λ (v)\n         (let-values ([(mp base) (module-path-index-split v)]\n                      [(sub) (module-path-index-submodule v)])\n           (filter identity (list mp base sub))))\n       (append-map cdr (module-&gt;imports mod)))```\nThis seems to mostly give me what I want, although I think the `filter` should really change into a cond to decide what to do when certain things are present. (Only, I don’t really understand when mp and base will both be false.)\n\nMy question is, let’s say there’s a module like\n```;; example.rkt\n#lang racket\n(module sub racket)\n(require 'sub)```\nthen I get the following with my code:\n```'(racket\n  (submod \".\" sub)\n  #&lt;module-path-index='lib-grade[8195]&gt;)```\nThis sort of makes sense (ignore the name `'lib-grade`, pretend it’s `'example` I guess); after some digging, I understand that this came from an index like\n```#&lt;module-path-index:(submod \".\" sub) + 'lib-grade[8195]&gt;```\nNow, let’s say I want to also get the submodule’s requires. Neither of the following works to dynamically require the module, so I’m a bit lost (`module-&gt;imports` won’t work until the module is “declared in the current namespace”, which I thought I could do this way):\n```&gt; s\n#&lt;module-path-index:(submod \".\" sub) + 'lib-grade[8195]&gt;\n&gt; (module-path-index-resolve s)\n#&lt;resolved-module-path:(submod 'lib-grade[8195] sub)&gt;\n&gt; (dynamic-require s #f)\n; instantiate: unknown module\n;   module name: (submod 'lib-grade[8195] sub)\n; [,bt for context]\n&gt; (dynamic-require (module-path-index-resolve s) #f)\n; instantiate: unknown module\n;   module name: (submod 'lib-grade[8195] sub)\n; [,bt for context]```\nThis is all just to process all the requires. (I had started work on a pattern-matching version of this that just examines the `require` and `module` forms, but I’m unsure how to implement `relative-in`, among others, so I’m trying to make this work instead.)",
    "user": "U01GH44F3GC",
    "ts": "1612372641.289400",
    "team": "T06V8J4SU",
    "user_team": "T06V8J4SU",
    "source_team": "T06V8J4SU",
    "user_profile": {
      "avatar_hash": "fa06fa2baaf2",
      "image_72": "https:////avatars.slack-edge.com//2020-12-07//1540536372007_fa06fa2baaf25c93bf33_72.jpg",
      "first_name": "D.",
      "real_name": "D. Ben Knoble",
      "display_name": "benknoble",
      "team": "T06V8J4SU",
      "name": "ben.knoble",
      "is_restricted": false,
      "is_ultra_restricted": false
    },
    "blocks": [
      {
        "type": "rich_text",
        "block_id": "6qEye",
        "elements": [
          {
            "type": "rich_text_section",
            "elements": [
              {
                "type": "text",
                "text": "Q about processing a module’s imports: I can get the list of imports with something like\n"
              }
            ]
          },
          {
            "type": "rich_text_preformatted",
            "elements": [
              {
                "type": "text",
                "text": "(dynamic-require mod #f)\n(module->imports mod)"
              }
            ]
          },
          {
            "type": "rich_text_section",
            "elements": [
              {
                "type": "text",
                "text": "But I want to collect symbol forms of the module, so I’m looking at something like\n"
              }
            ]
          },
          {
            "type": "rich_text_preformatted",
            "elements": [
              {
                "type": "text",
                "text": "(append-map (λ (v)\n         (let-values ([(mp base) (module-path-index-split v)]\n                      [(sub) (module-path-index-submodule v)])\n           (filter identity (list mp base sub))))\n       (append-map cdr (module->imports mod)))"
              }
            ]
          },
          {
            "type": "rich_text_section",
            "elements": [
              {
                "type": "text",
                "text": "This seems to mostly give me what I want, although I think the "
              },
              {
                "type": "text",
                "text": "filter",
                "style": {
                  "code": true
                }
              },
              {
                "type": "text",
                "text": " should really change into a cond to decide what to do when certain things are present. (Only, I don’t really understand when mp and base will both be false.)\n\nMy question is, let’s say there’s a module like\n"
              }
            ]
          },
          {
            "type": "rich_text_preformatted",
            "elements": [
              {
                "type": "text",
                "text": ";; example.rkt\n#lang racket\n(module sub racket)\n(require 'sub)"
              }
            ]
          },
          {
            "type": "rich_text_section",
            "elements": [
              {
                "type": "text",
                "text": "then I get the following with my code:\n"
              }
            ]
          },
          {
            "type": "rich_text_preformatted",
            "elements": [
              {
                "type": "text",
                "text": "'(racket\n  (submod \".\" sub)\n  #<module-path-index='lib-grade[8195]>)"
              }
            ]
          },
          {
            "type": "rich_text_section",
            "elements": [
              {
                "type": "text",
                "text": "This sort of makes sense (ignore the name "
              },
              {
                "type": "text",
                "text": "'lib-grade",
                "style": {
                  "code": true
                }
              },
              {
                "type": "text",
                "text": ", pretend it’s "
              },
              {
                "type": "text",
                "text": "'example",
                "style": {
                  "code": true
                }
              },
              {
                "type": "text",
                "text": " I guess); after some digging, I understand that this came from an index like\n"
              }
            ]
          },
          {
            "type": "rich_text_preformatted",
            "elements": [
              {
                "type": "text",
                "text": "#<module-path-index:(submod \".\" sub) + 'lib-grade[8195]>"
              }
            ]
          },
          {
            "type": "rich_text_section",
            "elements": [
              {
                "type": "text",
                "text": "\nNow, let’s say I want to also get the submodule’s requires. Neither of the following works to dynamically require the module, so I’m a bit lost ("
              },
              {
                "type": "text",
                "text": "module->imports",
                "style": {
                  "code": true
                }
              },
              {
                "type": "text",
                "text": " won’t work until the module is “declared in the current namespace”, which I thought I could do this way):\n"
              }
            ]
          },
          {
            "type": "rich_text_preformatted",
            "elements": [
              {
                "type": "text",
                "text": "> s\n#<module-path-index:(submod \".\" sub) + 'lib-grade[8195]>\n> (module-path-index-resolve s)\n#<resolved-module-path:(submod 'lib-grade[8195] sub)>\n> (dynamic-require s #f)\n; instantiate: unknown module\n;   module name: (submod 'lib-grade[8195] sub)\n; [,bt for context]\n> (dynamic-require (module-path-index-resolve s) #f)\n; instantiate: unknown module\n;   module name: (submod 'lib-grade[8195] sub)\n; [,bt for context]"
              }
            ]
          },
          {
            "type": "rich_text_section",
            "elements": [
              {
                "type": "text",
                "text": "This is all just to process all the requires. (I had started work on a pattern-matching version of this that just examines the "
              },
              {
                "type": "text",
                "text": "require",
                "style": {
                  "code": true
                }
              },
              {
                "type": "text",
                "text": " and "
              },
              {
                "type": "text",
                "text": "module",
                "style": {
                  "code": true
                }
              },
              {
                "type": "text",
                "text": " forms, but I’m unsure how to implement "
              },
              {
                "type": "text",
                "text": "relative-in",
                "style": {
                  "code": true
                }
              },
              {
                "type": "text",
                "text": ", among others, so I’m trying to make this work instead.)"
              }
            ]
          }
        ]
      }
    ],
    "thread_ts": "1612372641.289400",
    "reply_count": 14,
    "reply_users_count": 2,
    "latest_reply": "1612455632.385700",
    "reply_users": [
      "U01GH44F3GC",
      "UDUMMY"
    ],
    "replies": [
      {
        "user": "U01GH44F3GC",
        "ts": "1612372847.289500"
      },
      {
        "user": "UDUMMY",
        "ts": "1612374959.290100"
      },
      {
        "user": "U01GH44F3GC",
        "ts": "1612375360.290400"
      },
      {
        "user": "UDUMMY",
        "ts": "1612377796.290600"
      },
      {
        "user": "U01GH44F3GC",
        "ts": "1612447949.378500"
      },
      {
        "user": "U01GH44F3GC",
        "ts": "1612448433.379400"
      },
      {
        "user": "UDUMMY",
        "ts": "1612453798.379600"
      },
      {
        "user": "UDUMMY",
        "ts": "1612453901.379800"
      },
      {
        "user": "U01GH44F3GC",
        "ts": "1612454493.382700"
      },
      {
        "user": "UDUMMY",
        "ts": "1612454602.382900"
      },
      {
        "user": "UDUMMY",
        "ts": "1612454658.383100"
      },
      {
        "user": "UDUMMY",
        "ts": "1612454901.383300"
      },
      {
        "user": "U01GH44F3GC",
        "ts": "1612455017.383500"
      },
      {
        "user": "UDUMMY",
        "ts": "1612455632.385700"
      }
    ],
    "subscribed": false
  },
  {
    "client_msg_id": "171a54f0-0f1d-4eca-92a5-320074de1982",
    "type": "message",
    "text": "Interestingly, when I add a `(require \"foo.rkt\")` to the module, and then run my code, I also get something like `#&lt;module-path-index:\"foo.rkt\" + 'lib-grade[8195]&gt;`, which I can `module-&gt;imports` on with no problem.",
    "user": "U01GH44F3GC",
    "ts": "1612372847.289500",
    "team": "T06V8J4SU",
    "user_team": "T06V8J4SU",
    "source_team": "T06V8J4SU",
    "user_profile": {
      "avatar_hash": "fa06fa2baaf2",
      "image_72": "https:////avatars.slack-edge.com//2020-12-07//1540536372007_fa06fa2baaf25c93bf33_72.jpg",
      "first_name": "D.",
      "real_name": "D. Ben Knoble",
      "display_name": "benknoble",
      "team": "T06V8J4SU",
      "name": "ben.knoble",
      "is_restricted": false,
      "is_ultra_restricted": false
    },
    "blocks": [
      {
        "type": "rich_text",
        "block_id": "Rqd",
        "elements": [
          {
            "type": "rich_text_section",
            "elements": [
              {
                "type": "text",
                "text": "Interestingly, when I add a "
              },
              {
                "type": "text",
                "text": "(require \"foo.rkt\")",
                "style": {
                  "code": true
                }
              },
              {
                "type": "text",
                "text": " to the module, and then run my code, I also get something like "
              },
              {
                "type": "text",
                "text": "#<module-path-index:\"foo.rkt\" + 'lib-grade[8195]>",
                "style": {
                  "code": true
                }
              },
              {
                "type": "text",
                "text": ", which I can "
              },
              {
                "type": "text",
                "text": "module->imports",
                "style": {
                  "code": true
                }
              },
              {
                "type": "text",
                "text": " on with no problem."
              }
            ]
          }
        ]
      }
    ],
    "thread_ts": "1612372641.289400",
    "parent_user_id": "U01GH44F3GC"
  },
  {
    "client_msg_id": "9c78970a-8df5-4ae9-8484-75caf4e9709e",
    "type": "message",
    "text": "Yes and no; the dynamic-require goes through, but `module-&gt;imports` gives the same list as for example.rkt :disappointed:",
    "user": "U01GH44F3GC",
    "ts": "1612375360.290400",
    "team": "T06V8J4SU",
    "user_team": "T06V8J4SU",
    "source_team": "T06V8J4SU",
    "user_profile": {
      "avatar_hash": "fa06fa2baaf2",
      "image_72": "https:////avatars.slack-edge.com//2020-12-07//1540536372007_fa06fa2baaf25c93bf33_72.jpg",
      "first_name": "D.",
      "real_name": "D. Ben Knoble",
      "display_name": "benknoble",
      "team": "T06V8J4SU",
      "name": "ben.knoble",
      "is_restricted": false,
      "is_ultra_restricted": false
    },
    "blocks": [
      {
        "type": "rich_text",
        "block_id": "l6S4",
        "elements": [
          {
            "type": "rich_text_section",
            "elements": [
              {
                "type": "text",
                "text": "Yes and no; the dynamic-require goes through, but "
              },
              {
                "type": "text",
                "text": "module->imports",
                "style": {
                  "code": true
                }
              },
              {
                "type": "text",
                "text": " gives the same list as for example.rkt "
              },
              {
                "type": "emoji",
                "name": "disappointed"
              }
            ]
          }
        ]
      }
    ],
    "thread_ts": "1612372641.289400",
    "parent_user_id": "U01GH44F3GC"
  }
]
