[
  {
    "client_msg_id": "02b19dd6-5fae-4d73-b9e3-46207daf9f7c",
    "type": "message",
    "text": "Let’s say I’ve got a (python, in this case) template like this:\n```(parameterize ([sandbox-output 'string])\n  (let* ([code '(begin\n                  ${code} ; newline here in case code ends in a line comment\n         )]\n         [e (make-evaluator 'racket code)])\n    body...))```\nwhere I’m going to put student code in the `${code}` position, and it comes from a web-request.\n\nIs there a way to make sure that `${code}` is syntactically valid on its own, or otherwise sanitize it? I’m in Python, and have `code` as a string, but I can shell out to racket or whatever.\n\nSimple injection attack: `code=')] [injection (displayln \"hello\")] [dummy (list'` . More elaborate escapes are probably possible with enough closing delimiters, code, and either open delimiters or `#;(` forms.",
    "user": "U01GH44F3GC",
    "ts": "1612969110.121800",
    "team": "T06V8J4SU",
    "user_team": "T06V8J4SU",
    "source_team": "T06V8J4SU",
    "user_profile": {
      "avatar_hash": "fa06fa2baaf2",
      "image_72": "https:\/\/avatars.slack-edge.com\/2020-12-07\/1540536372007_fa06fa2baaf25c93bf33_72.jpg",
      "first_name": "D.",
      "real_name": "D. Ben Knoble",
      "display_name": "benknoble",
      "team": "T06V8J4SU",
      "name": "ben.knoble",
      "is_restricted": false,
      "is_ultra_restricted": false
    },
    "blocks": [
      {
        "type": "rich_text",
        "block_id": "CdA",
        "elements": [
          {
            "type": "rich_text_section",
            "elements": [
              {
                "type": "text",
                "text": "Let’s say I’ve got a (python, in this case) template like this:\n"
              }
            ]
          },
          {
            "type": "rich_text_preformatted",
            "elements": [
              {
                "type": "text",
                "text": "(parameterize ([sandbox-output 'string])\n  (let* ([code '(begin\n                  ${code} ; newline here in case code ends in a line comment\n         )]\n         [e (make-evaluator 'racket code)])\n    body...))"
              }
            ]
          },
          {
            "type": "rich_text_section",
            "elements": [
              {
                "type": "text",
                "text": "where I’m going to put student code in the "
              },
              {
                "type": "text",
                "text": "${code}",
                "style": {
                  "code": true
                }
              },
              {
                "type": "text",
                "text": " position, and it comes from a web-request.\n\nIs there a way to make sure that "
              },
              {
                "type": "text",
                "text": "${code}",
                "style": {
                  "code": true
                }
              },
              {
                "type": "text",
                "text": " is syntactically valid on its own, or otherwise sanitize it? I’m in Python, and have "
              },
              {
                "type": "text",
                "text": "code",
                "style": {
                  "code": true
                }
              },
              {
                "type": "text",
                "text": " as a string, but I can shell out to racket or whatever.\n\nSimple injection attack: "
              },
              {
                "type": "text",
                "text": "code=')] [injection (displayln \"hello\")] [dummy (list'",
                "style": {
                  "code": true
                }
              },
              {
                "type": "text",
                "text": " . More elaborate escapes are probably possible with enough closing delimiters, code, and either open delimiters or "
              },
              {
                "type": "text",
                "text": "#;(",
                "style": {
                  "code": true
                }
              },
              {
                "type": "text",
                "text": " forms."
              }
            ]
          }
        ]
      }
    ]
  },
  {
    "client_msg_id": "ca2172e9-1b69-4351-aea5-c7d8216aa51c",
    "type": "message",
    "text": "Yeah, student code is a python string; I’m building code to run in a subprocess (basically a sandbox for the student code, with some unittests).\n\nAre you thinking something like `(read '${code})` ? That might well  work.",
    "user": "U01GH44F3GC",
    "ts": "1612969599.125200",
    "team": "T06V8J4SU",
    "user_team": "T06V8J4SU",
    "source_team": "T06V8J4SU",
    "user_profile": {
      "avatar_hash": "fa06fa2baaf2",
      "image_72": "https:\/\/avatars.slack-edge.com\/2020-12-07\/1540536372007_fa06fa2baaf25c93bf33_72.jpg",
      "first_name": "D.",
      "real_name": "D. Ben Knoble",
      "display_name": "benknoble",
      "team": "T06V8J4SU",
      "name": "ben.knoble",
      "is_restricted": false,
      "is_ultra_restricted": false
    },
    "blocks": [
      {
        "type": "rich_text",
        "block_id": "Vlz5",
        "elements": [
          {
            "type": "rich_text_section",
            "elements": [
              {
                "type": "text",
                "text": "Yeah, student code is a python string; I’m building code to run in a subprocess (basically a sandbox for the student code, with some unittests).\n\nAre you thinking something like "
              },
              {
                "type": "text",
                "text": "(read '${code})",
                "style": {
                  "code": true
                }
              },
              {
                "type": "text",
                "text": " ? That might well  work."
              }
            ]
          }
        ]
      }
    ]
  },
  {
    "client_msg_id": "1cf2d348-3550-4ef8-b01e-c7fac7f0ca79",
    "type": "message",
    "text": "No, student code is racket, but the program is python executing racket. Confusing, I know. I’m realizing that might suffer from the same issue; I could theoretically set `code='end string\" (exit 0) \"'` and then `(with-input-from-string \"${code}\" (read))` would become `(with-input-from-string \"end string\" (exit 0) \"\" (read))`… maybe I can escape quotes, though, and that’s a simpler problem.",
    "user": "U01GH44F3GC",
    "ts": "1612969954.129900",
    "team": "T06V8J4SU",
    "user_team": "T06V8J4SU",
    "source_team": "T06V8J4SU",
    "user_profile": {
      "avatar_hash": "fa06fa2baaf2",
      "image_72": "https:\/\/avatars.slack-edge.com\/2020-12-07\/1540536372007_fa06fa2baaf25c93bf33_72.jpg",
      "first_name": "D.",
      "real_name": "D. Ben Knoble",
      "display_name": "benknoble",
      "team": "T06V8J4SU",
      "name": "ben.knoble",
      "is_restricted": false,
      "is_ultra_restricted": false
    },
    "blocks": [
      {
        "type": "rich_text",
        "block_id": "tUjmn",
        "elements": [
          {
            "type": "rich_text_section",
            "elements": [
              {
                "type": "text",
                "text": "No, student code is racket, but the program is python executing racket. Confusing, I know. I’m realizing that might suffer from the same issue; I could theoretically set "
              },
              {
                "type": "text",
                "text": "code='end string\" (exit 0) \"'",
                "style": {
                  "code": true
                }
              },
              {
                "type": "text",
                "text": " and then "
              },
              {
                "type": "text",
                "text": "(with-input-from-string \"${code}\" (read))",
                "style": {
                  "code": true
                }
              },
              {
                "type": "text",
                "text": " would become "
              },
              {
                "type": "text",
                "text": "(with-input-from-string \"end string\" (exit 0) \"\" (read))",
                "style": {
                  "code": true
                }
              },
              {
                "type": "text",
                "text": "… maybe I can escape quotes, though, and that’s a simpler problem."
              }
            ]
          }
        ]
      }
    ]
  },
  {
    "client_msg_id": "ffa472ad-f8fe-43b2-86f5-7b2e3913f7c1",
    "type": "message",
    "text": "Yeah so recap on context: I’m building a string of racket code in python. How to safely inject student code?",
    "user": "U01GH44F3GC",
    "ts": "1612969990.130700",
    "team": "T06V8J4SU",
    "user_team": "T06V8J4SU",
    "source_team": "T06V8J4SU",
    "user_profile": {
      "avatar_hash": "fa06fa2baaf2",
      "image_72": "https:\/\/avatars.slack-edge.com\/2020-12-07\/1540536372007_fa06fa2baaf25c93bf33_72.jpg",
      "first_name": "D.",
      "real_name": "D. Ben Knoble",
      "display_name": "benknoble",
      "team": "T06V8J4SU",
      "name": "ben.knoble",
      "is_restricted": false,
      "is_ultra_restricted": false
    },
    "blocks": [
      {
        "type": "rich_text",
        "block_id": "gy+t",
        "elements": [
          {
            "type": "rich_text_section",
            "elements": [
              {
                "type": "text",
                "text": "Yeah so recap on context: I’m building a string of racket code in python. How to safely inject student code?"
              }
            ]
          }
        ]
      }
    ]
  },
  {
    "client_msg_id": "a0ab5da1-49ce-4f70-b92e-0d0290c9c1a7",
    "type": "message",
    "text": "Ooh here-string is clever. It’s all literal til the delimiter, right? As long as the students never figure out the delimiter…",
    "user": "U01GH44F3GC",
    "ts": "1612970018.131400",
    "team": "T06V8J4SU",
    "user_team": "T06V8J4SU",
    "source_team": "T06V8J4SU",
    "user_profile": {
      "avatar_hash": "fa06fa2baaf2",
      "image_72": "https:\/\/avatars.slack-edge.com\/2020-12-07\/1540536372007_fa06fa2baaf25c93bf33_72.jpg",
      "first_name": "D.",
      "real_name": "D. Ben Knoble",
      "display_name": "benknoble",
      "team": "T06V8J4SU",
      "name": "ben.knoble",
      "is_restricted": false,
      "is_ultra_restricted": false
    },
    "blocks": [
      {
        "type": "rich_text",
        "block_id": "lUW5",
        "elements": [
          {
            "type": "rich_text_section",
            "elements": [
              {
                "type": "text",
                "text": "Ooh here-string is clever. It’s all literal til the delimiter, right? As long as the students never figure out the delimiter…"
              }
            ]
          }
        ]
      }
    ]
  },
  {
    "client_msg_id": "6da6ae1b-918f-4726-8f0f-7094643fbea6",
    "type": "message",
    "text": "Or I add spaces to the front of each line; then the delimiter (even if present) is not able to end the here-string, right?",
    "user": "U01GH44F3GC",
    "ts": "1612970062.132300",
    "team": "T06V8J4SU",
    "user_team": "T06V8J4SU",
    "source_team": "T06V8J4SU",
    "user_profile": {
      "avatar_hash": "fa06fa2baaf2",
      "image_72": "https:\/\/avatars.slack-edge.com\/2020-12-07\/1540536372007_fa06fa2baaf25c93bf33_72.jpg",
      "first_name": "D.",
      "real_name": "D. Ben Knoble",
      "display_name": "benknoble",
      "team": "T06V8J4SU",
      "name": "ben.knoble",
      "is_restricted": false,
      "is_ultra_restricted": false
    },
    "blocks": [
      {
        "type": "rich_text",
        "block_id": "FSDp",
        "elements": [
          {
            "type": "rich_text_section",
            "elements": [
              {
                "type": "text",
                "text": "Or I add spaces to the front of each line; then the delimiter (even if present) is not able to end the here-string, right?"
              }
            ]
          }
        ]
      }
    ]
  },
  {
    "client_msg_id": "08711b4d-8d90-4f48-bd2a-a14671009a88",
    "type": "message",
    "text": "thanks folks, this gives me some things to try. will report back",
    "user": "U01GH44F3GC",
    "ts": "1612970184.133800",
    "team": "T06V8J4SU",
    "user_team": "T06V8J4SU",
    "source_team": "T06V8J4SU",
    "user_profile": {
      "avatar_hash": "fa06fa2baaf2",
      "image_72": "https:\/\/avatars.slack-edge.com\/2020-12-07\/1540536372007_fa06fa2baaf25c93bf33_72.jpg",
      "first_name": "D.",
      "real_name": "D. Ben Knoble",
      "display_name": "benknoble",
      "team": "T06V8J4SU",
      "name": "ben.knoble",
      "is_restricted": false,
      "is_ultra_restricted": false
    },
    "blocks": [
      {
        "type": "rich_text",
        "block_id": "F6q",
        "elements": [
          {
            "type": "rich_text_section",
            "elements": [
              {
                "type": "text",
                "text": "thanks folks, this gives me some things to try. will report back"
              }
            ]
          }
        ]
      }
    ]
  },
  {
    "client_msg_id": "767d3f8c-7f0f-4787-a098-a0e6a99c4810",
    "type": "message",
    "text": "I thought about using a file, but I wasn’t entirely sure how to glue the pieces together. I can’t just pass it directly to `make-evaluator` because we also want code as quoted-data, e.g., to check that code calls a certain function :disappointed:",
    "user": "U01GH44F3GC",
    "ts": "1612971898.139600",
    "team": "T06V8J4SU",
    "user_team": "T06V8J4SU",
    "source_team": "T06V8J4SU",
    "user_profile": {
      "avatar_hash": "fa06fa2baaf2",
      "image_72": "https:\/\/avatars.slack-edge.com\/2020-12-07\/1540536372007_fa06fa2baaf25c93bf33_72.jpg",
      "first_name": "D.",
      "real_name": "D. Ben Knoble",
      "display_name": "benknoble",
      "team": "T06V8J4SU",
      "name": "ben.knoble",
      "is_restricted": false,
      "is_ultra_restricted": false
    },
    "blocks": [
      {
        "type": "rich_text",
        "block_id": "YbPk",
        "elements": [
          {
            "type": "rich_text_section",
            "elements": [
              {
                "type": "text",
                "text": "I thought about using a file, but I wasn’t entirely sure how to glue the pieces together. I can’t just pass it directly to "
              },
              {
                "type": "text",
                "text": "make-evaluator",
                "style": {
                  "code": true
                }
              },
              {
                "type": "text",
                "text": " because we also want code as quoted-data, e.g., to check that code calls a certain function "
              },
              {
                "type": "emoji",
                "name": "disappointed"
              }
            ]
          }
        ]
      }
    ]
  },
  {
    "client_msg_id": "e7235292-3e38-4387-a00c-b2f726931b94",
    "type": "message",
    "text": "The here-string so far seems to be fine. The previous syntax I showed for an injection doesn’t work inside the here-string. Breaking out of the here-string early means the regular racket reader catches it. As long as I prevent closing the here-string early, you can’t get out and do something like\n```'valid\nDELIMITER\n(exit 0) #&lt;&lt;DELIMITER\n'more-valid```\nand cause an early exit. And I think this is feasible by inserting spaces after all newlines.",
    "user": "U01GH44F3GC",
    "ts": "1612972465.142300",
    "team": "T06V8J4SU",
    "user_team": "T06V8J4SU",
    "source_team": "T06V8J4SU",
    "user_profile": {
      "avatar_hash": "fa06fa2baaf2",
      "image_72": "https:\/\/avatars.slack-edge.com\/2020-12-07\/1540536372007_fa06fa2baaf25c93bf33_72.jpg",
      "first_name": "D.",
      "real_name": "D. Ben Knoble",
      "display_name": "benknoble",
      "team": "T06V8J4SU",
      "name": "ben.knoble",
      "is_restricted": false,
      "is_ultra_restricted": false
    },
    "blocks": [
      {
        "type": "rich_text",
        "block_id": "o84",
        "elements": [
          {
            "type": "rich_text_section",
            "elements": [
              {
                "type": "text",
                "text": "The here-string so far seems to be fine. The previous syntax I showed for an injection doesn’t work inside the here-string. Breaking out of the here-string early means the regular racket reader catches it. As long as I prevent closing the here-string early, you can’t get out and do something like\n"
              }
            ]
          },
          {
            "type": "rich_text_preformatted",
            "elements": [
              {
                "type": "text",
                "text": "'valid\nDELIMITER\n(exit 0) #<<DELIMITER\n'more-valid"
              }
            ]
          },
          {
            "type": "rich_text_section",
            "elements": [
              {
                "type": "text",
                "text": "and cause an early exit. And I think this is feasible by inserting spaces after all newlines."
              }
            ]
          }
        ]
      }
    ]
  }
]
