[
  {
    "client_msg_id": "4fe8f0fa-a585-4a71-aa54-49015be10826",
    "type": "message",
    "text": "For a Mac without launchers (I use Alfred, but many users have no idea these things exist!), I would probably try Finder &gt; search &gt; <http:////DrRacket.app|DrRacket.app> or Launchpad &gt; Find <http:////DrRacket.app|DrRacket.app> &gt; launch",
    "user": "U01GH44F3GC",
    "ts": "1614714599.339400",
    "team": "T06V8J4SU",
    "user_team": "T06V8J4SU",
    "source_team": "T06V8J4SU",
    "user_profile": {
      "avatar_hash": "fa06fa2baaf2",
      "image_72": "https:////avatars.slack-edge.com//2020-12-07//1540536372007_fa06fa2baaf25c93bf33_72.jpg",
      "first_name": "D.",
      "real_name": "D. Ben Knoble",
      "display_name": "benknoble",
      "team": "T06V8J4SU",
      "name": "ben.knoble",
      "is_restricted": false,
      "is_ultra_restricted": false
    },
    "blocks": [
      {
        "type": "rich_text",
        "block_id": "YAoY",
        "elements": [
          {
            "type": "rich_text_section",
            "elements": [
              {
                "type": "text",
                "text": "For a Mac without launchers (I use Alfred, but many users have no idea these things exist!), I would probably try Finder > search > DrRacket.app or Launchpad > Find DrRacket.app > launch"
              }
            ]
          }
        ]
      }
    ],
    "thread_ts": "1614691025.322200",
    "parent_user_id": "UDUMMY",
    "reactions": [
      {
        "name": "+1",
        "users": [
          "UDUMMY"
        ],
        "count": 1
      }
    ]
  },
  {
    "client_msg_id": "72e93eb2-bb8f-40f0-8a49-aaa25150a60e",
    "type": "message",
    "text": "yeah; most graphical users would probably try launchpad//finder _if_ they don’t use spotlight. Funny in the “sigh, how ironic” kind of way :wink:",
    "user": "U01GH44F3GC",
    "ts": "1614714725.340300",
    "team": "T06V8J4SU",
    "user_team": "T06V8J4SU",
    "source_team": "T06V8J4SU",
    "user_profile": {
      "avatar_hash": "fa06fa2baaf2",
      "image_72": "https:////avatars.slack-edge.com//2020-12-07//1540536372007_fa06fa2baaf25c93bf33_72.jpg",
      "first_name": "D.",
      "real_name": "D. Ben Knoble",
      "display_name": "benknoble",
      "team": "T06V8J4SU",
      "name": "ben.knoble",
      "is_restricted": false,
      "is_ultra_restricted": false
    },
    "blocks": [
      {
        "type": "rich_text",
        "block_id": "oFG",
        "elements": [
          {
            "type": "rich_text_section",
            "elements": [
              {
                "type": "text",
                "text": "yeah; most graphical users would probably try launchpad//finder "
              },
              {
                "type": "text",
                "text": "if",
                "style": {
                  "italic": true
                }
              },
              {
                "type": "text",
                "text": " they don’t use spotlight. Funny in the “sigh, how ironic” kind of way "
              },
              {
                "type": "emoji",
                "name": "wink"
              }
            ]
          }
        ]
      }
    ],
    "thread_ts": "1614691025.322200",
    "parent_user_id": "UDUMMY"
  },
  {
    "client_msg_id": "51d3ef9f-3e7f-435a-9f2a-a590d327b2cc",
    "type": "message",
    "text": "no spotlight is builtin (default Cmd+space)",
    "user": "U01GH44F3GC",
    "ts": "1614714738.340700",
    "team": "T06V8J4SU",
    "user_team": "T06V8J4SU",
    "source_team": "T06V8J4SU",
    "user_profile": {
      "avatar_hash": "fa06fa2baaf2",
      "image_72": "https:////avatars.slack-edge.com//2020-12-07//1540536372007_fa06fa2baaf25c93bf33_72.jpg",
      "first_name": "D.",
      "real_name": "D. Ben Knoble",
      "display_name": "benknoble",
      "team": "T06V8J4SU",
      "name": "ben.knoble",
      "is_restricted": false,
      "is_ultra_restricted": false
    },
    "blocks": [
      {
        "type": "rich_text",
        "block_id": "2MLV3",
        "elements": [
          {
            "type": "rich_text_section",
            "elements": [
              {
                "type": "text",
                "text": "no spotlight is builtin (default Cmd+space)"
              }
            ]
          }
        ]
      }
    ],
    "thread_ts": "1614691025.322200",
    "parent_user_id": "UDUMMY"
  },
  {
    "client_msg_id": "5706dbd5-6b80-44ce-a6e9-b75ddf453050",
    "type": "message",
    "text": "but half my Mac-using friends don’t use it//know it exists?",
    "user": "U01GH44F3GC",
    "ts": "1614714752.340900",
    "team": "T06V8J4SU",
    "user_team": "T06V8J4SU",
    "source_team": "T06V8J4SU",
    "user_profile": {
      "avatar_hash": "fa06fa2baaf2",
      "image_72": "https:////avatars.slack-edge.com//2020-12-07//1540536372007_fa06fa2baaf25c93bf33_72.jpg",
      "first_name": "D.",
      "real_name": "D. Ben Knoble",
      "display_name": "benknoble",
      "team": "T06V8J4SU",
      "name": "ben.knoble",
      "is_restricted": false,
      "is_ultra_restricted": false
    },
    "blocks": [
      {
        "type": "rich_text",
        "block_id": "umC",
        "elements": [
          {
            "type": "rich_text_section",
            "elements": [
              {
                "type": "text",
                "text": "but half my Mac-using friends don’t use it//know it exists?"
              }
            ]
          }
        ]
      }
    ],
    "thread_ts": "1614691025.322200",
    "parent_user_id": "UDUMMY"
  },
  {
    "client_msg_id": "7987bc32-183c-455c-973b-c8f78ffb5a5d",
    "type": "message",
    "text": "FWIW, the path on my mac is `//Applications//Racket v7.9//DrRacket.app` for 7.9; I assume 8.0 is similar",
    "user": "U01GH44F3GC",
    "ts": "1614714842.341500",
    "team": "T06V8J4SU",
    "user_team": "T06V8J4SU",
    "source_team": "T06V8J4SU",
    "user_profile": {
      "avatar_hash": "fa06fa2baaf2",
      "image_72": "https:////avatars.slack-edge.com//2020-12-07//1540536372007_fa06fa2baaf25c93bf33_72.jpg",
      "first_name": "D.",
      "real_name": "D. Ben Knoble",
      "display_name": "benknoble",
      "team": "T06V8J4SU",
      "name": "ben.knoble",
      "is_restricted": false,
      "is_ultra_restricted": false
    },
    "blocks": [
      {
        "type": "rich_text",
        "block_id": "e54Sl",
        "elements": [
          {
            "type": "rich_text_section",
            "elements": [
              {
                "type": "text",
                "text": "FWIW, the path on my mac is "
              },
              {
                "type": "text",
                "text": "//Applications//Racket v7.9//DrRacket.app",
                "style": {
                  "code": true
                }
              },
              {
                "type": "text",
                "text": " for 7.9; I assume 8.0 is similar"
              }
            ]
          }
        ]
      }
    ],
    "thread_ts": "1614691025.322200",
    "parent_user_id": "UDUMMY"
  },
  {
    "client_msg_id": "8d23c2a3-1027-4f6f-ab44-f7a182ab2a55",
    "type": "message",
    "text": "works for me; I like <@UDUMMY>’s suggestion too",
    "user": "U01GH44F3GC",
    "ts": "1614714982.342300",
    "team": "T06V8J4SU",
    "user_team": "T06V8J4SU",
    "source_team": "T06V8J4SU",
    "user_profile": {
      "avatar_hash": "fa06fa2baaf2",
      "image_72": "https:////avatars.slack-edge.com//2020-12-07//1540536372007_fa06fa2baaf25c93bf33_72.jpg",
      "first_name": "D.",
      "real_name": "D. Ben Knoble",
      "display_name": "benknoble",
      "team": "T06V8J4SU",
      "name": "ben.knoble",
      "is_restricted": false,
      "is_ultra_restricted": false
    },
    "blocks": [
      {
        "type": "rich_text",
        "block_id": "0Sj",
        "elements": [
          {
            "type": "rich_text_section",
            "elements": [
              {
                "type": "text",
                "text": "works for me; I like "
              },
              {
                "type": "user",
                "user_id": "UDUMMY"
              },
              {
                "type": "text",
                "text": "’s suggestion too"
              }
            ]
          }
        ]
      }
    ],
    "thread_ts": "1614691025.322200",
    "parent_user_id": "UDUMMY"
  },
  {
    "client_msg_id": "42695dab-7814-49da-a9c8-a0970eb24d9e",
    "type": "message",
    "text": "with the caveat that I can’t remember if choosing non-standard install locations messes with that (:sweat_smile: )",
    "user": "U01GH44F3GC",
    "ts": "1614715053.343200",
    "team": "T06V8J4SU",
    "user_team": "T06V8J4SU",
    "source_team": "T06V8J4SU",
    "user_profile": {
      "avatar_hash": "fa06fa2baaf2",
      "image_72": "https:////avatars.slack-edge.com//2020-12-07//1540536372007_fa06fa2baaf25c93bf33_72.jpg",
      "first_name": "D.",
      "real_name": "D. Ben Knoble",
      "display_name": "benknoble",
      "team": "T06V8J4SU",
      "name": "ben.knoble",
      "is_restricted": false,
      "is_ultra_restricted": false
    },
    "blocks": [
      {
        "type": "rich_text",
        "block_id": "t+2m",
        "elements": [
          {
            "type": "rich_text_section",
            "elements": [
              {
                "type": "text",
                "text": "with the caveat that I can’t remember if choosing non-standard install locations messes with that ("
              },
              {
                "type": "emoji",
                "name": "sweat_smile"
              },
              {
                "type": "text",
                "text": " )"
              }
            ]
          }
        ]
      }
    ],
    "thread_ts": "1614691025.322200",
    "parent_user_id": "UDUMMY"
  },
  {
    "client_msg_id": "af10533f-2fa6-4429-947e-a6759b7ea4c2",
    "type": "message",
    "text": "hah, I’m a regular brew user and even _I_ used the standard distribution download :laughing:",
    "user": "U01GH44F3GC",
    "ts": "1614716157.357100",
    "team": "T06V8J4SU",
    "user_team": "T06V8J4SU",
    "source_team": "T06V8J4SU",
    "user_profile": {
      "avatar_hash": "fa06fa2baaf2",
      "image_72": "https:////avatars.slack-edge.com//2020-12-07//1540536372007_fa06fa2baaf25c93bf33_72.jpg",
      "first_name": "D.",
      "real_name": "D. Ben Knoble",
      "display_name": "benknoble",
      "team": "T06V8J4SU",
      "name": "ben.knoble",
      "is_restricted": false,
      "is_ultra_restricted": false
    },
    "blocks": [
      {
        "type": "rich_text",
        "block_id": "uDBN",
        "elements": [
          {
            "type": "rich_text_section",
            "elements": [
              {
                "type": "text",
                "text": "hah, I’m a regular brew user and even "
              },
              {
                "type": "text",
                "text": "I",
                "style": {
                  "italic": true
                }
              },
              {
                "type": "text",
                "text": " used the standard distribution download "
              },
              {
                "type": "emoji",
                "name": "laughing"
              }
            ]
          }
        ]
      }
    ],
    "thread_ts": "1614691025.322200",
    "parent_user_id": "UDUMMY"
  }
]
