[
  {
    "client_msg_id": "c1287ebd-841c-4658-b72d-5fdf8dd5b853",
    "type": "message",
    "text": "I was curious about possible issues with the `EOL*`’s colliding, but I imagine your long files don’t have lots of blank lines? And a short file with many blank lines is still fast?",
    "user": "U01GH44F3GC",
    "ts": "1610386700.480000",
    "team": "T06V8J4SU",
    "user_team": "T06V8J4SU",
    "source_team": "T06V8J4SU",
    "user_profile": {
      "avatar_hash": "fa06fa2baaf2",
      "image_72": "https:////avatars.slack-edge.com//2020-12-07//1540536372007_fa06fa2baaf25c93bf33_72.jpg",
      "first_name": "D.",
      "real_name": "D. Ben Knoble",
      "display_name": "benknoble",
      "team": "T06V8J4SU",
      "name": "ben.knoble",
      "is_restricted": false,
      "is_ultra_restricted": false
    },
    "blocks": [
      {
        "type": "rich_text",
        "block_id": "0XLdW",
        "elements": [
          {
            "type": "rich_text_section",
            "elements": [
              {
                "type": "text",
                "text": "I was curious about possible issues with the "
              },
              {
                "type": "text",
                "text": "EOL*",
                "style": {
                  "code": true
                }
              },
              {
                "type": "text",
                "text": "’s colliding, but I imagine your long files don’t have lots of blank lines? And a short file with many blank lines is still fast?"
              }
            ]
          }
        ]
      }
    ],
    "thread_ts": "1610382092.474200",
    "parent_user_id": "UDUMMY"
  }
]
