[
  {
    "client_msg_id": "9d911b8c-b706-48ff-b358-d5a0fd0d1193",
    "type": "message",
    "text": "Well, I managed to get it working by having `define` only available at the top-level, and pulling it’s evaluation farther up the eval tree than normal. No recursion (we don’t have even conditionals), so all the stuff about closures and stuff is sort of moot.\n\nIn spite of that, the following program works in my implementation (yay Church!)\n```define Z\n  lambda (f)\n    let (A lambda (x) (f lambda (v) ((x x) v)))\n      (A A)\n\ndefine czero lambda (f) lambda (x) x\ndefine cone lambda (f) lambda (x) (f x)\n\ndefine csucc lambda (n) lambda (f) lambda (x) (f ((n f) x))\ndefine cplus lambda (m) lambda (n) lambda (f) lambda (x) ((m f) ((n f) x))\ndefine cpred lambda (n) lambda (f) lambda (x) (((n lambda (g) lambda (h) (h (g f))) lambda (u) x) lambda (u) u)\ndefine cmult lambda (m) lambda (n) lambda (f) (m (n f))\n\ndefine c-to-nat\n  lambda (n)\n    ((n lambda (n) (+ n 1)) 0)\n\ndefine ctrue lambda (a) lambda (b) a\ndefine cfalse lambda (a) lambda (b) b\n\ndefine c-to-bool\n  lambda (b)\n    ((b (= 1 1)) (= 0 1))\n\ndefine czero? lambda (n) ((n lambda (x) cfalse) ctrue)\n\ndefine cif lambda (p) lambda (a) lambda (b) ((p a) b)\n\ndefine !-prime\n  lambda (f)\n    lambda (n)\n      ((((cif (czero? n))\n         lambda (x) cone)\n        lambda (x) ((cmult n) (f (cpred n))))\n       ;; this last just forces the thunk returned by cif\n       ;; eta-expansion required because otherwise all arguments are fully\n       ;; evaluated\n       czero)\n\ndefine ! (Z !-prime)\ndefine c7 (csucc (csucc (csucc (csucc (csucc (csucc cone))))))\n\n(c-to-nat (! c7))```",
    "user": "U01GH44F3GC",
    "ts": "1614877152.463100",
    "team": "T06V8J4SU",
    "user_team": "T06V8J4SU",
    "source_team": "T06V8J4SU",
    "user_profile": {
      "avatar_hash": "fa06fa2baaf2",
      "image_72": "https://avatars.slack-edge.com/2020-12-07/1540536372007_fa06fa2baaf25c93bf33_72.jpg",
      "first_name": "D.",
      "real_name": "D. Ben Knoble",
      "display_name": "benknoble",
      "team": "T06V8J4SU",
      "name": "ben.knoble",
      "is_restricted": false,
      "is_ultra_restricted": false
    },
    "blocks": [
      {
        "type": "rich_text",
        "block_id": "XSVS",
        "elements": [
          {
            "type": "rich_text_section",
            "elements": [
              {
                "type": "text",
                "text": "Well, I managed to get it working by having `define` only available at the top-level, and pulling it’s evaluation farther up the eval tree than normal. No recursion (we don’t have even conditionals), so all the stuff about closures and stuff is sort of moot.\n\nIn spite of that, the following program works in my implementation (yay Church!)\n"
              }
            ]
          },
          {
            "type": "rich_text_preformatted",
            "elements": [
              {
                "type": "text",
                "text": "define Z\n  lambda (f)\n    let (A lambda (x) (f lambda (v) ((x x) v)))\n      (A A)\n\ndefine czero lambda (f) lambda (x) x\ndefine cone lambda (f) lambda (x) (f x)\n\ndefine csucc lambda (n) lambda (f) lambda (x) (f ((n f) x))\ndefine cplus lambda (m) lambda (n) lambda (f) lambda (x) ((m f) ((n f) x))\ndefine cpred lambda (n) lambda (f) lambda (x) (((n lambda (g) lambda (h) (h (g f))) lambda (u) x) lambda (u) u)\ndefine cmult lambda (m) lambda (n) lambda (f) (m (n f))\n\ndefine c-to-nat\n  lambda (n)\n    ((n lambda (n) (+ n 1)) 0)\n\ndefine ctrue lambda (a) lambda (b) a\ndefine cfalse lambda (a) lambda (b) b\n\ndefine c-to-bool\n  lambda (b)\n    ((b (= 1 1)) (= 0 1))\n\ndefine czero? lambda (n) ((n lambda (x) cfalse) ctrue)\n\ndefine cif lambda (p) lambda (a) lambda (b) ((p a) b)\n\ndefine !-prime\n  lambda (f)\n    lambda (n)\n      ((((cif (czero? n))\n         lambda (x) cone)\n        lambda (x) ((cmult n) (f (cpred n))))\n       ;; this last just forces the thunk returned by cif\n       ;; eta-expansion required because otherwise all arguments are fully\n       ;; evaluated\n       czero)\n\ndefine ! (Z !-prime)\ndefine c7 (csucc (csucc (csucc (csucc (csucc (csucc cone))))))\n\n(c-to-nat (! c7))"
              }
            ]
          }
        ]
      }
    ],
    "thread_ts": "1614791887.425400",
    "parent_user_id": "U01GH44F3GC"
  },
  {
    "client_msg_id": "adb7a2fe-79b9-4f11-a46b-060b81d2791d",
    "type": "message",
    "text": "I can think of  `(if v #t #f)` or `(and v #t)` ; only the first is immediately clear without additional reasoning.",
    "user": "U01GH44F3GC",
    "ts": "1614884345.469200",
    "team": "T06V8J4SU",
    "user_team": "T06V8J4SU",
    "source_team": "T06V8J4SU",
    "user_profile": {
      "avatar_hash": "fa06fa2baaf2",
      "image_72": "https://avatars.slack-edge.com/2020-12-07/1540536372007_fa06fa2baaf25c93bf33_72.jpg",
      "first_name": "D.",
      "real_name": "D. Ben Knoble",
      "display_name": "benknoble",
      "team": "T06V8J4SU",
      "name": "ben.knoble",
      "is_restricted": false,
      "is_ultra_restricted": false
    },
    "blocks": [
      {
        "type": "rich_text",
        "block_id": "n2Vp2",
        "elements": [
          {
            "type": "rich_text_section",
            "elements": [
              {
                "type": "text",
                "text": "I can think of  "
              },
              {
                "type": "text",
                "text": "(if v #t #f)",
                "style": {
                  "code": true
                }
              },
              {
                "type": "text",
                "text": " or "
              },
              {
                "type": "text",
                "text": "(and v #t)",
                "style": {
                  "code": true
                }
              },
              {
                "type": "text",
                "text": " ; only the first is immediately clear without additional reasoning."
              }
            ]
          }
        ]
      }
    ],
    "thread_ts": "1614883889.468100",
    "parent_user_id": "UDUMMY"
  },
  {
    "client_msg_id": "a367dfa0-2c67-4775-a226-1d5b6bb17648",
    "type": "message",
    "text": "Hm, just thinking about it, wouldn’t it be natural for `(and v #t)` to expand to `(if v #t #f)`?",
    "user": "U01GH44F3GC",
    "ts": "1614884609.471300",
    "team": "T06V8J4SU",
    "user_team": "T06V8J4SU",
    "source_team": "T06V8J4SU",
    "user_profile": {
      "avatar_hash": "fa06fa2baaf2",
      "image_72": "https://avatars.slack-edge.com/2020-12-07/1540536372007_fa06fa2baaf25c93bf33_72.jpg",
      "first_name": "D.",
      "real_name": "D. Ben Knoble",
      "display_name": "benknoble",
      "team": "T06V8J4SU",
      "name": "ben.knoble",
      "is_restricted": false,
      "is_ultra_restricted": false
    },
    "blocks": [
      {
        "type": "rich_text",
        "block_id": "0V9+",
        "elements": [
          {
            "type": "rich_text_section",
            "elements": [
              {
                "type": "text",
                "text": "Hm, just thinking about it, wouldn’t it be natural for "
              },
              {
                "type": "text",
                "text": "(and v #t)",
                "style": {
                  "code": true
                }
              },
              {
                "type": "text",
                "text": " to expand to "
              },
              {
                "type": "text",
                "text": "(if v #t #f)",
                "style": {
                  "code": true
                }
              },
              {
                "type": "text",
                "text": "?"
              }
            ]
          }
        ]
      }
    ],
    "thread_ts": "1614883889.468100",
    "parent_user_id": "UDUMMY"
  }
]
