[
  {
    "client_msg_id": "ee47f5f0-9823-42fa-a626-9a46e8ae7695",
    "type": "message",
    "text": "Is `,require-reloadable` working for folks? MRE:\n```#lang racket\n\n(provide foo)\n(define foo 1)```\nwith `,r`:\n```&gt; ,r some.rkt\n&gt; foo\n1```\nwith `,rr`:\n```&gt; ,rr some.rkt\n&gt; foo\n; foo: undefined;\n;  cannot reference an identifier before its definition\n;   in module: top-level\n; [,bt for context]```",
    "user": "U01GH44F3GC",
    "ts": "1611869616.165200",
    "team": "T06V8J4SU",
    "user_team": "T06V8J4SU",
    "source_team": "T06V8J4SU",
    "user_profile": {
      "avatar_hash": "fa06fa2baaf2",
      "image_72": "https:\/\/avatars.slack-edge.com\/2020-12-07\/1540536372007_fa06fa2baaf25c93bf33_72.jpg",
      "first_name": "D.",
      "real_name": "D. Ben Knoble",
      "display_name": "benknoble",
      "team": "T06V8J4SU",
      "name": "ben.knoble",
      "is_restricted": false,
      "is_ultra_restricted": false
    },
    "blocks": [
      {
        "type": "rich_text",
        "block_id": "GWNO",
        "elements": [
          {
            "type": "rich_text_section",
            "elements": [
              {
                "type": "text",
                "text": "Is "
              },
              {
                "type": "text",
                "text": ",require-reloadable",
                "style": {
                  "code": true
                }
              },
              {
                "type": "text",
                "text": " working for folks? MRE:\n"
              }
            ]
          },
          {
            "type": "rich_text_preformatted",
            "elements": [
              {
                "type": "text",
                "text": "#lang racket\n\n(provide foo)\n(define foo 1)"
              }
            ]
          },
          {
            "type": "rich_text_section",
            "elements": [
              {
                "type": "text",
                "text": "with "
              },
              {
                "type": "text",
                "text": ",r",
                "style": {
                  "code": true
                }
              },
              {
                "type": "text",
                "text": ":\n"
              }
            ]
          },
          {
            "type": "rich_text_preformatted",
            "elements": [
              {
                "type": "text",
                "text": "> ,r some.rkt\n> foo\n1"
              }
            ]
          },
          {
            "type": "rich_text_section",
            "elements": [
              {
                "type": "text",
                "text": "with "
              },
              {
                "type": "text",
                "text": ",rr",
                "style": {
                  "code": true
                }
              },
              {
                "type": "text",
                "text": ":\n"
              }
            ]
          },
          {
            "type": "rich_text_preformatted",
            "elements": [
              {
                "type": "text",
                "text": "> ,rr some.rkt\n> foo\n; foo: undefined;\n;  cannot reference an identifier before its definition\n;   in module: top-level\n; [,bt for context]"
              }
            ]
          }
        ]
      }
    ],
    "thread_ts": "1611869616.165200",
    "reply_count": 2,
    "reply_users_count": 2,
    "latest_reply": "1611920616.186600",
    "reply_users": [
      "UDUMMY",
      "U01GH44F3GC"
    ],
    "replies": [
      {
        "user": "UDUMMY",
        "ts": "1611919931.185100"
      },
      {
        "user": "U01GH44F3GC",
        "ts": "1611920616.186600"
      }
    ],
    "subscribed": false
  }
]
