[
  {
    "client_msg_id": "3C91C20F-3840-4016-82DB-F46D6BE780D9",
    "type": "message",
    "text": "Does anyone have thoughts on how to implement global defines in an environment-passing interpreter with immutable environments? Think upper-level university students, so nothing too crazy. (Running into the issue that the `eval-define` can’t affect the env used for future eval calls; it only has a name and expr to bind to that name.)",
    "user": "U01GH44F3GC",
    "ts": "1614791887.425400",
    "team": "T06V8J4SU",
    "user_team": "T06V8J4SU",
    "source_team": "T06V8J4SU",
    "user_profile": {
      "avatar_hash": "fa06fa2baaf2",
      "image_72": "https://avatars.slack-edge.com/2020-12-07/1540536372007_fa06fa2baaf25c93bf33_72.jpg",
      "first_name": "D.",
      "real_name": "D. Ben Knoble",
      "display_name": "benknoble",
      "team": "T06V8J4SU",
      "name": "ben.knoble",
      "is_restricted": false,
      "is_ultra_restricted": false
    },
    "blocks": [
      {
        "type": "rich_text",
        "block_id": "6Sn",
        "elements": [
          {
            "type": "rich_text_section",
            "elements": [
              {
                "type": "text",
                "text": "Does anyone have thoughts on how to implement global defines in an environment-passing interpreter with immutable environments? Think upper-level university students, so nothing too crazy. (Running into the issue that the "
              },
              {
                "type": "text",
                "text": "eval-define",
                "style": {
                  "code": true
                }
              },
              {
                "type": "text",
                "text": " can’t affect the env used for future eval calls; it only has a name and expr to bind to that name.)"
              }
            ]
          }
        ]
      }
    ],
    "thread_ts": "1614791887.425400",
    "reply_count": 30,
    "reply_users_count": 6,
    "latest_reply": "1614877152.463100",
    "reply_users": [
      "UDUMMY",
      "U01GH44F3GC",
      "UDUMMY",
      "UDUMMY",
      "UDUMMY",
      "UDUMMY"
    ],
    "replies": [
      {
        "user": "UDUMMY",
        "ts": "1614792805.425500"
      },
      {
        "user": "U01GH44F3GC",
        "ts": "1614792977.426000"
      },
      {
        "user": "UDUMMY",
        "ts": "1614794258.426800"
      },
      {
        "user": "U01GH44F3GC",
        "ts": "1614795296.427000"
      },
      {
        "user": "UDUMMY",
        "ts": "1614795410.427200"
      },
      {
        "user": "U01GH44F3GC",
        "ts": "1614795484.427400"
      },
      {
        "user": "UDUMMY",
        "ts": "1614795515.427600"
      },
      {
        "user": "U01GH44F3GC",
        "ts": "1614795517.427800"
      },
      {
        "user": "U01GH44F3GC",
        "ts": "1614795524.428000"
      },
      {
        "user": "UDUMMY",
        "ts": "1614795528.428200"
      },
      {
        "user": "UDUMMY",
        "ts": "1614795659.428400"
      },
      {
        "user": "U01GH44F3GC",
        "ts": "1614795739.428600"
      },
      {
        "user": "UDUMMY",
        "ts": "1614806936.428900"
      },
      {
        "user": "U01GH44F3GC",
        "ts": "1614807238.429100"
      },
      {
        "user": "UDUMMY",
        "ts": "1614811345.429900"
      },
      {
        "user": "UDUMMY",
        "ts": "1614811455.430100"
      },
      {
        "user": "UDUMMY",
        "ts": "1614811486.430600"
      },
      {
        "user": "UDUMMY",
        "ts": "1614811676.433800"
      },
      {
        "user": "UDUMMY",
        "ts": "1614811779.435800"
      },
      {
        "user": "U01GH44F3GC",
        "ts": "1614811783.436100"
      },
      {
        "user": "UDUMMY",
        "ts": "1614811866.438000"
      },
      {
        "user": "UDUMMY",
        "ts": "1614811963.441000"
      },
      {
        "user": "UDUMMY",
        "ts": "1614811969.441300"
      },
      {
        "user": "U01GH44F3GC",
        "ts": "1614811976.441700"
      },
      {
        "user": "UDUMMY",
        "ts": "1614811999.442400"
      },
      {
        "user": "U01GH44F3GC",
        "ts": "1614812012.443100"
      },
      {
        "user": "U01GH44F3GC",
        "ts": "1614812768.461000"
      },
      {
        "user": "UDUMMY",
        "ts": "1614832929.461500"
      },
      {
        "user": "UDUMMY",
        "ts": "1614849628.462600"
      },
      {
        "user": "U01GH44F3GC",
        "ts": "1614877152.463100"
      }
    ],
    "subscribed": false
  },
  {
    "client_msg_id": "20df1834-2221-426e-a066-deb943580448",
    "type": "message",
    "text": "I have the whole program as a parse-tree (sort of a tagged racket list). But the grammar rule for `define` is just `define := DEFINE NAME expr` ; `define` is a kind of `expr` , and a program is a series of `expr`s.\n\nOur goal is to have a `define` always create a global binding (i.e., the binding is scope for the rest of the program, even for non-top-level `define`s). The result of a `define` expr is just the value of the “body” expr, as it were.\n\nSo, more the former than the latter, if that helps.",
    "user": "U01GH44F3GC",
    "ts": "1614792977.426000",
    "team": "T06V8J4SU",
    "user_team": "T06V8J4SU",
    "source_team": "T06V8J4SU",
    "user_profile": {
      "avatar_hash": "fa06fa2baaf2",
      "image_72": "https://avatars.slack-edge.com/2020-12-07/1540536372007_fa06fa2baaf25c93bf33_72.jpg",
      "first_name": "D.",
      "real_name": "D. Ben Knoble",
      "display_name": "benknoble",
      "team": "T06V8J4SU",
      "name": "ben.knoble",
      "is_restricted": false,
      "is_ultra_restricted": false
    },
    "blocks": [
      {
        "type": "rich_text",
        "block_id": "R+qx",
        "elements": [
          {
            "type": "rich_text_section",
            "elements": [
              {
                "type": "text",
                "text": "I have the whole program as a parse-tree (sort of a tagged racket list). But the grammar rule for "
              },
              {
                "type": "text",
                "text": "define",
                "style": {
                  "code": true
                }
              },
              {
                "type": "text",
                "text": " is just "
              },
              {
                "type": "text",
                "text": "define := DEFINE NAME expr",
                "style": {
                  "code": true
                }
              },
              {
                "type": "text",
                "text": " ; "
              },
              {
                "type": "text",
                "text": "define",
                "style": {
                  "code": true
                }
              },
              {
                "type": "text",
                "text": " is a kind of "
              },
              {
                "type": "text",
                "text": "expr",
                "style": {
                  "code": true
                }
              },
              {
                "type": "text",
                "text": " , and a program is a series of "
              },
              {
                "type": "text",
                "text": "expr",
                "style": {
                  "code": true
                }
              },
              {
                "type": "text",
                "text": "s.\n\nOur goal is to have a "
              },
              {
                "type": "text",
                "text": "define",
                "style": {
                  "code": true
                }
              },
              {
                "type": "text",
                "text": " always create a global binding (i.e., the binding is scope for the rest of the program, even for non-top-level "
              },
              {
                "type": "text",
                "text": "define",
                "style": {
                  "code": true
                }
              },
              {
                "type": "text",
                "text": "s). The result of a "
              },
              {
                "type": "text",
                "text": "define",
                "style": {
                  "code": true
                }
              },
              {
                "type": "text",
                "text": " expr is just the value of the “body” expr, as it were.\n\nSo, more the former than the latter, if that helps."
              }
            ]
          }
        ]
      }
    ],
    "thread_ts": "1614791887.425400",
    "parent_user_id": "U01GH44F3GC"
  },
  {
    "client_msg_id": "22ec709f-44eb-4a5d-b3e4-d8b1e9c7a9cb",
    "type": "message",
    "text": "Hm. I’m not sure how that would work here; (1+2) would allow reference to the names _before_ the defines, needing some special tagging to say “not defined yet”; (3) might not update the right environment, since there’s no “chaining” lookups—when binding’s are added, it’s simply `hash-set` , which can’t be mixed with `hash-set!`—that would make all env’s mutable… Thanks for the input, but I think we’re hoping for a simpler strategy.",
    "user": "U01GH44F3GC",
    "ts": "1614795296.427000",
    "team": "T06V8J4SU",
    "user_team": "T06V8J4SU",
    "source_team": "T06V8J4SU",
    "user_profile": {
      "avatar_hash": "fa06fa2baaf2",
      "image_72": "https://avatars.slack-edge.com/2020-12-07/1540536372007_fa06fa2baaf25c93bf33_72.jpg",
      "first_name": "D.",
      "real_name": "D. Ben Knoble",
      "display_name": "benknoble",
      "team": "T06V8J4SU",
      "name": "ben.knoble",
      "is_restricted": false,
      "is_ultra_restricted": false
    },
    "blocks": [
      {
        "type": "rich_text",
        "block_id": "ypN",
        "elements": [
          {
            "type": "rich_text_section",
            "elements": [
              {
                "type": "text",
                "text": "Hm. I’m not sure how that would work here; (1+2) would allow reference to the names "
              },
              {
                "type": "text",
                "text": "before",
                "style": {
                  "italic": true
                }
              },
              {
                "type": "text",
                "text": " the defines, needing some special tagging to say “not defined yet”; (3) might not update the right environment, since there’s no “chaining” lookups—when binding’s are added, it’s simply "
              },
              {
                "type": "text",
                "text": "hash-set",
                "style": {
                  "code": true
                }
              },
              {
                "type": "text",
                "text": " , which can’t be mixed with "
              },
              {
                "type": "text",
                "text": "hash-set!",
                "style": {
                  "code": true
                }
              },
              {
                "type": "text",
                "text": "—that would make all env’s mutable… Thanks for the input, but I think we’re hoping for a simpler strategy."
              }
            ]
          }
        ]
      }
    ],
    "thread_ts": "1614791887.425400",
    "parent_user_id": "U01GH44F3GC"
  },
  {
    "client_msg_id": "f3760058-2166-496b-8773-df4ec32bc3d5",
    "type": "message",
    "text": "Great point, except that the lambda bodies aren’t evaluated. Wouldn’t that work just fine, since the body is evaluated at use (say, `even? 5`), after which `odd?` is already defined?",
    "user": "U01GH44F3GC",
    "ts": "1614795484.427400",
    "team": "T06V8J4SU",
    "user_team": "T06V8J4SU",
    "source_team": "T06V8J4SU",
    "user_profile": {
      "avatar_hash": "fa06fa2baaf2",
      "image_72": "https://avatars.slack-edge.com/2020-12-07/1540536372007_fa06fa2baaf25c93bf33_72.jpg",
      "first_name": "D.",
      "real_name": "D. Ben Knoble",
      "display_name": "benknoble",
      "team": "T06V8J4SU",
      "name": "ben.knoble",
      "is_restricted": false,
      "is_ultra_restricted": false
    },
    "blocks": [
      {
        "type": "rich_text",
        "block_id": "Ush",
        "elements": [
          {
            "type": "rich_text_section",
            "elements": [
              {
                "type": "text",
                "text": "Great point, except that the lambda bodies aren’t evaluated. Wouldn’t that work just fine, since the body is evaluated at use (say, "
              },
              {
                "type": "text",
                "text": "even? 5",
                "style": {
                  "code": true
                }
              },
              {
                "type": "text",
                "text": "), after which "
              },
              {
                "type": "text",
                "text": "odd?",
                "style": {
                  "code": true
                }
              },
              {
                "type": "text",
                "text": " is already defined?"
              }
            ]
          }
        ]
      }
    ],
    "thread_ts": "1614791887.425400",
    "parent_user_id": "U01GH44F3GC"
  },
  {
    "client_msg_id": "0f8dadac-78cb-4052-bd81-796ccecccea7",
    "type": "message",
    "text": "ah, except closures… so the environment has no binding for `odd?`—",
    "user": "U01GH44F3GC",
    "ts": "1614795517.427800",
    "team": "T06V8J4SU",
    "user_team": "T06V8J4SU",
    "source_team": "T06V8J4SU",
    "user_profile": {
      "avatar_hash": "fa06fa2baaf2",
      "image_72": "https://avatars.slack-edge.com/2020-12-07/1540536372007_fa06fa2baaf25c93bf33_72.jpg",
      "first_name": "D.",
      "real_name": "D. Ben Knoble",
      "display_name": "benknoble",
      "team": "T06V8J4SU",
      "name": "ben.knoble",
      "is_restricted": false,
      "is_ultra_restricted": false
    },
    "blocks": [
      {
        "type": "rich_text",
        "block_id": "UxS",
        "elements": [
          {
            "type": "rich_text_section",
            "elements": [
              {
                "type": "text",
                "text": "ah, except closures… so the environment has no binding for `odd?`—"
              }
            ]
          }
        ]
      }
    ],
    "thread_ts": "1614791887.425400",
    "parent_user_id": "U01GH44F3GC"
  },
  {
    "client_msg_id": "e9648b3d-6e05-4b68-9e64-2565dbcdd37d",
    "type": "message",
    "text": "yea, got there a minute too late",
    "user": "U01GH44F3GC",
    "ts": "1614795524.428000",
    "team": "T06V8J4SU",
    "user_team": "T06V8J4SU",
    "source_team": "T06V8J4SU",
    "user_profile": {
      "avatar_hash": "fa06fa2baaf2",
      "image_72": "https://avatars.slack-edge.com/2020-12-07/1540536372007_fa06fa2baaf25c93bf33_72.jpg",
      "first_name": "D.",
      "real_name": "D. Ben Knoble",
      "display_name": "benknoble",
      "team": "T06V8J4SU",
      "name": "ben.knoble",
      "is_restricted": false,
      "is_ultra_restricted": false
    },
    "blocks": [
      {
        "type": "rich_text",
        "block_id": "8WvRM",
        "elements": [
          {
            "type": "rich_text_section",
            "elements": [
              {
                "type": "text",
                "text": "yea, got there a minute too late"
              }
            ]
          }
        ]
      }
    ],
    "thread_ts": "1614791887.425400",
    "parent_user_id": "U01GH44F3GC"
  },
  {
    "client_msg_id": "51ce64e8-eb09-47ac-923f-d27aa7d56217",
    "type": "message",
    "text": "yeah, that’s fair. we haven’t covered anything of that complexity, and unfortunately i don’t think we have room in the assignment for it (but we would like to have it for the next assignment, too, and we don’t have room to implement it there. Ugh. _tries to remember how he did this when implementing a lisp in java for a past version of the course_",
    "user": "U01GH44F3GC",
    "ts": "1614795739.428600",
    "team": "T06V8J4SU",
    "user_team": "T06V8J4SU",
    "source_team": "T06V8J4SU",
    "user_profile": {
      "avatar_hash": "fa06fa2baaf2",
      "image_72": "https://avatars.slack-edge.com/2020-12-07/1540536372007_fa06fa2baaf25c93bf33_72.jpg",
      "first_name": "D.",
      "real_name": "D. Ben Knoble",
      "display_name": "benknoble",
      "team": "T06V8J4SU",
      "name": "ben.knoble",
      "is_restricted": false,
      "is_ultra_restricted": false
    },
    "blocks": [
      {
        "type": "rich_text",
        "block_id": "r0tEa",
        "elements": [
          {
            "type": "rich_text_section",
            "elements": [
              {
                "type": "text",
                "text": "yeah, that’s fair. we haven’t covered anything of that complexity, and unfortunately i don’t think we have room in the assignment for it (but we would like to have it for the next assignment, too, and we don’t have room to implement it there. Ugh. "
              },
              {
                "type": "text",
                "text": "tries to remember how he did this when implementing a lisp in java for a past version of the course",
                "style": {
                  "italic": true
                }
              }
            ]
          }
        ]
      }
    ],
    "thread_ts": "1614791887.425400",
    "parent_user_id": "U01GH44F3GC"
  },
  {
    "client_msg_id": "d61a33bd-b22f-4150-8475-a36e607cf50e",
    "type": "message",
    "text": "<@UDUMMY> yeah, we’re starting to consider what modifications we can make to the semantics and grammar to make this feasible. I think we’ve settled on top-level only (which we can fix in the grammar); we’d like to avoid having two conceptual environments, but I think this requires somebody to return the (possibly extended) environment in order to correctly affect future evaluations. OTOH, if we also assume no mutual recursion, very “C”-like (no forward decls either), we get something that more or less works? (it’s not industrial, but it’s for a class…)",
    "user": "U01GH44F3GC",
    "ts": "1614807238.429100",
    "team": "T06V8J4SU",
    "user_team": "T06V8J4SU",
    "source_team": "T06V8J4SU",
    "user_profile": {
      "avatar_hash": "fa06fa2baaf2",
      "image_72": "https://avatars.slack-edge.com/2020-12-07/1540536372007_fa06fa2baaf25c93bf33_72.jpg",
      "first_name": "D.",
      "real_name": "D. Ben Knoble",
      "display_name": "benknoble",
      "team": "T06V8J4SU",
      "name": "ben.knoble",
      "is_restricted": false,
      "is_ultra_restricted": false
    },
    "blocks": [
      {
        "type": "rich_text",
        "block_id": "N65gl",
        "elements": [
          {
            "type": "rich_text_section",
            "elements": [
              {
                "type": "user",
                "user_id": "UDUMMY"
              },
              {
                "type": "text",
                "text": " yeah, we’re starting to consider what modifications we can make to the semantics and grammar to make this feasible. I think we’ve settled on top-level only (which we can fix in the grammar); we’d like to avoid having two conceptual environments, but I think this requires somebody to return the (possibly extended) environment in order to correctly affect future evaluations. OTOH, if we also assume no mutual recursion, very “C”-like (no forward decls either), we get something that more or less works? (it’s not industrial, but it’s for a class…)"
              }
            ]
          }
        ]
      }
    ],
    "thread_ts": "1614791887.425400",
    "parent_user_id": "U01GH44F3GC"
  },
  {
    "client_msg_id": "BC598211-AC7A-4D0C-89F9-413A22D96A20",
    "type": "message",
    "text": "Samth is right, because of closures, without some special support for the name of the closure—even that code does some handling for global names, though it’s O(n) or worse",
    "user": "U01GH44F3GC",
    "ts": "1614811783.436100",
    "team": "T06V8J4SU",
    "user_team": "T06V8J4SU",
    "source_team": "T06V8J4SU",
    "user_profile": {
      "avatar_hash": "fa06fa2baaf2",
      "image_72": "https://avatars.slack-edge.com/2020-12-07/1540536372007_fa06fa2baaf25c93bf33_72.jpg",
      "first_name": "D.",
      "real_name": "D. Ben Knoble",
      "display_name": "benknoble",
      "team": "T06V8J4SU",
      "name": "ben.knoble",
      "is_restricted": false,
      "is_ultra_restricted": false
    },
    "blocks": [
      {
        "type": "rich_text",
        "block_id": "=ZZF",
        "elements": [
          {
            "type": "rich_text_section",
            "elements": [
              {
                "type": "text",
                "text": "Samth is right, because of closures, without some special support for the name of the closure—even that code does some handling for global names, though it’s O(n) or worse"
              }
            ]
          }
        ]
      }
    ],
    "thread_ts": "1614791887.425400",
    "parent_user_id": "U01GH44F3GC"
  },
  {
    "client_msg_id": "4F2905E7-519E-4848-8E38-B00DBE3F1DC2",
    "type": "message",
    "text": "Not really a problem, just something that occurred to me (is the O(1) version just a pre-traversal to collect globals?). I will let y’all know what we come up with, and thanks for the absolutely fascinating discussion! Loving it",
    "user": "U01GH44F3GC",
    "ts": "1614811976.441700",
    "team": "T06V8J4SU",
    "user_team": "T06V8J4SU",
    "source_team": "T06V8J4SU",
    "user_profile": {
      "avatar_hash": "fa06fa2baaf2",
      "image_72": "https://avatars.slack-edge.com/2020-12-07/1540536372007_fa06fa2baaf25c93bf33_72.jpg",
      "first_name": "D.",
      "real_name": "D. Ben Knoble",
      "display_name": "benknoble",
      "team": "T06V8J4SU",
      "name": "ben.knoble",
      "is_restricted": false,
      "is_ultra_restricted": false
    },
    "blocks": [
      {
        "type": "rich_text",
        "block_id": "6is",
        "elements": [
          {
            "type": "rich_text_section",
            "elements": [
              {
                "type": "text",
                "text": "Not really a problem, just something that occurred to me (is the O(1) version just a pre-traversal to collect globals?). I will let y’all know what we come up with, and thanks for the absolutely fascinating discussion! Loving it"
              }
            ]
          }
        ]
      }
    ],
    "thread_ts": "1614791887.425400",
    "parent_user_id": "U01GH44F3GC"
  },
  {
    "client_msg_id": "A841AD0E-B78F-4984-A94C-043219160811",
    "type": "message",
    "text": "Yeah i dont think we’re planning on doing letrec. Though recursive defined might be nice; I’ll have to ask. ",
    "user": "U01GH44F3GC",
    "ts": "1614812012.443100",
    "team": "T06V8J4SU",
    "user_team": "T06V8J4SU",
    "source_team": "T06V8J4SU",
    "user_profile": {
      "avatar_hash": "fa06fa2baaf2",
      "image_72": "https://avatars.slack-edge.com/2020-12-07/1540536372007_fa06fa2baaf25c93bf33_72.jpg",
      "first_name": "D.",
      "real_name": "D. Ben Knoble",
      "display_name": "benknoble",
      "team": "T06V8J4SU",
      "name": "ben.knoble",
      "is_restricted": false,
      "is_ultra_restricted": false
    },
    "blocks": [
      {
        "type": "rich_text",
        "block_id": "uo+C",
        "elements": [
          {
            "type": "rich_text_section",
            "elements": [
              {
                "type": "text",
                "text": "Yeah i dont think we’re planning on doing letrec. Though recursive defined might be nice; I’ll have to ask. "
              }
            ]
          }
        ]
      }
    ],
    "thread_ts": "1614791887.425400",
    "parent_user_id": "U01GH44F3GC"
  },
  {
    "client_msg_id": "79A3D13A-82F7-4CAF-9EA9-F1A2F86EF514",
    "type": "message",
    "text": "Yep, we did recursive environments in the past. (It was more like common lisp than racket, with setq, defun, non-closure lambda and closure function.) i’m having a hard time if the recursion in envs enabled recursive defun, or if the mutation of the closure-captured environment to also store the name-&gt;function binding made it work. \n\nIn fact, wouldn’t we be able to support recursion only in defines by reaching in and tweaking a closure’s env to include the self-referential name? Or is there a circularity knot that needs tied there? (Argh, maybe; you want to extend the env with a name bound to the closure which should have its env extended with a name bound to the closure which... perhaps you have to in fact extend the env with something that evaluates to the correct (recursion-enabled) closure when referenced, rather than creating it first? Still might be circular. Darn. )",
    "user": "U01GH44F3GC",
    "ts": "1614812768.461000",
    "team": "T06V8J4SU",
    "user_team": "T06V8J4SU",
    "source_team": "T06V8J4SU",
    "user_profile": {
      "avatar_hash": "fa06fa2baaf2",
      "image_72": "https://avatars.slack-edge.com/2020-12-07/1540536372007_fa06fa2baaf25c93bf33_72.jpg",
      "first_name": "D.",
      "real_name": "D. Ben Knoble",
      "display_name": "benknoble",
      "team": "T06V8J4SU",
      "name": "ben.knoble",
      "is_restricted": false,
      "is_ultra_restricted": false
    },
    "blocks": [
      {
        "type": "rich_text",
        "block_id": "3Kbue",
        "elements": [
          {
            "type": "rich_text_section",
            "elements": [
              {
                "type": "text",
                "text": "Yep, we did recursive environments in the past. (It was more like common lisp than racket, with setq, defun, non-closure lambda and closure function.) i’m having a hard time if the recursion in envs enabled recursive defun, or if the mutation of the closure-captured environment to also store the name->function binding made it work. \n"
              },
              {
                "type": "text",
                "text": "\nIn fact, wouldn’t we be able to support recursion only in defines by reaching in and tweaking a closure’s env to include the self-referential name? Or is there a circularity knot that needs tied there? (Argh, maybe; you want to extend the env with a name bound to the closure which should have its env extended with a name bound to the closure which... perhaps you have to in fact extend the env with something that evaluates to the correct (recursion-enabled) closure when referenced, rather than creating it first? Still might be circular. Darn. )"
              }
            ]
          }
        ]
      }
    ],
    "thread_ts": "1614791887.425400",
    "parent_user_id": "U01GH44F3GC"
  }
]
