[
  {
    "client_msg_id": "04bda7cf-61da-447c-bdce-2071bffada33",
    "type": "message",
    "text": "^well, remove the index after processing the item at that index, regardless of a match or not",
    "user": "U01GH44F3GC",
    "ts": "1615569098.126700",
    "team": "T06V8J4SU",
    "user_team": "T06V8J4SU",
    "source_team": "T06V8J4SU",
    "user_profile": {
      "avatar_hash": "fa06fa2baaf2",
      "image_72": "https:////avatars.slack-edge.com//2020-12-07//1540536372007_fa06fa2baaf25c93bf33_72.jpg",
      "first_name": "D.",
      "real_name": "D. Ben Knoble",
      "display_name": "benknoble",
      "team": "T06V8J4SU",
      "name": "ben.knoble",
      "is_restricted": false,
      "is_ultra_restricted": false
    },
    "blocks": [
      {
        "type": "rich_text",
        "block_id": "Jr2",
        "elements": [
          {
            "type": "rich_text_section",
            "elements": [
              {
                "type": "text",
                "text": "^well, remove the index after processing the item at that index, regardless of a match or not"
              }
            ]
          }
        ]
      }
    ]
  }
]
