[
  {
    "client_msg_id": "C3C7F119-FAA8-4336-B8C2-0D698D46A742",
    "type": "message",
    "text": "Ah. That makes at least some sense, even if it’s awkward",
    "user": "U01GH44F3GC",
    "ts": "1611920616.186600",
    "team": "T06V8J4SU",
    "user_team": "T06V8J4SU",
    "source_team": "T06V8J4SU",
    "user_profile": {
      "avatar_hash": "fa06fa2baaf2",
      "image_72": "https:////avatars.slack-edge.com//2020-12-07//1540536372007_fa06fa2baaf25c93bf33_72.jpg",
      "first_name": "D.",
      "real_name": "D. Ben Knoble",
      "display_name": "benknoble",
      "team": "T06V8J4SU",
      "name": "ben.knoble",
      "is_restricted": false,
      "is_ultra_restricted": false
    },
    "blocks": [
      {
        "type": "rich_text",
        "block_id": "qbU",
        "elements": [
          {
            "type": "rich_text_section",
            "elements": [
              {
                "type": "text",
                "text": "Ah. That makes at least some sense, even if it’s awkward"
              }
            ]
          }
        ]
      }
    ],
    "thread_ts": "1611869616.165200",
    "parent_user_id": "U01GH44F3GC"
  },
  {
    "client_msg_id": "dcc75cc6-d702-4d02-9956-2589bd06d2f2",
    "type": "message",
    "text": "“outer” comes to mind? or “parent” maybe?",
    "user": "U01GH44F3GC",
    "ts": "1611948427.191100",
    "team": "T06V8J4SU",
    "user_team": "T06V8J4SU",
    "source_team": "T06V8J4SU",
    "user_profile": {
      "avatar_hash": "fa06fa2baaf2",
      "image_72": "https:////avatars.slack-edge.com//2020-12-07//1540536372007_fa06fa2baaf25c93bf33_72.jpg",
      "first_name": "D.",
      "real_name": "D. Ben Knoble",
      "display_name": "benknoble",
      "team": "T06V8J4SU",
      "name": "ben.knoble",
      "is_restricted": false,
      "is_ultra_restricted": false
    },
    "blocks": [
      {
        "type": "rich_text",
        "block_id": "coJK",
        "elements": [
          {
            "type": "rich_text_section",
            "elements": [
              {
                "type": "text",
                "text": "“outer” comes to mind? or “parent” maybe?"
              }
            ]
          }
        ]
      }
    ],
    "thread_ts": "1611947748.190600",
    "parent_user_id": "UDUMMY"
  }
]
