[
  {
    "client_msg_id": "eb4adc54-1d6f-417e-a792-c63a5fa13431",
    "type": "message",
    "text": "If I had a set of racket-code as an s-expression (e.g., `(define code '(…))` , what’s the best way to find everything in “operator position” and *avoid* finding the parts of bindings like `let`? (example: in `(let ([e (+ 1 2)]) (* e 3))` , I only care about `+` and `*` and possibly `let` , though `e` is in a head-position).\nI suspect that either\n• there’s a library for that (<@UDUMMY>? maybe you know a way to do this with your refactoring code?)\n• I’m going to have write a large `match` and add by hand any expressions that we want to treat specially",
    "user": "U01GH44F3GC",
    "ts": "1611353963.038000",
    "team": "T06V8J4SU",
    "user_team": "T06V8J4SU",
    "source_team": "T06V8J4SU",
    "user_profile": {
      "avatar_hash": "fa06fa2baaf2",
      "image_72": "https:\/\/avatars.slack-edge.com\/2020-12-07\/1540536372007_fa06fa2baaf25c93bf33_72.jpg",
      "first_name": "D.",
      "real_name": "D. Ben Knoble",
      "display_name": "benknoble",
      "team": "T06V8J4SU",
      "name": "ben.knoble",
      "is_restricted": false,
      "is_ultra_restricted": false
    },
    "blocks": [
      {
        "type": "rich_text",
        "block_id": "daD",
        "elements": [
          {
            "type": "rich_text_section",
            "elements": [
              {
                "type": "text",
                "text": "If I had a set of racket-code as an s-expression (e.g., "
              },
              {
                "type": "text",
                "text": "(define code '(…))",
                "style": {
                  "code": true
                }
              },
              {
                "type": "text",
                "text": " , what’s the best way to find everything in “operator position” and "
              },
              {
                "type": "text",
                "text": "avoid",
                "style": {
                  "bold": true
                }
              },
              {
                "type": "text",
                "text": " finding the parts of bindings like "
              },
              {
                "type": "text",
                "text": "let",
                "style": {
                  "code": true
                }
              },
              {
                "type": "text",
                "text": "? (example: in "
              },
              {
                "type": "text",
                "text": "(let ([e (+ 1 2)]) (* e 3))",
                "style": {
                  "code": true
                }
              },
              {
                "type": "text",
                "text": " , I only care about "
              },
              {
                "type": "text",
                "text": "+",
                "style": {
                  "code": true
                }
              },
              {
                "type": "text",
                "text": " and "
              },
              {
                "type": "text",
                "text": "*",
                "style": {
                  "code": true
                }
              },
              {
                "type": "text",
                "text": " and possibly "
              },
              {
                "type": "text",
                "text": "let",
                "style": {
                  "code": true
                }
              },
              {
                "type": "text",
                "text": " , though `e` is in a head-position).\nI suspect that either\n"
              }
            ]
          },
          {
            "type": "rich_text_list",
            "elements": [
              {
                "type": "rich_text_section",
                "elements": [
                  {
                    "type": "text",
                    "text": "there’s a library for that ("
                  },
                  {
                    "type": "user",
                    "user_id": "UDUMMY"
                  },
                  {
                    "type": "text",
                    "text": "? maybe you know a way to do this with your refactoring code?)"
                  }
                ]
              },
              {
                "type": "rich_text_section",
                "elements": [
                  {
                    "type": "text",
                    "text": "I’m going to have write a large "
                  },
                  {
                    "type": "text",
                    "text": "match",
                    "style": {
                      "code": true
                    }
                  },
                  {
                    "type": "text",
                    "text": " and add by hand any expressions that we want to treat specially"
                  }
                ]
              }
            ],
            "style": "bullet",
            "indent": 0
          }
        ]
      }
    ]
  },
  {
    "client_msg_id": "36149597-8e08-4402-879e-285c16b6c912",
    "type": "message",
    "text": "Hm, could I define the `#%app` in a submodule and `eval` the S-expression? it’s not trusted code, but I know how to use a sandbox (doing that already for `rackunit` checks)",
    "user": "U01GH44F3GC",
    "ts": "1611354212.041700",
    "team": "T06V8J4SU",
    "user_team": "T06V8J4SU",
    "source_team": "T06V8J4SU",
    "user_profile": {
      "avatar_hash": "fa06fa2baaf2",
      "image_72": "https:\/\/avatars.slack-edge.com\/2020-12-07\/1540536372007_fa06fa2baaf25c93bf33_72.jpg",
      "first_name": "D.",
      "real_name": "D. Ben Knoble",
      "display_name": "benknoble",
      "team": "T06V8J4SU",
      "name": "ben.knoble",
      "is_restricted": false,
      "is_ultra_restricted": false
    },
    "blocks": [
      {
        "type": "rich_text",
        "block_id": "6Gl",
        "elements": [
          {
            "type": "rich_text_section",
            "elements": [
              {
                "type": "text",
                "text": "Hm, could I define the "
              },
              {
                "type": "text",
                "text": "#%app",
                "style": {
                  "code": true
                }
              },
              {
                "type": "text",
                "text": " in a submodule and "
              },
              {
                "type": "text",
                "text": "eval",
                "style": {
                  "code": true
                }
              },
              {
                "type": "text",
                "text": " the S-expression? it’s not trusted code, but I know how to use a sandbox (doing that already for "
              },
              {
                "type": "text",
                "text": "rackunit",
                "style": {
                  "code": true
                }
              },
              {
                "type": "text",
                "text": " checks)"
              }
            ]
          }
        ]
      }
    ]
  },
  {
    "client_msg_id": "82e508fd-9704-453e-9fa5-f1b5f0a67b89",
    "type": "message",
    "text": "Not perfect; it’s for checking students code.",
    "user": "U01GH44F3GC",
    "ts": "1611354360.042400",
    "team": "T06V8J4SU",
    "user_team": "T06V8J4SU",
    "source_team": "T06V8J4SU",
    "user_profile": {
      "avatar_hash": "fa06fa2baaf2",
      "image_72": "https:\/\/avatars.slack-edge.com\/2020-12-07\/1540536372007_fa06fa2baaf25c93bf33_72.jpg",
      "first_name": "D.",
      "real_name": "D. Ben Knoble",
      "display_name": "benknoble",
      "team": "T06V8J4SU",
      "name": "ben.knoble",
      "is_restricted": false,
      "is_ultra_restricted": false
    },
    "blocks": [
      {
        "type": "rich_text",
        "block_id": "OGDJq",
        "elements": [
          {
            "type": "rich_text_section",
            "elements": [
              {
                "type": "text",
                "text": "Not perfect; it’s for checking students code."
              }
            ]
          }
        ]
      }
    ]
  },
  {
    "client_msg_id": "1873011b-4722-4bda-bcd1-a18d7dc33b68",
    "type": "message",
    "text": "Full-racket atm. I wanted to use racket\/base, but was told we should use full-racket :slightly_smiling_face:",
    "user": "U01GH44F3GC",
    "ts": "1611354821.044500",
    "team": "T06V8J4SU",
    "user_team": "T06V8J4SU",
    "source_team": "T06V8J4SU",
    "user_profile": {
      "avatar_hash": "fa06fa2baaf2",
      "image_72": "https:\/\/avatars.slack-edge.com\/2020-12-07\/1540536372007_fa06fa2baaf25c93bf33_72.jpg",
      "first_name": "D.",
      "real_name": "D. Ben Knoble",
      "display_name": "benknoble",
      "team": "T06V8J4SU",
      "name": "ben.knoble",
      "is_restricted": false,
      "is_ultra_restricted": false
    },
    "blocks": [
      {
        "type": "rich_text",
        "block_id": "QMS",
        "elements": [
          {
            "type": "rich_text_section",
            "elements": [
              {
                "type": "text",
                "text": "Full-racket atm. I wanted to use racket\/base, but was told we should use full-racket "
              },
              {
                "type": "emoji",
                "name": "slightly_smiling_face"
              }
            ]
          }
        ]
      }
    ]
  }
]
