[
  {
    "client_msg_id": "dc85c48f-97b7-4424-be3e-bd5006959ffe",
    "type": "message",
    "text": "On a mac, here; couldn’t find a key-combo that would trigger the callback. Alt+b inserts ∫, and Cmd+b just put a b (since there were no handlers for that, I assume). For macOS, the I usually see keyboard-shortcuts in a menu somewhere.",
    "user": "U01GH44F3GC",
    "ts": "1610213996.446000",
    "team": "T06V8J4SU",
    "user_team": "T06V8J4SU",
    "source_team": "T06V8J4SU",
    "user_profile": {
      "avatar_hash": "fa06fa2baaf2",
      "image_72": "https:////avatars.slack-edge.com//2020-12-07//1540536372007_fa06fa2baaf25c93bf33_72.jpg",
      "first_name": "D.",
      "real_name": "D. Ben Knoble",
      "display_name": "benknoble",
      "team": "T06V8J4SU",
      "name": "ben.knoble",
      "is_restricted": false,
      "is_ultra_restricted": false
    },
    "blocks": [
      {
        "type": "rich_text",
        "block_id": "zleDY",
        "elements": [
          {
            "type": "rich_text_section",
            "elements": [
              {
                "type": "text",
                "text": "On a mac, here; couldn’t find a key-combo that would trigger the callback. Alt+b inserts ∫, and Cmd+b just put a b (since there were no handlers for that, I assume). For macOS, the I usually see keyboard-shortcuts in a menu somewhere."
              }
            ]
          }
        ]
      }
    ],
    "reactions": [
      {
        "name": "+1",
        "users": [
          "UDUMMY"
        ],
        "count": 1
      }
    ]
  }
]
