[
  {
    "client_msg_id": "5FD74A8B-A98B-424A-8D89-B4DA75889471",
    "type": "message",
    "text": "I use vim-sexp (custom fork), the sexp for humans thing from tpope, a custom form of vim-racket, and my simpl plugin (which recently got racket support). ",
    "user": "U01GH44F3GC",
    "ts": "1608128943.007200",
    "team": "T06V8J4SU",
    "user_team": "T06V8J4SU",
    "source_team": "T06V8J4SU",
    "user_profile": {
      "avatar_hash": "fa06fa2baaf2",
      "image_72": "https:////avatars.slack-edge.com//2020-12-07//1540536372007_fa06fa2baaf25c93bf33_72.jpg",
      "first_name": "D.",
      "real_name": "D. Ben Knoble",
      "display_name": "benknoble",
      "team": "T06V8J4SU",
      "name": "ben.knoble",
      "is_restricted": false,
      "is_ultra_restricted": false
    },
    "blocks": [
      {
        "type": "rich_text",
        "block_id": "A6Ye",
        "elements": [
          {
            "type": "rich_text_section",
            "elements": [
              {
                "type": "text",
                "text": "I use vim-sexp (custom fork), the sexp for humans thing from tpope, a custom form of vim-racket, and my simpl plugin (which recently got racket support). "
              }
            ]
          }
        ]
      }
    ]
  },
  {
    "client_msg_id": "588ACEDA-2738-4B42-904B-1CBA29A6C454",
    "type": "message",
    "text": "I don’t use mappings with alt keys :) theoretically it works in gvim or in terminal vim with some xterm `modifyOtherKeys` thing, but again, I don’t use them. For sexp, there’s tpope’s sexp mappings for humans which are far more “vim”",
    "user": "U01GH44F3GC",
    "ts": "1608158148.013000",
    "team": "T06V8J4SU",
    "user_team": "T06V8J4SU",
    "source_team": "T06V8J4SU",
    "user_profile": {
      "avatar_hash": "fa06fa2baaf2",
      "image_72": "https:////avatars.slack-edge.com//2020-12-07//1540536372007_fa06fa2baaf25c93bf33_72.jpg",
      "first_name": "D.",
      "real_name": "D. Ben Knoble",
      "display_name": "benknoble",
      "team": "T06V8J4SU",
      "name": "ben.knoble",
      "is_restricted": false,
      "is_ultra_restricted": false
    },
    "blocks": [
      {
        "type": "rich_text",
        "block_id": "1YghE",
        "elements": [
          {
            "type": "rich_text_section",
            "elements": [
              {
                "type": "text",
                "text": "I don’t use mappings with alt keys :) theoretically it works in gvim or in terminal vim with some xterm "
              },
              {
                "type": "text",
                "text": "modifyOtherKeys",
                "style": {
                  "code": true
                }
              },
              {
                "type": "text",
                "text": " thing, but again, I don’t use them. For sexp, there’s tpope’s sexp mappings for humans which are far more “vim”"
              }
            ]
          }
        ]
      }
    ],
    "thread_ts": "1608157648.010600",
    "parent_user_id": "UDUMMY"
  },
  {
    "client_msg_id": "D889C37B-BCAE-4E20-BD4F-E94AAC2A076F",
    "type": "message",
    "text": "And yeah, I moderate on <http:////vi.stackexchange.com|vi.stackexchange.com> (I wish the <http:////vi.se|vi.se> shortlink worked everywhere), but I have a long way to go to learn everything! Mostly I like the `:help` and I try to avoid plugins that do too much or don’t fit in well with what I feel like vim is, very personal, lol",
    "user": "U01GH44F3GC",
    "ts": "1608158242.015600",
    "team": "T06V8J4SU",
    "user_team": "T06V8J4SU",
    "source_team": "T06V8J4SU",
    "user_profile": {
      "avatar_hash": "fa06fa2baaf2",
      "image_72": "https:////avatars.slack-edge.com//2020-12-07//1540536372007_fa06fa2baaf25c93bf33_72.jpg",
      "first_name": "D.",
      "real_name": "D. Ben Knoble",
      "display_name": "benknoble",
      "team": "T06V8J4SU",
      "name": "ben.knoble",
      "is_restricted": false,
      "is_ultra_restricted": false
    },
    "blocks": [
      {
        "type": "rich_text",
        "block_id": "TbH",
        "elements": [
          {
            "type": "rich_text_section",
            "elements": [
              {
                "type": "text",
                "text": "And yeah, I moderate on "
              },
              {
                "type": "link",
                "url": "http:////vi.stackexchange.com",
                "text": "vi.stackexchange.com"
              },
              {
                "type": "text",
                "text": " (I wish the "
              },
              {
                "type": "link",
                "url": "http:////vi.se",
                "text": "vi.se"
              },
              {
                "type": "text",
                "text": " shortlink worked everywhere), but I have a long way to go to learn everything! Mostly I like the "
              },
              {
                "type": "text",
                "text": ":help",
                "style": {
                  "code": true
                }
              },
              {
                "type": "text",
                "text": " and I try to avoid plugins that do too much or don’t fit in well with what I feel like vim is, very personal, lol"
              }
            ]
          }
        ]
      }
    ],
    "thread_ts": "1608157648.010600",
    "parent_user_id": "UDUMMY"
  },
  {
    "client_msg_id": "F861F723-051A-49AC-9D26-7329D45FBB61",
    "type": "message",
    "text": "Yeah, on stackexchange sites stuff like `[<http:////vi.se|vi.se>]` gets a magic link in comments. ",
    "user": "U01GH44F3GC",
    "ts": "1608158358.017100",
    "team": "T06V8J4SU",
    "user_team": "T06V8J4SU",
    "source_team": "T06V8J4SU",
    "user_profile": {
      "avatar_hash": "fa06fa2baaf2",
      "image_72": "https:////avatars.slack-edge.com//2020-12-07//1540536372007_fa06fa2baaf25c93bf33_72.jpg",
      "first_name": "D.",
      "real_name": "D. Ben Knoble",
      "display_name": "benknoble",
      "team": "T06V8J4SU",
      "name": "ben.knoble",
      "is_restricted": false,
      "is_ultra_restricted": false
    },
    "blocks": [
      {
        "type": "rich_text",
        "block_id": "M//NvO",
        "elements": [
          {
            "type": "rich_text_section",
            "elements": [
              {
                "type": "text",
                "text": "Yeah, on stackexchange sites stuff like "
              },
              {
                "type": "text",
                "text": "[",
                "style": {
                  "code": true
                }
              },
              {
                "type": "link",
                "url": "http:////vi.se",
                "text": "vi.se",
                "style": {
                  "code": true
                }
              },
              {
                "type": "text",
                "text": "]",
                "style": {
                  "code": true
                }
              },
              {
                "type": "text",
                "text": " gets a magic link in comments. "
              }
            ]
          }
        ]
      }
    ],
    "thread_ts": "1608157648.010600",
    "parent_user_id": "UDUMMY"
  },
  {
    "client_msg_id": "834742F0-9FDA-499B-926E-2CAD6B57F1E9",
    "type": "message",
    "text": "It can be made to ^^ but again I don’t tend to use it",
    "user": "U01GH44F3GC",
    "ts": "1608158375.017700",
    "team": "T06V8J4SU",
    "user_team": "T06V8J4SU",
    "source_team": "T06V8J4SU",
    "user_profile": {
      "avatar_hash": "fa06fa2baaf2",
      "image_72": "https:////avatars.slack-edge.com//2020-12-07//1540536372007_fa06fa2baaf25c93bf33_72.jpg",
      "first_name": "D.",
      "real_name": "D. Ben Knoble",
      "display_name": "benknoble",
      "team": "T06V8J4SU",
      "name": "ben.knoble",
      "is_restricted": false,
      "is_ultra_restricted": false
    },
    "blocks": [
      {
        "type": "rich_text",
        "block_id": "5+I=f",
        "elements": [
          {
            "type": "rich_text_section",
            "elements": [
              {
                "type": "text",
                "text": "It can be made to ^^ but again I don’t tend to use it"
              }
            ]
          }
        ]
      }
    ],
    "thread_ts": "1608157648.010600",
    "parent_user_id": "UDUMMY",
    "reactions": [
      {
        "name": "+1",
        "users": [
          "UDUMMY"
        ],
        "count": 1
      }
    ]
  },
  {
    "client_msg_id": "EA82F2C1-094E-444E-8C0A-13E519E0E150",
    "type": "message",
    "text": "With Caps Lock as a Ctrl key and Space as my leader, I use those more often",
    "user": "U01GH44F3GC",
    "ts": "1608158394.018500",
    "team": "T06V8J4SU",
    "user_team": "T06V8J4SU",
    "source_team": "T06V8J4SU",
    "user_profile": {
      "avatar_hash": "fa06fa2baaf2",
      "image_72": "https:////avatars.slack-edge.com//2020-12-07//1540536372007_fa06fa2baaf25c93bf33_72.jpg",
      "first_name": "D.",
      "real_name": "D. Ben Knoble",
      "display_name": "benknoble",
      "team": "T06V8J4SU",
      "name": "ben.knoble",
      "is_restricted": false,
      "is_ultra_restricted": false
    },
    "blocks": [
      {
        "type": "rich_text",
        "block_id": "ZYlL",
        "elements": [
          {
            "type": "rich_text_section",
            "elements": [
              {
                "type": "text",
                "text": "With Caps Lock as a Ctrl key and Space as my leader, I use those more often"
              }
            ]
          }
        ]
      }
    ],
    "thread_ts": "1608157648.010600",
    "parent_user_id": "UDUMMY"
  },
  {
    "client_msg_id": "FD4D50FE-2B48-469F-A451-928392924D62",
    "type": "message",
    "text": "Ive heard about it so many times. Ive also heard you have to spend a fair amount of time making plugins work with it? And I’m not quite ready to port my _very_ large vim config to emacs",
    "user": "U01GH44F3GC",
    "ts": "1608158639.020900",
    "team": "T06V8J4SU",
    "user_team": "T06V8J4SU",
    "source_team": "T06V8J4SU",
    "user_profile": {
      "avatar_hash": "fa06fa2baaf2",
      "image_72": "https:////avatars.slack-edge.com//2020-12-07//1540536372007_fa06fa2baaf25c93bf33_72.jpg",
      "first_name": "D.",
      "real_name": "D. Ben Knoble",
      "display_name": "benknoble",
      "team": "T06V8J4SU",
      "name": "ben.knoble",
      "is_restricted": false,
      "is_ultra_restricted": false
    },
    "blocks": [
      {
        "type": "rich_text",
        "block_id": "p11",
        "elements": [
          {
            "type": "rich_text_section",
            "elements": [
              {
                "type": "text",
                "text": "Ive heard about it so many times. Ive also heard you have to spend a fair amount of time making plugins work with it? And I’m not quite ready to port my "
              },
              {
                "type": "text",
                "text": "very",
                "style": {
                  "italic": true
                }
              },
              {
                "type": "text",
                "text": " large vim config to emacs"
              }
            ]
          }
        ]
      }
    ],
    "thread_ts": "1608157648.010600",
    "parent_user_id": "UDUMMY"
  },
  {
    "client_msg_id": "B62EE2AC-9807-4602-8150-DD7417E53A50",
    "type": "message",
    "text": "Simpl supports the racket filetype; you would need to write support for other filetypes (vim-racket purports to support setting filetype based on `#lang`s, but so far my fork does a bit better). It’s not hard to add extra support, though. Tbh my fork is a work in progress, and I’m not writing enough racket to make all the changes I need to make rn (ie they arent a priority). ",
    "user": "U01GH44F3GC",
    "ts": "1608173479.026500",
    "team": "T06V8J4SU",
    "user_team": "T06V8J4SU",
    "source_team": "T06V8J4SU",
    "user_profile": {
      "avatar_hash": "fa06fa2baaf2",
      "image_72": "https:////avatars.slack-edge.com//2020-12-07//1540536372007_fa06fa2baaf25c93bf33_72.jpg",
      "first_name": "D.",
      "real_name": "D. Ben Knoble",
      "display_name": "benknoble",
      "team": "T06V8J4SU",
      "name": "ben.knoble",
      "is_restricted": false,
      "is_ultra_restricted": false
    },
    "blocks": [
      {
        "type": "rich_text",
        "block_id": "7Jzvi",
        "elements": [
          {
            "type": "rich_text_section",
            "elements": [
              {
                "type": "text",
                "text": "Simpl supports the racket filetype; you would need to write support for other filetypes (vim-racket purports to support setting filetype based on "
              },
              {
                "type": "text",
                "text": "#lang",
                "style": {
                  "code": true
                }
              },
              {
                "type": "text",
                "text": "s, but so far my fork does a bit better). It’s not hard to add extra support, though. Tbh my fork is a work in progress, and I’m not writing enough racket to make all the changes I need to make rn (ie they arent a priority). "
              }
            ]
          }
        ]
      }
    ],
    "thread_ts": "1608172159.022700",
    "parent_user_id": "UDUMMY"
  },
  {
    "client_msg_id": "687AB2BC-0792-4CB0-82A0-B0C28BEFCD75",
    "type": "message",
    "text": "I presume one could use `racket -l ... -i` or whatever the right command is for other langs",
    "user": "U01GH44F3GC",
    "ts": "1608173519.027600",
    "team": "T06V8J4SU",
    "user_team": "T06V8J4SU",
    "source_team": "T06V8J4SU",
    "user_profile": {
      "avatar_hash": "fa06fa2baaf2",
      "image_72": "https:////avatars.slack-edge.com//2020-12-07//1540536372007_fa06fa2baaf25c93bf33_72.jpg",
      "first_name": "D.",
      "real_name": "D. Ben Knoble",
      "display_name": "benknoble",
      "team": "T06V8J4SU",
      "name": "ben.knoble",
      "is_restricted": false,
      "is_ultra_restricted": false
    },
    "blocks": [
      {
        "type": "rich_text",
        "block_id": "ZcmI",
        "elements": [
          {
            "type": "rich_text_section",
            "elements": [
              {
                "type": "text",
                "text": "I presume one could use "
              },
              {
                "type": "text",
                "text": "racket -l ... -i",
                "style": {
                  "code": true
                }
              },
              {
                "type": "text",
                "text": " or whatever the right command is for other langs"
              }
            ]
          }
        ]
      }
    ],
    "thread_ts": "1608172159.022700",
    "parent_user_id": "UDUMMY"
  }
]
