[
  {
    "type": "message",
    "subtype": "thread_broadcast",
    "text": "More on the alt key; there are other posts on the topic, but I happened to see this one and remembered our discussion. <https:////vi.stackexchange.com//q//26500//10604>",
    "user": "U01GH44F3GC",
    "ts": "1608227706.032100",
    "thread_ts": "1608157648.010600",
    "root": {
      "client_msg_id": "b27f202e-7a82-4d51-9034-fd94134a33a4",
      "type": "message",
      "text": "<@U01GH44F3GC> Do you have a good solution for making the Alt (Meta) key work in Vim?",
      "user": "UDUMMY",
      "ts": "1608157648.010600",
      "team": "T06V8J4SU",
      "blocks": [
        {
          "type": "rich_text",
          "block_id": "+E8",
          "elements": [
            {
              "type": "rich_text_section",
              "elements": [
                {
                  "type": "user",
                  "user_id": "U01GH44F3GC"
                },
                {
                  "type": "text",
                  "text": " Do you have a good solution for making the Alt (Meta) key work in Vim?"
                }
              ]
            }
          ]
        }
      ],
      "thread_ts": "1608157648.010600",
      "reply_count": 17,
      "reply_users_count": 3,
      "latest_reply": "1608227706.032100",
      "reply_users": [
        "U01GH44F3GC",
        "UDUMMY",
        "UDUMMY"
      ],
      "subscribed": false
    },
    "attachments": [
      {
        "service_name": "Vi and Vim Stack Exchange",
        "title": "Conflict between system compose key and insert mode meta key mappings",
        "title_link": "https:////vi.stackexchange.com//q//26500//10604",
        "text": "I use the right alt key as a compose key on my system, to easily draw diacritics and accent characters. In Vim, I unlock alt key mappings with this (from stackoverflow): &amp;quot; Allow &lt;alt&gt; key",
        "fallback": "Vi and Vim Stack Exchange: Conflict between system compose key and insert mode meta key mappings",
        "thumb_url": "https:////cdn.sstatic.net//Sites//vi//Img//apple-touch-icon@2.png?v=af57295b1ad9",
        "from_url": "https:////vi.stackexchange.com//q//26500//10604",
        "thumb_width": 316,
        "thumb_height": 316,
        "service_icon": "https:////cdn.sstatic.net//Sites//vi//Img//apple-touch-icon.png?v=1f04b3f6e8f4",
        "id": 1,
        "original_url": "https:////vi.stackexchange.com//q//26500//10604"
      }
    ],
    "blocks": [
      {
        "type": "rich_text",
        "block_id": "=Js",
        "elements": [
          {
            "type": "rich_text_section",
            "elements": [
              {
                "type": "text",
                "text": "More on the alt key; there are other posts on the topic, but I happened to see this one and remembered our discussion. "
              },
              {
                "type": "link",
                "url": "https:////vi.stackexchange.com//q//26500//10604"
              }
            ]
          }
        ]
      }
    ],
    "client_msg_id": "4225920a-b2c2-4467-bec5-ad51a13869c7",
    "reactions": [
      {
        "name": "+1",
        "users": [
          "UDUMMY"
        ],
        "count": 1
      }
    ]
  }
]
