[
  {
    "type": "message",
    "subtype": "channel_join",
    "ts": "1607350263.001600",
    "user": "U01GH44F3GC",
    "text": "<@U01GH44F3GC> has joined the channel"
  },
  {
    "client_msg_id": "E4B65FFD-19C6-4E15-A9B4-8C6E2EB88205",
    "type": "message",
    "text": "Anyone know a decent scribble syntax plugin ? The Vimscripts one linked from the racket\/vim page is not working as well as I would like. ",
    "user": "U01GH44F3GC",
    "ts": "1607350368.003200",
    "team": "T06V8J4SU",
    "user_team": "T06V8J4SU",
    "source_team": "T06V8J4SU",
    "user_profile": {
      "avatar_hash": "fa06fa2baaf2",
      "image_72": "https:\/\/avatars.slack-edge.com\/2020-12-07\/1540536372007_fa06fa2baaf25c93bf33_72.jpg",
      "first_name": "D.",
      "real_name": "D. Ben Knoble",
      "display_name": "benknoble",
      "team": "T06V8J4SU",
      "name": "ben.knoble",
      "is_restricted": false,
      "is_ultra_restricted": false
    },
    "blocks": [
      {
        "type": "rich_text",
        "block_id": "svu",
        "elements": [
          {
            "type": "rich_text_section",
            "elements": [
              {
                "type": "text",
                "text": "Anyone know a decent scribble syntax plugin ? The Vimscripts one linked from the racket\/vim page is not working as well as I would like. "
              }
            ]
          }
        ]
      }
    ]
  }
]
